/remote/gpu01a/pietschke/EoRFlow/venv_flow/lib/python3.11/site-packages/py21cmfast/_cfg.py:57: UserWarning: Your configuration file is out of date. Updating...
  warnings.warn(
/remote/gpu01a/pietschke/EoRFlow/venv_flow/lib/python3.11/site-packages/py21cmfast/_cfg.py:41: UserWarning: Your configuration file is out of date. Updating...
  warnings.warn("Your configuration file is out of date. Updating...")
/remote/gpu01a/pietschke/EoRFlow/venv_flow/lib/python3.11/site-packages/powerbox/tools.py:261: FutureWarning: In the future, bins will be generated by default up to the smallest length over any dimension, instead of the largest magnitude for the box.Set bins_upto_boxlen to silence this warning.
  bins = _getbins(bins, coord_mags, log_bins, bins_upto_boxlen=bins_upto_boxlen)
/remote/gpu01a/pietschke/EoRFlow/venv_flow/lib/python3.11/site-packages/powerbox/tools.py:261: FutureWarning: In the future, bins will be generated by default up to the smallest length over any dimension, instead of the largest magnitude for the box.Set bins_upto_boxlen to silence this warning.
  bins = _getbins(bins, coord_mags, log_bins, bins_upto_boxlen=bins_upto_boxlen)
/remote/gpu01a/pietschke/EoRFlow/venv_flow/lib/python3.11/site-packages/powerbox/tools.py:261: FutureWarning: In the future, bins will be generated by default up to the smallest length over any dimension, instead of the largest magnitude for the box.Set bins_upto_boxlen to silence this warning.
  bins = _getbins(bins, coord_mags, log_bins, bins_upto_boxlen=bins_upto_boxlen)
/remote/gpu01a/pietschke/EoRFlow/venv_flow/lib/python3.11/site-packages/powerbox/tools.py:261: FutureWarning: In the future, bins will be generated by default up to the smallest length over any dimension, instead of the largest magnitude for the box.Set bins_upto_boxlen to silence this warning.
  bins = _getbins(bins, coord_mags, log_bins, bins_upto_boxlen=bins_upto_boxlen)
Processed /remote/gpu01a/heneka/21cmlightcones/pure_simulations/run1741.npz with power spectra shape: (30, 10, 10)
Processed /remote/gpu01a/heneka/21cmlightcones/pure_simulations/run1741.npz with redshifts shape: [ 5.17782682  5.49860167  5.99845881  6.49858395  7.00027631  7.49925271
  8.00055536  8.49791483  9.00017915  9.49731689 10.00162731 10.49704735
 10.99863566 11.49649171 12.00226915 12.49754222 13.00400438 13.50225888
 13.99821556 14.49950237 15.00478205 15.50128407 15.99764887 16.50443699
 16.99562422 17.49440423 18.00028346 18.49819703 19.00089606 19.50766692]
Processed /remote/gpu01a/heneka/21cmlightcones/pure_simulations/run3976.npz with power spectra shape: (30, 10, 10)
Processed /remote/gpu01a/heneka/21cmlightcones/pure_simulations/run3976.npz with redshifts shape: [ 5.15789808  5.50015523  6.00025766  6.50083725  6.99866538  7.49894396
  7.99870191  8.49969183  9.00082858  9.50172101  9.99734227 10.49961136
 10.99965183 11.49988198 11.99692274 12.50191217 12.99766102 13.49642855
 13.99625222 14.50411457 14.99986854 15.4997365  16.00242773 16.49557554
 16.73905875 16.73905875 16.73905875 16.73905875 16.73905875 16.73905875]
Processed /remote/gpu01a/heneka/21cmlightcones/pure_simulations/run3369.npz with power spectra shape: (30, 10, 10)
Processed /remote/gpu01a/heneka/21cmlightcones/pure_simulations/run3369.npz with redshifts shape: [ 5.16815265  5.49951849  6.00079204  6.49914941  7.00148997  7.5001563
  7.9991922   8.50119283  9.0007698   9.5026596  10.00242638 10.50131747
 11.00171395 11.50020172 12.00047878 12.49974258 13.00326107 13.5002505
 13.99639957 14.4990167  14.99673332 15.49746868 15.99975974 16.50201775
 17.00253203 17.49947496 18.00410605 18.50222432 18.50222432 18.50222432]
Processed /remote/gpu01a/heneka/21cmlightcones/pure_simulations/run3055.npz with power spectra shape: (30, 10, 10)
Processed /remote/gpu01a/heneka/21cmlightcones/pure_simulations/run3055.npz with redshifts shape: [ 5.19228887  5.50139284  5.99983082  6.50103709  6.99979599  7.499964
  7.99906631  8.50057108  8.99893357  9.5002642  10.00029174 10.50131719
 10.99945405 11.4984454  12.00359135 12.50381392 12.99529628 13.50406418
 13.99874156 14.49695927 14.99713126 15.49752439 15.99626304 16.50465414
 16.99448294 17.5051885  17.99270354 18.49976726 18.99485374 19.49217005]
Processed /remote/gpu01a/heneka/21cmlightcones/pure_simulations/run4452.npz with power spectra shape: (30, 10, 10)
Processed /remote/gpu01a/heneka/21cmlightcones/pure_simulations/run4452.npz with redshifts shape: [ 5.19103333  5.50099929  5.9993745   6.50086531  7.00033997  7.50167789
  7.99758178  8.50089337  9.00166308  9.49985023 10.0031065  10.50098665
 11.00330081 11.49921649 12.00105465 12.49781296 13.00463898 13.50056267
 14.0022881  14.49739129 14.99428184 15.50335365 15.99906952 16.5042368
 17.00462996 17.4980134  17.99700442 18.50090825 18.99278771 19.50354398]
Processed /remote/gpu01a/heneka/21cmlightcones/pure_simulations/run585.npz with power spectra shape: (30, 10, 10)
Processed /remote/gpu01a/heneka/21cmlightcones/pure_simulations/run585.npz with redshifts shape: [ 5.19116979  5.50137069  6.00015786  6.49838399  6.99797587  7.49945765
  8.00041339  8.49903542  9.00002318  9.49845047 10.00197249 10.50013778
 11.00276137 11.49900391 12.0011938  12.49832052 12.99606706 13.5018743
 14.00403154 14.49957972 14.99693547 15.49437715 16.00271951 16.49516783
 16.99552899 17.50328352 18.0028486  18.50734935 18.99982801 19.49442134]
Processed /remote/gpu01a/heneka/21cmlightcones/pure_simulations/run1901.npz with power spectra shape: (30, 10, 10)
Processed /remote/gpu01a/heneka/21cmlightcones/pure_simulations/run1901.npz with redshifts shape: [ 5.16249818  5.4999594   6.00090579  6.50087474  6.9998159   7.50004764
  7.99834936  8.5008794   8.99771216  9.49770277 10.00229554 10.50195473
 10.9979244  11.49940071 11.99683383 12.50161904 12.99600512 13.50104392
 13.99810078 14.50236605 15.00290759 15.4971171  16.00380479 16.5003575
 16.99547727 17.4996824  17.4996824  17.4996824  17.4996824  17.4996824 ]
Processed /remote/gpu01a/heneka/21cmlightcones/pure_simulations/run636.npz with power spectra shape: (30, 10, 10)
Processed /remote/gpu01a/heneka/21cmlightcones/pure_simulations/run636.npz with redshifts shape: [ 5.19057896  5.49976273  6.00011168  6.50044905  6.99865578  7.4986052
  7.99789274  8.50000135  8.99947898  9.50242423  9.99806329 10.50142036
 11.00254498 11.49721277 11.99771513 12.50202251 12.9984141  13.50276378
 14.00339525 14.49736183 15.00459687 15.50084449 15.99525612 16.49903962
 16.9980086  17.5042866  18.0023376  18.50524838 18.99611662 19.50577898]
Processed /remote/gpu01a/heneka/21cmlightcones/pure_simulations/run3619.npz with power spectra shape: (30, 10, 10)
Processed /remote/gpu01a/heneka/21cmlightcones/pure_simulations/run3619.npz with redshifts shape: [ 5.2080958   5.50161985  5.9986645   6.50181286  6.99833295  7.50161175
  8.00046229  8.49823055  9.00097733  9.4976991  10.00357004 10.50073142
 10.99959023 11.49679911 11.99787553 12.50039791 13.00168437 13.49880402
 14.00001365 14.50364606 14.99528107 15.49750892 15.99619014 16.50343726
 17.00366784 17.49434421 18.00538027 18.5039831  19.00487701 19.5070585 ]
Processed /remote/gpu01a/heneka/21cmlightcones/pure_simulations/run4640.npz with power spectra shape: (30, 10, 10)
Processed /remote/gpu01a/heneka/21cmlightcones/pure_simulations/run4640.npz with redshifts shape: [ 5.16365393  5.50108252  6.00010622  6.50049294  6.99956547  7.49961522
  8.0015479   8.49895715  8.99928444  9.49778516 10.00042103 10.49755766
 10.99686073 11.50192932 12.00314163 12.49658859 13.00240995 13.50290511
 14.00366777 14.50240819 14.99665368 15.50454098 16.00436399 16.50453173
 17.00340888 17.49924539 17.69832294 17.69832294 17.69832294 17.69832294]
Processed /remote/gpu01a/heneka/21cmlightcones/pure_simulations/run2652.npz with power spectra shape: (30, 10, 10)
Processed /remote/gpu01a/heneka/21cmlightcones/pure_simulations/run2652.npz with redshifts shape: [ 5.16374135  5.4987798   6.00069492  6.5014233   7.00086646  7.50131656
  7.99948617  8.50154185  9.00235147  9.50135869  9.99886867 10.50222181
 11.00210583 11.50092653 12.00235237 12.50371843 13.00208941 13.50284043
 14.00387272 14.50289506 14.99743313 15.49523409 15.99490219 16.49492029
 17.00550484 17.50169781 17.71348009 17.71348009 17.71348009 17.71348009]
Processed /remote/gpu01a/heneka/21cmlightcones/pure_simulations/run162.npz with power spectra shape: (30, 10, 10)
Processed /remote/gpu01a/heneka/21cmlightcones/pure_simulations/run162.npz with redshifts shape: [ 5.18727056  5.49959158  6.00078529  6.49950144  7.00072361  7.5007114
  8.00084063  8.49943336  9.00118338  9.50134792 10.00104282 10.50259259
 11.00228982 11.50385775 11.99591815 12.50001046 12.99682259 13.50198873
 14.00406983 14.50020167 14.99866469 15.49780458 15.99582819 16.5037835
 16.99421693 17.50558143 17.9949754  18.50407095 19.00217804 19.50316986]
Processed /remote/gpu01a/heneka/21cmlightcones/pure_simulations/run3947.npz with power spectra shape: (30, 10, 10)
Processed /remote/gpu01a/heneka/21cmlightcones/pure_simulations/run3947.npz with redshifts shape: [ 5.15915798  5.49929302  6.00064911  6.49921682  7.00101011  7.49817126
  8.00199461  8.49856294  8.9989719   9.49871626  9.99819819 10.49877258
 11.00286207 11.50073016 12.00189262 12.49634263 13.00373032 13.49857098
 14.00258498 14.49649775 14.99591671 15.49966369 15.99586476 16.50377058
 16.94273777 16.94273777 16.94273777 16.94273777 16.94273777 16.94273777]
Processed /remote/gpu01a/heneka/21cmlightcones/pure_simulations/run773.npz with power spectra shape: (30, 10, 10)
Processed /remote/gpu01a/heneka/21cmlightcones/pure_simulations/run773.npz with redshifts shape: [ 5.16702011  5.50128116  5.99924856  6.50046577  6.99943011  7.4983492
  7.99802332  8.50106947  9.00217339  9.50068902 10.00262736 10.49808246
 11.0013866  11.50340756 12.00042997 12.49625414 12.99611323 13.49803788
 13.99985619 14.49919979 15.00364134 15.50127269 16.00030064 16.49914823
 16.99611935 17.50199495 18.00328536 18.2951192  18.2951192  18.2951192 ]
Processed /remote/gpu01a/heneka/21cmlightcones/pure_simulations/run2428.npz with power spectra shape: (30, 10, 10)
Processed /remote/gpu01a/heneka/21cmlightcones/pure_simulations/run2428.npz with redshifts shape: [ 5.18554194  5.50064001  6.00041892  6.50155633  6.99820675  7.50190743
  8.00213523  8.50125062  8.99839302  9.49959155 10.00084803 10.49765455
 10.99962    11.49630168 11.99974066 12.49932263 13.0006341  13.5012725
 13.99861644 14.50055142 15.00561462 15.50041916 15.99391484 16.49704688
 16.99603345 17.5027118  18.00198446 18.50662549 19.0002013  19.49646517]
Processed /remote/gpu01a/heneka/21cmlightcones/pure_simulations/run16.npz with power spectra shape: (30, 10, 10)
Processed /remote/gpu01a/heneka/21cmlightcones/pure_simulations/run16.npz with redshifts shape: [ 5.18303392  5.49937088  5.99842779  6.49946518  7.00073991  7.50195317
  7.99990297  8.50204513  8.99783133  9.49793627  9.99845777 10.50174663
 10.99705212 11.50203528 11.99888724 12.50014026 13.00368466 13.49761421
 13.99801091 14.50361025 15.00190599 15.50138264 16.00031839 16.49685969
 17.00225852 17.50228468 17.99473393 18.50713785 18.9940138  19.49937801]
Processed /remote/gpu01a/heneka/21cmlightcones/pure_simulations/run3588.npz with power spectra shape: (30, 10, 10)
Processed /remote/gpu01a/heneka/21cmlightcones/pure_simulations/run3588.npz with redshifts shape: [ 5.20702781  5.49895419  6.00030894  6.50097323  6.99921671  7.49992676
  8.00128788  8.5022419   9.00267352  9.49692344 10.00009335 10.50205231
 10.99839745 11.501588   12.00034793 12.50040373 12.99908922 13.50429554
 14.00319482 14.50438112 15.00603358 15.50617431 16.00267516 16.49326751
 17.00542542 17.49364669 18.00202093 18.49792532 18.99600872 19.49527404]
Processed /remote/gpu01a/heneka/21cmlightcones/pure_simulations/run2449.npz with power spectra shape: (30, 10, 10)
Processed /remote/gpu01a/heneka/21cmlightcones/pure_simulations/run2449.npz with redshifts shape: [ 5.15584474  5.50075203  5.99963647  6.4994545   7.0004541   7.50147351
  7.99870631  8.50160238  9.00082319  9.50001404  9.9996399  10.50109639
 11.00068137 11.50081606 11.99819669 12.49652448 13.00083614 13.50128714
 14.00329434 14.49575015 15.00342102 15.49682468 16.00307293 16.41432529
 16.41432529 16.41432529 16.41432529 16.41432529 16.41432529 16.41432529]
Processed /remote/gpu01a/heneka/21cmlightcones/pure_simulations/run572.npz with power spectra shape: (30, 10, 10)
Processed /remote/gpu01a/heneka/21cmlightcones/pure_simulations/run572.npz with redshifts shape: [ 5.17026889  5.50069479  5.99967797  6.5011073   6.99923559  7.50018307
  8.00135545  8.50060863  9.00151568  9.49898305  9.9990618  10.49787451
 10.99779459 11.50245829 12.00175217 12.49951036 13.00103397 13.50428185
 13.99763257 14.49691038 15.00089554 15.49742282 15.99482557 16.50327709
 16.99791038 17.50099633 17.99875577 18.50300474 18.89808739 18.89808739]
Processed /remote/gpu01a/heneka/21cmlightcones/pure_simulations/run2693.npz with power spectra shape: (30, 10, 10)
Processed /remote/gpu01a/heneka/21cmlightcones/pure_simulations/run2693.npz with redshifts shape: [ 5.20780289  5.50088863  6.00076714  6.49937589  6.99937678  7.5020276
  8.0001955   8.4972247   8.99916786  9.50172111  9.99999217 10.49619736
 11.00220666 11.49886975 11.99935715 12.50125016 13.00187107 13.49829393
 13.99876476 14.50161874 15.00502822 15.49384199 16.00541568 16.49797411
 16.99726132 17.50260613 17.99698788 18.4945548  18.99437647 19.49545235]
Processed /remote/gpu01a/heneka/21cmlightcones/pure_simulations/run1277.npz with power spectra shape: (30, 10, 10)
Processed /remote/gpu01a/heneka/21cmlightcones/pure_simulations/run1277.npz with redshifts shape: [ 5.19735274  5.49957969  6.00100258  6.50061714  7.00019503  7.50007337
  7.99756612  8.50155707  9.00163172  9.49761395  9.99727521 10.4969871
 11.00043797 11.4963627  11.99739874 12.50136651 12.9960582  13.49782711
 14.00536265 14.49440141 14.99581205 15.49693706 15.99581609 16.50401482
 17.00681159 17.50185848 18.00215388 18.50694804 18.99871107 19.49199917]
Processed /remote/gpu01a/heneka/21cmlightcones/pure_simulations/run122.npz with power spectra shape: (30, 10, 10)
Processed /remote/gpu01a/heneka/21cmlightcones/pure_simulations/run122.npz with redshifts shape: [ 5.1584468   5.49946722  6.00130012  6.50071103  7.00032475  7.4988403
  8.00038974  8.49892553  9.00180177  9.49945473 10.00216696 10.50071094
 11.00261178 11.4981794  11.99689003 12.50367762 13.00128925 13.50202693
 14.00391991 14.49564579 15.00235493 15.50411227 15.99825657 16.5039592
 16.82734668 16.82734668 16.82734668 16.82734668 16.82734668 16.82734668]
Processed /remote/gpu01a/heneka/21cmlightcones/pure_simulations/run3264.npz with power spectra shape: (30, 10, 10)
Processed /remote/gpu01a/heneka/21cmlightcones/pure_simulations/run3264.npz with redshifts shape: [ 5.18418286  5.49972917  5.99884177  6.49959483  7.00018569  7.50026778
  8.00128686  8.50167976  9.00063214  9.49823697 10.00199809 10.50196208
 11.00045666 11.50118403 12.00116241 12.49710351 13.00369044 13.50076938
 14.00452048 14.50302541 15.00446185 15.49554607 15.99738181 16.4969434
 17.00555199 17.49500629 18.00472106 18.5057449  18.99564639 19.50426903]
Processed /remote/gpu01a/heneka/21cmlightcones/pure_simulations/run40.npz with power spectra shape: (30, 10, 10)
Processed /remote/gpu01a/heneka/21cmlightcones/pure_simulations/run40.npz with redshifts shape: [ 5.1903393   5.4991106   5.99873168  6.4982689   6.99968696  7.49908644
  7.99777108  8.49922092  8.9979925   9.50017708 10.00158801 10.49751846
 10.9977432  11.49943324 11.99943002 12.50319349 12.99901664 13.50275584
 14.00274891 14.49605479 15.00257993 15.49810229 16.00438665 16.49474975
 17.00665912 17.4983204  17.99549823 18.49749901 19.00356366 19.49613658]
Processed /remote/gpu01a/heneka/21cmlightcones/pure_simulations/run4164.npz with power spectra shape: (30, 10, 10)
Processed /remote/gpu01a/heneka/21cmlightcones/pure_simulations/run4164.npz with redshifts shape: [ 5.17669794  5.50087457  6.0008072   6.50133715  7.00001103  7.49983916
  7.99791138  8.50159785  9.00087649  9.50051874 10.00177719 10.50051079
 10.9990696  11.50111673 12.00389834 12.49606035 12.99916353 13.50317872
 13.99598293 14.50413594 14.99567574 15.49976833 16.00460214 16.4961882
 16.99664616 17.50558569 17.99481303 18.50373133 19.00342389 19.50704503]
Processed /remote/gpu01a/heneka/21cmlightcones/pure_simulations/run986.npz with power spectra shape: (30, 10, 10)
Processed /remote/gpu01a/heneka/21cmlightcones/pure_simulations/run986.npz with redshifts shape: [ 5.18583759  5.49854533  5.99890526  6.50070452  6.99808667  7.49824152
  7.99896228  8.49862773  9.00193727  9.49823791 10.00021372 10.49778564
 11.0005763  11.49812488 12.00249251 12.50304481 12.99616322 13.49736932
 13.995314   14.49789227 15.00363924 15.49914896 16.00571272 16.49730014
 16.99710039 17.50463909 18.00479285 18.49520081 19.00486787 19.50210303]
Processed /remote/gpu01a/heneka/21cmlightcones/pure_simulations/run2709.npz with power spectra shape: (30, 10, 10)
Processed /remote/gpu01a/heneka/21cmlightcones/pure_simulations/run2709.npz with redshifts shape: [ 5.19461729  5.49851408  5.99944859  6.49931273  6.99995687  7.50181139
  8.00231803  8.49954363  8.9981838   9.49940293  9.99883602 10.49876953
 11.00288391 11.50010437 12.00293835 12.50013829 12.99745125 13.50241405
 14.00306968 14.49637408 15.00264037 15.49707405 16.00188766 16.50325617
 16.99900117 17.50147071 17.99477568 18.49224323 18.99306414 19.49636307]
Processed /remote/gpu01a/heneka/21cmlightcones/pure_simulations/run3866.npz with power spectra shape: (30, 10, 10)
Processed /remote/gpu01a/heneka/21cmlightcones/pure_simulations/run3866.npz with redshifts shape: [ 5.1787044   5.50115954  6.0007351   6.50018434  7.00076758  7.49813785
  8.00189261  8.50189215  9.00167093  9.50144041 10.0024276  10.50040544
 10.99771438 11.49802203 11.99850871 12.4960545  12.99611384 13.49644275
 14.00441419 14.49819879 14.99511363 15.50498562 16.00400107 16.50121143
 16.9947126  17.49594264 18.00440885 18.5049676  18.99528942 19.50436712]
Processed /remote/gpu01a/heneka/21cmlightcones/pure_simulations/run3869.npz with power spectra shape: (30, 10, 10)
Processed /remote/gpu01a/heneka/21cmlightcones/pure_simulations/run3869.npz with redshifts shape: [ 5.16730393  5.49953094  6.00111875  6.50016098  6.99997413  7.49982299
  8.00050703  8.50000246  9.00189913  9.50126651  9.99834042 10.50054641
 10.99830226 11.50100179 11.99874357 12.50319239 12.99600679 13.49879631
 14.00152405 14.50181636 14.9971126  15.49529642 15.99491219 16.49438113
 17.00411022 17.49857654 18.00058997 18.3467246  18.3467246  18.3467246 ]
Processed /remote/gpu01a/heneka/21cmlightcones/pure_simulations/run4961.npz with power spectra shape: (30, 10, 10)
Processed /remote/gpu01a/heneka/21cmlightcones/pure_simulations/run4961.npz with redshifts shape: [ 5.21604013  5.50110406  5.99875739  6.50072681  6.99814059  7.50087528
  8.00262292  8.502069    8.99889439  9.50089139  9.99686007 10.49691903
 10.9978829  11.49618692 11.99746549 12.49912019 12.99828454 13.50310306
 14.00011876 14.49821393 14.99541413 15.50325868 16.00703663 16.50432998
 16.99258646 17.50158123 17.99865825 18.49847663 19.00003488 19.50225821]
Processed /remote/gpu01a/heneka/21cmlightcones/pure_simulations/run3591.npz with power spectra shape: (30, 10, 10)
Processed /remote/gpu01a/heneka/21cmlightcones/pure_simulations/run3591.npz with redshifts shape: [ 5.15346665  5.50005055  5.9990277   6.49981997  6.99949623  7.49969959
  8.00069205  8.50006331  9.00048068  9.50167176  9.99885295 10.49803795
 11.00166264 11.50043611 11.99681125 12.50167665 12.99838494 13.49891053
 14.00140345 14.50383043 15.00398023 15.49947233 15.99796116 16.04905068
 16.04905068 16.04905068 16.04905068 16.04905068 16.04905068 16.04905068]
Processed /remote/gpu01a/heneka/21cmlightcones/pure_simulations/run665.npz with power spectra shape: (30, 10, 10)
Processed /remote/gpu01a/heneka/21cmlightcones/pure_simulations/run665.npz with redshifts shape: [ 5.19747966  5.49991269  6.0017084   6.50173145  7.00175322  7.50211024
  8.00011258  8.49918086  8.99939477  9.5018885  10.00218641 10.50256435
 10.99894897 11.50335765 11.99639135 12.5006287  12.99560171 13.49767261
 13.99467924 14.49489487 14.99665544 15.49814552 15.99740348 16.50600342
 16.99494234 17.50467922 18.00541345 18.4945719  19.00288718 19.49664941]
Processed /remote/gpu01a/heneka/21cmlightcones/pure_simulations/run4837.npz with power spectra shape: (30, 10, 10)
Processed /remote/gpu01a/heneka/21cmlightcones/pure_simulations/run4837.npz with redshifts shape: [ 5.17747989  5.50038427  5.99943646  6.49865589  6.99934256  7.501393
  8.00187789  8.49834887  8.99964009  9.50145932  9.99892832 10.49972603
 11.00049023 11.49747057 12.00230056 12.49659061 13.00199229 13.49914966
 14.00372498 14.50429675 14.99805114 15.50452055 16.00005147 16.50594647
 16.99622842 17.49404983 17.99891692 18.49579557 18.99741135 19.50305142]
Processed /remote/gpu01a/heneka/21cmlightcones/pure_simulations/run4210.npz with power spectra shape: (30, 10, 10)
Processed /remote/gpu01a/heneka/21cmlightcones/pure_simulations/run4210.npz with redshifts shape: [ 5.21334917  5.50133806  6.00009366  6.49991082  6.99999919  7.50148371
  8.00233248  8.50130141  8.99812698  9.50055395  9.99756679 10.49920492
 11.00236607 11.50356905 11.99897411 12.50439689 12.99757682 13.496014
 13.99812938 14.50217499 15.00623534 15.49472067 16.00593289 16.49696131
 16.99419124 17.49689575 18.00427404 18.49807941 18.99337046 19.50779979]
Processed /remote/gpu01a/heneka/21cmlightcones/pure_simulations/run176.npz with power spectra shape: (30, 10, 10)
Processed /remote/gpu01a/heneka/21cmlightcones/pure_simulations/run176.npz with redshifts shape: [ 5.16249235  5.4999408   6.00086632  6.50081237  6.99972862  7.4999336
  7.99820666  8.50070596  9.00237698  9.49746328 10.00201993 10.50164182
 10.99757275 11.49900835 11.99639958 12.50114071 13.0035466  13.50047397
 13.99748288 14.50169829 15.00218909 15.49634691 16.00298046 16.4994786
 16.99454265 17.4986898  17.4986898  17.4986898  17.4986898  17.4986898 ]
Processed /remote/gpu01a/heneka/21cmlightcones/pure_simulations/run2088.npz with power spectra shape: (30, 10, 10)
Processed /remote/gpu01a/heneka/21cmlightcones/pure_simulations/run2088.npz with redshifts shape: [ 5.15639488  5.50012695  6.0007739   6.4995003   6.99898432  7.50170139
  8.0007749   8.50134176  8.99767636  9.49844908  9.99978173 10.49729246
 10.99844163 11.50024984 11.99939935 12.49960216 12.99814878 13.50026308
 14.00402961 14.49829849 14.998438   15.50331896 16.0012961  16.50046379
 16.50046379 16.50046379 16.50046379 16.50046379 16.50046379 16.50046379]
Processed /remote/gpu01a/heneka/21cmlightcones/pure_simulations/run1660.npz with power spectra shape: (30, 10, 10)
Processed /remote/gpu01a/heneka/21cmlightcones/pure_simulations/run1660.npz with redshifts shape: [ 5.19357402  5.4987838   6.00036625  6.50132654  6.99940584  7.49843839
  8.00083345  8.50056339  9.0023383   9.50112365  9.99794622 10.50222587
 10.99620326 11.49838288 11.99837282 12.50168494 12.99638052 13.49854183
 13.99627955 14.49774171 15.00133186 15.5053038  15.99492546 16.50668441
 16.99989809 17.49969293 18.00543595 18.50064146 18.99908823 19.49990468]
Processed /remote/gpu01a/heneka/21cmlightcones/pure_simulations/run3373.npz with power spectra shape: (30, 10, 10)
Processed /remote/gpu01a/heneka/21cmlightcones/pure_simulations/run3373.npz with redshifts shape: [ 5.1653037   5.50112983  5.99957438  6.49869857  6.99926216  7.50062256
  7.9994173   8.50182884  8.99768252  9.50124085  9.99791369 10.5000287
 10.99815357 11.50160433 12.00063018 12.49902064 13.00198798 13.49896386
 13.99557166 14.49902673 14.99818213 15.50085315 15.99465041 16.49950638
 17.00327219 17.5041754  17.98736275 17.98736275 17.98736275 17.98736275]
Processed /remote/gpu01a/heneka/21cmlightcones/pure_simulations/run4813.npz with power spectra shape: (30, 10, 10)
Processed /remote/gpu01a/heneka/21cmlightcones/pure_simulations/run4813.npz with redshifts shape: [ 5.18192998  5.49910474  6.00140106  6.49963035  7.00169797  7.49988231
  7.99920663  8.49817492  9.0014761   9.49876305 10.00253605 10.5030012
 11.00249626 11.49710417 11.99867576 12.49683878 12.99710872 13.49716612
 14.00448182 14.49680257 15.00274537 15.49921117 15.99500379 16.50089032
 17.00338379 17.5004119  18.00405689 18.4988757  18.99788592 19.50032641]
Processed /remote/gpu01a/heneka/21cmlightcones/pure_simulations/run1579.npz with power spectra shape: (30, 10, 10)
Processed /remote/gpu01a/heneka/21cmlightcones/pure_simulations/run1579.npz with redshifts shape: [ 5.18063367  5.50109487  5.99990953  6.50133707  6.99987768  7.49846722
  7.99861787  8.49888625  8.9985596   9.49780982  9.99783624 10.50099932
 10.99672751 11.50248886 12.00074196 12.50389222 13.000929   13.49757008
 14.00123511 14.50027033 15.00272792 15.49561028 15.99964839 16.50209602
 17.00102231 17.49437591 17.99415141 18.49975193 18.9952113  19.49394339]
Processed /remote/gpu01a/heneka/21cmlightcones/pure_simulations/run496.npz with power spectra shape: (30, 10, 10)
Processed /remote/gpu01a/heneka/21cmlightcones/pure_simulations/run496.npz with redshifts shape: [ 5.17100537  5.50025379  6.00142897  6.49863201  6.99874324  7.50188673
  8.00107382  8.49778625  9.00069927  9.50031829 10.00271641 10.49767773
 10.999801   11.49966755 12.00100026 12.50091361 12.99624526 13.50145089
 13.99682818 14.49826299 15.00453215 15.50341265 16.003274   16.50247154
 16.99923887 17.50458588 18.00467156 18.49740614 18.99509029 19.03863481]
Processed /remote/gpu01a/heneka/21cmlightcones/pure_simulations/run4029.npz with power spectra shape: (30, 10, 10)
Processed /remote/gpu01a/heneka/21cmlightcones/pure_simulations/run4029.npz with redshifts shape: [ 5.19212793  5.50095745  5.99891282  6.49958578  7.0018844   7.5018194
  8.00065758  8.50186599  8.99990407  9.5008791  10.00052345 10.50113696
 10.99883735 11.49736464 12.00201454 12.50172011 13.00218928 13.5008618
 13.99495486 14.50365194 15.00372727 15.50400927 16.00262294 16.49755673
 17.00055079 17.49661237 17.99842505 18.50529251 19.0001744  19.49727227]
Processed /remote/gpu01a/heneka/21cmlightcones/pure_simulations/run2200.npz with power spectra shape: (30, 10, 10)
Processed /remote/gpu01a/heneka/21cmlightcones/pure_simulations/run2200.npz with redshifts shape: [ 5.1914693   5.49917556  5.99851615  6.50109707  7.00177172  7.49993091
  8.00173629  8.50127178  8.99751343  9.50271385 10.0007399  10.49961695
 11.00300899 11.50005842 12.00311296 12.50114227 12.99983811 13.49665122
 13.99933148 14.49543007 15.00496674 15.50357431 16.00044251 16.49356939
 16.99465191 17.50317072 18.00351942 18.49323477 19.00215428 19.49761361]
Processed /remote/gpu01a/heneka/21cmlightcones/pure_simulations/run1073.npz with power spectra shape: (30, 10, 10)
Processed /remote/gpu01a/heneka/21cmlightcones/pure_simulations/run1073.npz with redshifts shape: [ 5.18942875  5.49961068  6.00013922  6.50104357  7.00026587  7.50170345
  7.99816668  8.50243654  8.99901719  9.49881979  9.99768072 10.49790973
 11.00317091 11.50275882 12.0005231  12.5019009  13.00463498 13.49633551
 14.00398448 14.49496322 14.99898266 15.50395567 15.99549477 16.49621972
 17.00572252 17.49497552 18.0044707  18.50441043 18.99226758 19.49868882]
Processed /remote/gpu01a/heneka/21cmlightcones/pure_simulations/run92.npz with power spectra shape: (30, 10, 10)
Processed /remote/gpu01a/heneka/21cmlightcones/pure_simulations/run92.npz with redshifts shape: [ 5.18370317  5.50126778  5.99921125  6.49865412  7.00174151  7.50062714
  8.00033429  8.49930697  9.00223669  9.49863389 10.00108036 10.49965007
 10.99666765 11.50351059 12.00230299 12.49699566 13.00223458 13.49792079
 14.00019093 14.49716235 14.99698963 15.4980824  15.99871252 16.49701787
 17.00429133 17.50624925 18.00067488 18.50022239 19.00418747 19.49564899]
Processed /remote/gpu01a/heneka/21cmlightcones/pure_simulations/run350.npz with power spectra shape: (30, 10, 10)
Processed /remote/gpu01a/heneka/21cmlightcones/pure_simulations/run350.npz with redshifts shape: [ 5.17497305  5.50130204  5.99929357  6.50141327  6.99881012  7.50170153
  7.99939765  8.49814337  9.00261635  9.49738013  9.99943793 10.49948546
 10.99988414 11.49697378 12.00226027 12.49764596 12.9958342  13.50381042
 14.00138102 14.50476702 15.00207145 15.50147414 16.0013905  16.50010763
 16.99578913 17.49966592 17.99755392 18.50156223 18.99624735 19.49463754]
Processed /remote/gpu01a/heneka/21cmlightcones/pure_simulations/run2478.npz with power spectra shape: (30, 10, 10)
Processed /remote/gpu01a/heneka/21cmlightcones/pure_simulations/run2478.npz with redshifts shape: [ 5.2023958   5.5000972   6.00063424  6.5015811   7.00140707  7.50030036
  8.00052616  8.50115075  9.00215769  9.49810294  9.99686391 10.50209519
 11.00306387 11.5035752  12.0001083  12.49830804 12.99560842 13.49976391
 13.99827337 14.49957562 15.00192797 15.50343259 16.00204299 16.49557189
 16.99630694 17.50363034 18.00098887 18.50220109 19.00639371 19.49484848]
Processed /remote/gpu01a/heneka/21cmlightcones/pure_simulations/run814.npz with power spectra shape: (30, 10, 10)
Processed /remote/gpu01a/heneka/21cmlightcones/pure_simulations/run814.npz with redshifts shape: [ 5.16795153  5.49889682  5.99947451  6.50034492  6.998578    7.50029802
  7.99872957  8.50007134  8.99894318  9.50007622  9.99904253 10.49708891
 11.00320691 11.50117797 12.00090199 12.49958014 13.00247445 13.49881555
 14.00352836 14.4961837  15.00333958 15.50377883 15.99459494 16.49601267
 16.99566036 17.50437789 17.99541408 18.465214   18.465214   18.465214  ]
Processed /remote/gpu01a/heneka/21cmlightcones/pure_simulations/run875.npz with power spectra shape: (30, 10, 10)
Processed /remote/gpu01a/heneka/21cmlightcones/pure_simulations/run875.npz with redshifts shape: [ 5.19015416  5.49860695  6.00100412  6.50028492  7.00140402  7.50046571
  7.99877423  8.49980797  8.99812899  9.49982389 10.00071072 10.50310556
 11.00320234 11.49678872 11.99613073 12.49920275 13.00373922 13.4973011
 13.9965171  14.50000286 14.99470705 15.50143059 15.99475628 16.49738389
 16.99515989 17.50017952 17.9969459  18.49851266 19.00412204 19.49623392]
Processed /remote/gpu01a/heneka/21cmlightcones/pure_simulations/run2552.npz with power spectra shape: (30, 10, 10)
Processed /remote/gpu01a/heneka/21cmlightcones/pure_simulations/run2552.npz with redshifts shape: [ 5.21384687  5.49919443  5.99890049  6.49978897  7.00106419  7.49884168
  8.00064974  8.50066634  8.99862366  9.50228284 10.00059922 10.50363651
 10.99988254 11.50211285 11.99859962 12.49517314 12.99957836 13.49929687
 14.00276572 14.49590212 15.00083694 15.50375494 16.00241758 16.49444194
 16.99272712 17.49654583 18.00509633 18.50008761 18.99661244 19.49360733]
Processed /remote/gpu01a/heneka/21cmlightcones/pure_simulations/run3420.npz with power spectra shape: (30, 10, 10)
Processed /remote/gpu01a/heneka/21cmlightcones/pure_simulations/run3420.npz with redshifts shape: [ 5.17437166  5.49951039  5.99858194  6.49883445  7.00168374  7.498964
  7.99911218  8.5009041   8.99858932  9.50253992  9.99717428 10.50174412
 11.00053085 11.50321222 11.99936226 12.50103321 12.99766507 13.50396317
 13.99980227 14.50134978 14.99675332 15.50523413 16.00358008 16.50065736
 16.9946377  17.49671324 18.0064339  18.49481685 19.00230134 19.49918988]
Processed /remote/gpu01a/heneka/21cmlightcones/pure_simulations/run1633.npz with power spectra shape: (30, 10, 10)
Processed /remote/gpu01a/heneka/21cmlightcones/pure_simulations/run1633.npz with redshifts shape: [ 5.2161783   5.50143558  5.99945594  6.5018323   6.99968437  7.49783458
  7.99963791  8.4991586   9.00253289  9.49818598 10.00172941 10.50244921
 11.00410347 11.50312204 11.99557724 12.49744562 12.9968385  13.50190351
 13.99917725 14.49754575 14.99503329 15.50318599 15.99297112 16.50490778
 16.99350185 17.50286203 18.00030947 18.50051355 19.00247225 19.50510918]
Processed /remote/gpu01a/heneka/21cmlightcones/pure_simulations/run3341.npz with power spectra shape: (30, 10, 10)
Processed /remote/gpu01a/heneka/21cmlightcones/pure_simulations/run3341.npz with redshifts shape: [ 5.19745482  5.49984758  6.00157038  6.50151348  7.0014484   7.50171178
  7.99961444  8.49857641  8.99867758  9.50105212 10.00122548 10.50147303
 10.99772282 11.50198898 12.00363026 12.49896215 13.00356059 13.4956876
 14.00337547 14.50396661 14.99415466 15.49546246 15.99453432 16.50294006
 17.00595187 17.50122077 18.00175021 18.50679064 18.99880304 19.49235067]
Processed /remote/gpu01a/heneka/21cmlightcones/pure_simulations/run1019.npz with power spectra shape: (30, 10, 10)
Processed /remote/gpu01a/heneka/21cmlightcones/pure_simulations/run1019.npz with redshifts shape: [ 5.16657167  5.49988018  5.9992253   6.49904211  7.00004891  7.50155369
  8.00012533  8.50195423  9.00174121  9.49884625  9.99926542 10.49927727
 11.00127408 11.50190659 11.99747332 12.4995899  12.99826475 13.49893074
 13.99942188 14.49737811 15.00035126 15.49646986 16.00498016 16.50267502
 16.99844349 17.50304029 18.00300942 18.21401427 18.21401427 18.21401427]
Processed /remote/gpu01a/heneka/21cmlightcones/pure_simulations/run624.npz with power spectra shape: (30, 10, 10)
Processed /remote/gpu01a/heneka/21cmlightcones/pure_simulations/run624.npz with redshifts shape: [ 5.20321234  5.49899727  6.00149373  6.50066826  6.99812786  7.49877809
  8.00093816  8.49803931  9.00086331  9.49875315  9.99961264 10.4996169
 11.00247654 11.49651074 12.00365243 12.50409523 13.00375074 13.49979664
 14.0003399  14.50378908 14.99609434 15.49936088 15.9998103  16.4952442
 16.99799709 17.50745068 18.00698061 18.49391014 18.99981856 19.50784445]
Processed /remote/gpu01a/heneka/21cmlightcones/pure_simulations/run1516.npz with power spectra shape: (30, 10, 10)
Processed /remote/gpu01a/heneka/21cmlightcones/pure_simulations/run1516.npz with redshifts shape: [ 5.17313287  5.50127334  5.99991037  6.49999321  6.99925936  7.50079169
  8.00186411  8.50021241  8.99938952  9.49972049 10.00250997 10.49737752
 10.99906476 11.49800149 11.99792175 12.50400551 12.99720598 13.49981511
 14.00138131 14.49938556 15.00161333 15.49566497 16.00147872 16.49488544
 16.99758592 17.49617485 18.00220951 18.50104532 19.00513025 19.45295233]
Processed /remote/gpu01a/heneka/21cmlightcones/pure_simulations/run4793.npz with power spectra shape: (30, 10, 10)
Processed /remote/gpu01a/heneka/21cmlightcones/pure_simulations/run4793.npz with redshifts shape: [ 5.18320704  5.49986158  5.99946533  6.50110636  6.99910863  7.50065603
  7.99897567  8.50152786  8.99775453  9.49833879  9.99937431 10.50321391
 10.9990937  11.49702946 12.00218578 12.50411446 12.99927954 13.50302244
 14.00418258 14.49999277 14.99858998 15.49838824 15.99766452 16.4945633
 17.00034474 17.5007681  17.99362608 18.50647389 18.9937887  19.49962596]
Processed /remote/gpu01a/heneka/21cmlightcones/pure_simulations/run2791.npz with power spectra shape: (30, 10, 10)
Processed /remote/gpu01a/heneka/21cmlightcones/pure_simulations/run2791.npz with redshifts shape: [ 5.16364601  5.5010575   6.00005337  6.50040944  6.99944871  7.49946255
  8.00135664  8.49872522  8.99900915  9.49746448 10.0000523  10.49713916
 11.00283501 11.50140379 12.00255965 12.50363913 13.0017091  13.50214176
 14.00283996 14.50151432 14.99569262 15.50350899 16.00326028 16.50335457
 17.00215659 17.49791689 17.69696331 17.69696331 17.69696331 17.69696331]
Processed /remote/gpu01a/heneka/21cmlightcones/pure_simulations/run2914.npz with power spectra shape: (30, 10, 10)
Processed /remote/gpu01a/heneka/21cmlightcones/pure_simulations/run2914.npz with redshifts shape: [ 5.19232412  5.50148829  6.000032    6.50135522  7.00024057  7.50054528
  7.99979346  8.50145417  8.99998067  9.50148497 10.00169443 10.50291052
 11.00124506 11.50044248 11.9972749  12.49722261 12.99795767 13.49691797
 14.00188585 14.50035416 15.00078472 15.50144356 16.00045375 16.49580171
 16.99923729 17.49575411 17.9980477  18.50542095 19.00081567 19.49844772]
Processed /remote/gpu01a/heneka/21cmlightcones/pure_simulations/run510.npz with power spectra shape: (30, 10, 10)
Processed /remote/gpu01a/heneka/21cmlightcones/pure_simulations/run510.npz with redshifts shape: [ 5.19440001  5.50099171  6.00163689  6.5011615   7.00141646  7.49827244
  7.99788901  8.49955805  8.99762932  9.49823409  9.99701369 10.50342399
 10.99962644 11.4960781  11.99809648 12.5035736  13.00051508 13.50507368
 14.00530248 14.4981611  15.00394431 15.49788183 16.0021642  16.5029804
 16.99815622 17.50002541 17.99271824 18.50538512 19.00615401 19.49230683]
Processed /remote/gpu01a/heneka/21cmlightcones/pure_simulations/run1823.npz with power spectra shape: (30, 10, 10)
Processed /remote/gpu01a/heneka/21cmlightcones/pure_simulations/run1823.npz with redshifts shape: [ 5.16027065  5.50040232  5.9998941   6.49887986  7.00084197  7.50159387
  8.00116427  8.50125489  9.00069015  9.49900252 10.00210474 10.50062821
 11.0021497  11.49683598 12.00135539 12.49931605 13.00254719 13.50086192
 13.99977262 14.4970688  15.00007786 15.49743267 15.99706431 16.49751605
 16.99721381 17.12548841 17.12548841 17.12548841 17.12548841 17.12548841]
Processed /remote/gpu01a/heneka/21cmlightcones/pure_simulations/run4295.npz with power spectra shape: (30, 10, 10)
Processed /remote/gpu01a/heneka/21cmlightcones/pure_simulations/run4295.npz with redshifts shape: [ 5.19039531  5.49926306  5.99905417  6.49877837  7.0004005   7.50001908
  7.99893769  8.50063777  8.99967272  9.50213662  9.99726708 10.50007371
 11.00061708 11.5026397  12.00298054 12.49816462 13.00329188 13.49746453
 13.99733053 14.50150398 14.99691525 15.50439445 15.99848599 16.50192426
 17.00053242 17.50642596 18.00408054 18.50657314 18.99701593 19.50621924]
Processed /remote/gpu01a/heneka/21cmlightcones/pure_simulations/run2483.npz with power spectra shape: (30, 10, 10)
Processed /remote/gpu01a/heneka/21cmlightcones/pure_simulations/run2483.npz with redshifts shape: [ 5.19783149  5.50083628  6.00019367  6.50097227  7.00183546  7.49847769
  8.00212079  8.50227008  8.9977255   9.50100705 10.00215101 10.50343513
 11.00077693 11.49794589 12.00031274 12.49641132 13.0018408  13.50515704
 14.00344849 14.50500858 14.99619029 15.49856017 15.99873397 16.49460561
 16.99822089 17.49411817 17.99531683 18.50106655 18.99380281 19.50547978]
Processed /remote/gpu01a/heneka/21cmlightcones/pure_simulations/run2862.npz with power spectra shape: (30, 10, 10)
Processed /remote/gpu01a/heneka/21cmlightcones/pure_simulations/run2862.npz with redshifts shape: [ 5.20848263  5.49931368  6.0006972   6.50097991  6.99836538  7.49772355
  8.0024981   8.50138421  8.99910679  9.50333224 10.0033793  10.50146715
 11.00131623 11.49957108 12.00176007 12.49568326 12.99764645 13.49548201
 13.9974579  14.50190424 14.99437601 15.49750087 15.99711436 16.50535157
 17.00659901 17.49831193 17.99414195 18.49322779 18.9946366  19.49736421]
Processed /remote/gpu01a/heneka/21cmlightcones/pure_simulations/run2753.npz with power spectra shape: (30, 10, 10)
Processed /remote/gpu01a/heneka/21cmlightcones/pure_simulations/run2753.npz with redshifts shape: [ 5.18832328  5.49954546  6.00034628  6.49824965  6.99821799  7.50086479
  7.99908622  8.50041043  8.99949466  9.50241062  9.99855244 10.50280983
 10.99797773 11.50214465 11.9969169  12.50395055 13.00381999 13.50240568
 13.99701462 14.49561611 14.99669089 15.49857491 15.99946311 16.4974138
 17.00396811 17.50445532 17.99657556 18.49326548 18.99377164 19.49727708]
Processed /remote/gpu01a/heneka/21cmlightcones/pure_simulations/run819.npz with power spectra shape: (30, 10, 10)
Processed /remote/gpu01a/heneka/21cmlightcones/pure_simulations/run819.npz with redshifts shape: [ 5.17365758  5.5001178   6.00019002  6.49849125  6.99917263  7.49818921
  8.00059656  8.50039512  9.0011442   9.49757055 10.0017681  10.49812219
 11.00141606 11.50204798 12.00376213 12.50359272 12.99829377 13.50251385
 13.99621284 14.49549108 14.99907379 15.4945261  16.00184222 16.49678032
 17.00110669 17.50137328 17.99554527 18.49564378 19.00106065 19.49584897]
Processed /remote/gpu01a/heneka/21cmlightcones/pure_simulations/run201.npz with power spectra shape: (30, 10, 10)
Processed /remote/gpu01a/heneka/21cmlightcones/pure_simulations/run201.npz with redshifts shape: [ 5.17271531  5.50001577  6.00029449  6.49916751  7.00080907  7.50123718
  8.00110131  8.49814665  9.00109347  9.50031282 10.0018999  10.50188123
 11.00262623 11.50055592 11.99939859 12.49620882 12.99632847 13.49765489
 13.99787684 14.50446727 14.99524132 15.49874597 16.00346442 16.495752
 16.99726166 17.49461975 17.99935516 18.49686151 18.99955467 19.37064159]
Processed /remote/gpu01a/heneka/21cmlightcones/pure_simulations/run351.npz with power spectra shape: (30, 10, 10)
Processed /remote/gpu01a/heneka/21cmlightcones/pure_simulations/run351.npz with redshifts shape: [ 5.2079014   5.50113455  6.00128671  6.50019545  7.00052337  7.4986563
  8.00207209  8.49949972  9.00186865  9.49818442  9.99644148 10.50030134
 10.99865861 11.50402034 11.99585137 12.49778019 12.99844614 13.49492292
 13.99545708 14.4983836  15.00187443 15.50394296 16.00244948 16.49511268
 16.99451422 17.49998298 17.99449389 18.49219841 18.99216644 19.49339646]
Processed /remote/gpu01a/heneka/21cmlightcones/pure_simulations/run4240.npz with power spectra shape: (30, 10, 10)
Processed /remote/gpu01a/heneka/21cmlightcones/pure_simulations/run4240.npz with redshifts shape: [ 5.16804015  5.49917085  6.00005521  6.50126314  6.99986127  7.49802867
  8.00083056  8.4979594   9.00196955  9.49818702  9.997288   10.50169079
 11.00176869 11.49991835 11.99983598 12.4987212  13.00183795 13.49841209
 14.00337517 14.49628759 15.00372102 15.50444673 15.99555609 16.49728549
 16.99725557 17.50631346 17.99768995 18.48151413 18.48151413 18.48151413]
Processed /remote/gpu01a/heneka/21cmlightcones/pure_simulations/run3941.npz with power spectra shape: (30, 10, 10)
Processed /remote/gpu01a/heneka/21cmlightcones/pure_simulations/run3941.npz with redshifts shape: [ 5.18849978  5.50003151  6.00137576  6.49987314  7.00048993  7.49941439
  7.99798723  8.49970122  8.99920871  9.50258583  9.99921561 10.49704495
 10.999721   11.49659713 11.99986501 12.49870543 12.99875641 13.49754317
 14.00273177 14.50209462 15.00396215 15.49470898 15.99589385 16.49415743
 17.00104826 17.50188547 17.99436712 18.50680525 18.99234598 19.49627169]
Processed /remote/gpu01a/heneka/21cmlightcones/pure_simulations/run3056.npz with power spectra shape: (30, 10, 10)
Processed /remote/gpu01a/heneka/21cmlightcones/pure_simulations/run3056.npz with redshifts shape: [ 5.17789024  5.49878641  5.99885003  6.49920243  7.00114269  7.5003848
  8.0019732   8.49963407  9.00222045  9.49969401  9.99821533 10.50014966
 11.00212611 11.50038302 11.99868576 12.50228513 13.00037273 13.49861228
 14.00434545 14.49584301 15.00112494 15.49763459 16.00582191 16.50081958
 17.00489669 17.50424527 17.99675332 18.49470612 18.99745001 19.50427078]
Processed /remote/gpu01a/heneka/21cmlightcones/pure_simulations/run4689.npz with power spectra shape: (30, 10, 10)
Processed /remote/gpu01a/heneka/21cmlightcones/pure_simulations/run4689.npz with redshifts shape: [ 5.20601979  5.49967114  5.99858692  6.50055384  7.00066749  7.49901107
  7.99778798  8.50165365  8.99954945  9.49773315  9.9984659  10.49782667
 10.99953232 11.50030821 11.99653043 12.50355711 12.99996271 13.50273047
 13.99909666 14.49761542 14.99647653 15.49371553 16.00086458 16.50323137
 16.99843908 17.49947846 18.00560868 18.49923263 18.99493534 19.49172478]
Processed /remote/gpu01a/heneka/21cmlightcones/pure_simulations/run4289.npz with power spectra shape: (30, 10, 10)
Processed /remote/gpu01a/heneka/21cmlightcones/pure_simulations/run4289.npz with redshifts shape: [ 5.20790787  5.50115069  6.00132084  6.50024923  7.00059865  7.4987546
  8.00219534  8.49964915  9.00204607  9.49839089  9.99667856 10.50057077
 10.99896152 11.4956756  11.99622528 12.49819178 12.99889665 13.49541306
 13.99598863 14.49895793 15.00249287 15.50460643 16.00315884 16.49586849
 16.99531847 17.50083713 17.99539796 18.49315387 18.99317449 19.4944583 ]
Processed /remote/gpu01a/heneka/21cmlightcones/pure_simulations/run4585.npz with power spectra shape: (30, 10, 10)
Processed /remote/gpu01a/heneka/21cmlightcones/pure_simulations/run4585.npz with redshifts shape: [ 5.20363587  5.50007471  6.00020908  6.50031755  6.9988091   7.50059677
  7.99879351  8.50241291  9.00056904  9.4994957  10.00147306 10.5026667
 10.99878967 11.50214374 12.00167573 12.50305995 13.00371121 13.50080019
 14.00244973 14.49531586 15.00056315 15.50509996 15.99336765 16.50364803
 16.99311479 17.50342628 18.00383724 18.50824671 18.99854113 19.50757954]
Processed /remote/gpu01a/heneka/21cmlightcones/pure_simulations/run4248.npz with power spectra shape: (30, 10, 10)
Processed /remote/gpu01a/heneka/21cmlightcones/pure_simulations/run4248.npz with redshifts shape: [ 5.16900229  5.49948227  6.00041175  6.50134293  6.99928122  7.5003469
  8.00200689  8.50217293  8.99936515  9.49830986 10.00035755 10.50169396
 10.99805238 11.49888831 12.00167202 12.50358403 13.0015277  13.50098485
 13.99972675 14.49532961 14.99542468 15.4986701  16.00359522 16.49687565
 16.99973167 17.49910201 18.00630121 18.49326139 18.65975364 18.65975364]
Processed /remote/gpu01a/heneka/21cmlightcones/pure_simulations/run2950.npz with power spectra shape: (30, 10, 10)
Processed /remote/gpu01a/heneka/21cmlightcones/pure_simulations/run2950.npz with redshifts shape: [ 5.16985829  5.49943858  6.00001261  6.50022289  7.00066264  7.50049496
  8.00044625  8.49838101  8.997866    9.49929759  9.99815994 10.50195062
 11.00090295 11.49740688 12.00270515 12.49929251 12.99956966 13.50150054
 14.00284315 14.50115768 15.00411538 15.49957703 15.99586024 16.50311405
 16.99653147 17.49833003 17.99476595 18.49762464 18.82036158 18.82036158]
Processed /remote/gpu01a/heneka/21cmlightcones/pure_simulations/run4146.npz with power spectra shape: (30, 10, 10)
Processed /remote/gpu01a/heneka/21cmlightcones/pure_simulations/run4146.npz with redshifts shape: [ 5.16342379  5.5003488   6.00143369  6.50123256  6.99965124  7.49898039
  8.00012567  8.50122883  9.00101107  9.49891983 10.00091021 10.49736188
 11.00236699 11.50021186 12.0005981  12.50086677 12.99809055 13.49763342
 13.99740244 14.50456259 14.99820422 15.49505864 16.0045879  16.50405084
 17.00219477 17.49727329 17.65852626 17.65852626 17.65852626 17.65852626]
Processed /remote/gpu01a/heneka/21cmlightcones/pure_simulations/run4450.npz with power spectra shape: (30, 10, 10)
Processed /remote/gpu01a/heneka/21cmlightcones/pure_simulations/run4450.npz with redshifts shape: [ 5.1613569   5.49884628  5.99884121  6.50123097  7.000034    7.50043592
  7.99927852  8.49823676  9.00092741  9.49753929  9.99846974 10.5002191
 10.99885094 11.49677136 11.99762814 12.49882875 12.99751376 13.49900873
 14.00127664 14.50208904 14.99903396 15.49977397 16.00296193 16.49593162
 16.99900409 17.30655683 17.30655683 17.30655683 17.30655683 17.30655683]
Processed /remote/gpu01a/heneka/21cmlightcones/pure_simulations/run3986.npz with power spectra shape: (30, 10, 10)
Processed /remote/gpu01a/heneka/21cmlightcones/pure_simulations/run3986.npz with redshifts shape: [ 5.17773026  5.50111816  6.00098671  6.50110403  6.99895665  7.50170233
  7.99839603  8.50022457  9.00239351  9.4994209   9.99746289 10.49888292
 11.00031396 11.49799945 12.00358888 12.49866374 12.99609335 13.50293743
 13.99865554 14.49968807 15.00469844 15.50092309 15.99699838 16.5034785
 16.99435536 17.50620455 17.99834401 18.49590761 18.99824208 19.50463347]
Processed /remote/gpu01a/heneka/21cmlightcones/pure_simulations/run4267.npz with power spectra shape: (30, 10, 10)
Processed /remote/gpu01a/heneka/21cmlightcones/pure_simulations/run4267.npz with redshifts shape: [ 5.19662074  5.50074733  6.00038178  6.50183997  6.99963104  7.50215979
  7.99794257  8.50004828  8.99810415  9.49826605 10.00286705 10.50107358
 11.00289343 11.49710176 11.996295   12.49830129 13.00070178 13.50083725
 13.99582111 14.50524403 15.00530557 15.50500297 16.00238391 16.49535848
 16.99590245 17.50344834 18.00194236 18.50484565 18.99469737 19.503264  ]
Processed /remote/gpu01a/heneka/21cmlightcones/pure_simulations/run1769.npz with power spectra shape: (30, 10, 10)
Processed /remote/gpu01a/heneka/21cmlightcones/pure_simulations/run1769.npz with redshifts shape: [ 5.2134689   5.50162933  6.00070796  6.50088093  7.00135628  7.49825913
  7.99910698  8.49809069  9.00132122  9.49741736 10.00184344 10.49619983
 10.99944818 11.50075161 11.99626877 12.50181915 12.99513597 13.50485703
 13.99600331 14.50022565 15.00447496 15.50667178 16.00458187 16.49582798
 16.99328916 17.49623867 18.00387549 18.49794267 18.99350679 19.50823049]
Processed /remote/gpu01a/heneka/21cmlightcones/pure_simulations/run1971.npz with power spectra shape: (30, 10, 10)
Processed /remote/gpu01a/heneka/21cmlightcones/pure_simulations/run1971.npz with redshifts shape: [ 5.16892312  5.49923876  5.99989594  6.50052749  7.00176802  7.49885656
  8.00014026  8.49990724  9.00174109  9.50062491 10.00259856 10.49760733
 11.00010946 11.50083526 12.00349656 12.49733675 13.00307484 13.502377
 14.00095328 14.49638098 14.99628908 15.49933595 16.0040516  16.49711785
 16.99974531 17.49887924 18.00582824 18.50632559 18.64499614 18.64499614]
Processed /remote/gpu01a/heneka/21cmlightcones/pure_simulations/run1555.npz with power spectra shape: (30, 10, 10)
Processed /remote/gpu01a/heneka/21cmlightcones/pure_simulations/run1555.npz with redshifts shape: [ 5.18312345  5.49962463  5.9989644   6.50031397  7.0019284   7.49920751
  8.00184674  8.49932708  9.00062838  9.50119661 10.00220476 10.49924282
 11.0018366  11.49971307 11.99667296 12.49804625 13.00172281 13.49579311
 13.99634313 14.50210821 15.00057801 15.50023915 15.99936968 16.49611469
 17.00173073 17.50198173 17.99466178 18.50731576 18.9944384  19.50006787]
Processed /remote/gpu01a/heneka/21cmlightcones/pure_simulations/run1024.npz with power spectra shape: (30, 10, 10)
Processed /remote/gpu01a/heneka/21cmlightcones/pure_simulations/run1024.npz with redshifts shape: [ 5.1688206   5.49892352  5.99922806  6.49947187  7.00029013  7.50089379
  8.00204519  8.50165943  8.99826024  9.50201113  9.99793646 10.49855243
 11.00080455 11.50126297 12.00363817 12.49718036 13.00259627 13.5015635
 13.99978924 14.50461255 15.00461364 15.49702333 16.00132095 16.50567456
 16.99614509 17.49482097 18.00129037 18.50129964 18.6259127  18.6259127 ]
Processed /remote/gpu01a/heneka/21cmlightcones/pure_simulations/run1246.npz with power spectra shape: (30, 10, 10)
Processed /remote/gpu01a/heneka/21cmlightcones/pure_simulations/run1246.npz with redshifts shape: [ 5.16389067  5.49925345  5.99881573  6.49981515  6.99956876  7.50036885
  7.99892435  8.50140574  8.99776385  9.5021767  10.0002125  10.49807421
 10.99815309 11.49719115 11.99885843 12.50048832 12.99914308 13.50020082
 14.00156132 14.50093119 14.9958338  15.50442993 16.00498346 16.49454293
 17.00558405 17.50223943 17.73940386 17.73940386 17.73940386 17.73940386]
Processed /remote/gpu01a/heneka/21cmlightcones/pure_simulations/run789.npz with power spectra shape: (30, 10, 10)
Processed /remote/gpu01a/heneka/21cmlightcones/pure_simulations/run789.npz with redshifts shape: [ 5.20001388  5.50027976  5.99825394  6.5006357   6.9985907   7.50055965
  7.99987537  8.49994867  9.0008113   9.49712961  9.99673191 10.50327404
 10.99832449 11.50091261 12.00022126 12.50186463 13.00334262 13.50191279
 13.99460465 14.50130403 14.99777523 15.50581318 15.99862056 16.49999699
 16.99499335 17.49625749 18.00310413 18.49847683 18.99657044 19.49645259]
Processed /remote/gpu01a/heneka/21cmlightcones/pure_simulations/run3507.npz with power spectra shape: (30, 10, 10)
Processed /remote/gpu01a/heneka/21cmlightcones/pure_simulations/run3507.npz with redshifts shape: [ 5.18995333  5.50104675  5.99984376  6.49845377  6.99884089  7.50157388
  7.99943968  8.49998612  8.9977817   9.4989077   9.99918738 10.50093508
 11.00035039 11.50116922 12.00023959 12.50301232 12.99780501 13.50044206
 13.99928738 14.50237514 14.99666547 15.50294148 15.99580935 16.49794821
 16.99521817 17.49970257 17.99592096 18.49691376 19.00192313 19.49343086]
Processed /remote/gpu01a/heneka/21cmlightcones/pure_simulations/run1922.npz with power spectra shape: (30, 10, 10)
Processed /remote/gpu01a/heneka/21cmlightcones/pure_simulations/run1922.npz with redshifts shape: [ 5.19699056  5.49862912  5.99898844  6.50126918  6.99996775  7.4988807
  8.00036083  8.49818273  9.00294166  9.49809223  9.99685199 10.50286518
 10.99801823 11.50109741 12.00148656 12.49551393 12.99871494 13.4996953
 13.99556168 14.49456957 14.99505912 15.49522043 16.00615931 16.50023377
 17.00193739 17.49586797 17.99499558 18.4985714  19.00577892 19.49842142]
Processed /remote/gpu01a/heneka/21cmlightcones/pure_simulations/run3830.npz with power spectra shape: (30, 10, 10)
Processed /remote/gpu01a/heneka/21cmlightcones/pure_simulations/run3830.npz with redshifts shape: [ 5.16870636  5.50123066  6.00145182  6.50158478  6.99864361  7.49874043
  7.99934896  8.49838764  8.99943614  9.49748717  9.99857167 10.49888384
 11.00080926 11.50092113 12.00292773 12.49608809 13.00109274 13.49963455
 13.99741665 14.50177108 15.00128958 15.50391798 15.99698056 16.50079303
 17.0029261  17.50154408 17.99470108 18.49410595 18.60467803 18.60467803]
Processed /remote/gpu01a/heneka/21cmlightcones/pure_simulations/run937.npz with power spectra shape: (30, 10, 10)
Processed /remote/gpu01a/heneka/21cmlightcones/pure_simulations/run937.npz with redshifts shape: [ 5.15430953  5.50047919  5.99964525  6.50035842  6.9996297   7.49907249
  7.99891291  8.50097726  8.99968624  9.49868572  9.99847111 10.50045765
 11.00101226 11.50256356 12.00186923 12.50262392 13.00218335 13.49765762
 14.00291074 14.49931034 15.00204587 15.5002257  16.00154304 16.17721271
 16.17721271 16.17721271 16.17721271 16.17721271 16.17721271 16.17721271]
Processed /remote/gpu01a/heneka/21cmlightcones/pure_simulations/run4896.npz with power spectra shape: (30, 10, 10)
Processed /remote/gpu01a/heneka/21cmlightcones/pure_simulations/run4896.npz with redshifts shape: [ 5.1862542   5.49970583  6.00136471  6.50096885  6.99952941  7.50097803
  7.99833741  8.49910153  8.9980312   9.50117413  9.99808249 10.49664775
 11.00051368 11.4991954  11.99651735 12.49786202 13.00104694 13.50365924
 14.00306409 14.49641831 15.00324081 15.49985564 15.9952407  16.50038408
 17.00144935 17.4962863  17.9972285  18.50363059 18.99899921 19.49713501]
Processed /remote/gpu01a/heneka/21cmlightcones/pure_simulations/run4579.npz with power spectra shape: (30, 10, 10)
Processed /remote/gpu01a/heneka/21cmlightcones/pure_simulations/run4579.npz with redshifts shape: [ 5.2076729   5.50056417  6.00008165  6.49829473  6.99786438  7.50004791
  7.99772052  8.49996957  9.00181199  9.49756737 10.00238149 10.49843428
 10.99611291 11.50074873 12.00103274 12.50270581 13.00309179 13.49926656
 13.99947229 14.50204481 15.00515794 15.49366987 16.00491328 16.49714023
 16.99607774 17.50105485 17.99506374 18.49224227 18.99166124 19.4923204 ]
Processed /remote/gpu01a/heneka/21cmlightcones/pure_simulations/run2581.npz with power spectra shape: (30, 10, 10)
Processed /remote/gpu01a/heneka/21cmlightcones/pure_simulations/run2581.npz with redshifts shape: [ 5.19480457  5.49901163  6.00050349  6.50097926  6.99811597  7.5002922
  8.00115784  8.49877681  8.99784731  9.49953415  9.99946743 10.49993518
 10.99696055 11.50243761 11.99726715 12.5037633  13.00176396 13.49727765
 13.99815247 14.50293486 14.99821882 15.50527756 15.99803769 16.4997206
 16.99579463 17.49861562 18.00755025 18.50600539 19.00784596 19.49507676]
Processed /remote/gpu01a/heneka/21cmlightcones/pure_simulations/run2937.npz with power spectra shape: (30, 10, 10)
Processed /remote/gpu01a/heneka/21cmlightcones/pure_simulations/run2937.npz with redshifts shape: [ 5.17774555  5.50116292  6.00108131  6.5012535   6.99916541  7.50197562
  7.99873759  8.50063952  8.9975622   9.49999443  9.9981216  10.49963137
 11.00115596 11.49893793 11.99673995 12.49980759 12.99734452 13.50430153
 14.00013354 14.50128463 14.99564355 15.50276629 15.9989686  16.50558172
 16.99659044 17.49518037 18.00085803 18.4985644  19.001046   19.50758881]
Processed /remote/gpu01a/heneka/21cmlightcones/pure_simulations/run4692.npz with power spectra shape: (30, 10, 10)
Processed /remote/gpu01a/heneka/21cmlightcones/pure_simulations/run4692.npz with redshifts shape: [ 5.19319525  5.50080768  6.00161055  6.50169275  6.99880384  7.50130582
  7.99800979  8.50185162  9.00272375  9.50054004 10.0029961  10.49948882
 10.99989788 11.50131136 12.00048415 12.50291992 12.99670229 13.49788534
 14.00522152 14.49498798 14.99744689 15.50023798 16.00147449 16.49913068
 17.00501087 17.50403489 17.99381625 18.50333079 19.00090085 19.50080118]
Processed /remote/gpu01a/heneka/21cmlightcones/pure_simulations/run4602.npz with power spectra shape: (30, 10, 10)
Processed /remote/gpu01a/heneka/21cmlightcones/pure_simulations/run4602.npz with redshifts shape: [ 5.20106755  5.49985351  6.00049141  6.50193962  6.99842384  7.49838236
  8.00020302  8.49743553  9.00079571  9.49978303 10.00226261 10.49707575
 11.00227321 11.4993989  12.00128513 12.49623971 13.00007562 13.50112602
 13.99640027 14.49428657 15.00522284 15.5035651  15.99888556 16.5029339
 17.00068    17.50484062 17.99896958 18.49679908 18.99746113 19.50001911]
Processed /remote/gpu01a/heneka/21cmlightcones/pure_simulations/run1609.npz with power spectra shape: (30, 10, 10)
Processed /remote/gpu01a/heneka/21cmlightcones/pure_simulations/run1609.npz with redshifts shape: [ 5.18209617  5.4995782   5.99920574  6.50121508  7.00001142  7.49850579
  7.99817709  8.4975275   9.00124883  9.49898422  9.99695511 10.49750266
 10.99710158 11.49944755 12.00162874 12.50042642 13.00136272 13.50211449
 14.00014253 14.50322222 14.99891211 15.49565692 16.00382926 16.49795298
 17.0007826  17.49816025 18.00217685 18.49737714 18.99678851 19.49964973]
Processed /remote/gpu01a/heneka/21cmlightcones/pure_simulations/run4303.npz with power spectra shape: (30, 10, 10)
Processed /remote/gpu01a/heneka/21cmlightcones/pure_simulations/run4303.npz with redshifts shape: [ 5.19801125  5.50130813  6.00119007  6.49869562  6.99979682  7.50135349
  8.00066504  8.50115722  9.00290784  9.50067756 10.00226232 10.49671508
 11.00185823 11.49955437 12.00248288 12.49916401 12.99540549 13.4988342
 13.99725451 14.49896158 15.00228597 15.50540624 16.00635263 16.50301452
 16.99315166 17.50419283 18.00626265 18.49677694 19.00655432 19.50178758]
Processed /remote/gpu01a/heneka/21cmlightcones/pure_simulations/run4099.npz with power spectra shape: (30, 10, 10)
Processed /remote/gpu01a/heneka/21cmlightcones/pure_simulations/run4099.npz with redshifts shape: [ 5.17441745  5.49964667  5.99887001  6.49928996  6.99857934  7.49979754
  8.00015551  8.50217139  9.00009169  9.49867075  9.99918562 10.49758841
 11.00310213 11.49877961 12.00253713 12.49633436 13.00148744 13.4990062
 14.00431749 14.49614495 15.00199875 15.49978887 15.99801855 16.49498202
 17.00146497 17.50396217 18.00042579 18.50293156 18.99608288 19.49286967]
Processed /remote/gpu01a/heneka/21cmlightcones/pure_simulations/run2076.npz with power spectra shape: (30, 10, 10)
Processed /remote/gpu01a/heneka/21cmlightcones/pure_simulations/run2076.npz with redshifts shape: [ 5.21155838  5.50030161  5.99832052  6.50184068  6.99780872  7.49972136
  8.00150664  8.50197963  9.00092403  9.49926586  9.99923195 10.49670675
 11.00372604 11.50075137 12.00114556 12.50240449 13.00176186 13.49620116
 14.00568894 14.50585317 15.00583382 15.50357361 15.99686589 16.49798807
 17.00633967 17.50532061 17.99221548 18.49860478 19.00763754 19.49972092]
Processed /remote/gpu01a/heneka/21cmlightcones/pure_simulations/run4404.npz with power spectra shape: (30, 10, 10)
Processed /remote/gpu01a/heneka/21cmlightcones/pure_simulations/run4404.npz with redshifts shape: [ 5.16752368  5.5002137   5.99961835  6.49917901  6.99957372  7.50006443
  8.00145001  8.50170214  8.9993933   9.49924592 10.002636   10.49962562
 10.99799146 11.5013477  11.99977925 12.49709374 12.99853956 13.50214082
 13.9964963  14.49720364 15.00309477 15.5022261  16.0028266  16.50331389
 17.00198463 17.49702078 17.99963831 18.38680309 18.38680309 18.38680309]
Processed /remote/gpu01a/heneka/21cmlightcones/pure_simulations/run3169.npz with power spectra shape: (30, 10, 10)
Processed /remote/gpu01a/heneka/21cmlightcones/pure_simulations/run3169.npz with redshifts shape: [ 5.18345183  5.50055541  6.00093258  6.49985415  6.99841785  7.50059114
  7.99959087  8.49779915  8.99990129  9.50133489  9.99693715 10.50129592
 10.99772684 11.4962553  12.0020523  12.49604194 13.0005238  13.49542975
 13.99687198 14.50358428 15.00303166 15.50371638 16.003912   16.50175851
 16.99527006 17.49615478 18.00387567 18.50286126 19.00623431 19.4970949 ]
Processed /remote/gpu01a/heneka/21cmlightcones/pure_simulations/run3140.npz with power spectra shape: (30, 10, 10)
Processed /remote/gpu01a/heneka/21cmlightcones/pure_simulations/run3140.npz with redshifts shape: [ 5.18095368  5.49916937  5.99867668  6.50089064  7.00029959  7.4998411
  8.00102817  8.50241258  8.99785828  9.49796289  9.99890825 10.50305834
 10.9998186  11.49911938 11.99806893 12.50197038 12.99979572 13.49727055
 14.0018263  14.50178848 15.00522352 15.49910686 16.00421138 16.49521744
 16.99474011 17.50234799 18.003344   18.49545682 19.00696663 19.50703353]
Processed /remote/gpu01a/heneka/21cmlightcones/pure_simulations/run884.npz with power spectra shape: (30, 10, 10)
Processed /remote/gpu01a/heneka/21cmlightcones/pure_simulations/run884.npz with redshifts shape: [ 5.17325677  5.49891747  6.00069756  6.50123701  7.0009989   7.49899693
  8.00027911  8.49886191  8.99829914  9.49891546 10.00201588 10.49721268
 10.99925677 11.49857087 11.99889105 12.49726155 12.99903941 13.5021146
 14.0041667  14.50267347 14.99492419 15.50001656 15.99489467 16.50038049
 17.0036844  17.50289042 17.9959703  18.49491899 18.99912884 19.47746799]
Processed /remote/gpu01a/heneka/21cmlightcones/pure_simulations/run3682.npz with power spectra shape: (30, 10, 10)
Processed /remote/gpu01a/heneka/21cmlightcones/pure_simulations/run3682.npz with redshifts shape: [ 5.16116108  5.50075705  6.00034231  6.49911665  7.00053882  7.50035871
  7.99856761  8.50131328  8.9987886   9.49981305 10.00028162 10.50152962
 10.99962575 11.49697471 11.99722061 12.49777447 13.00378036 13.49656058
 13.99807779 14.4981084  15.00401949 15.50437633 15.99644692 16.4997001
 17.00231563 17.27372388 17.27372388 17.27372388 17.27372388 17.27372388]
Processed /remote/gpu01a/heneka/21cmlightcones/pure_simulations/run3668.npz with power spectra shape: (30, 10, 10)
Processed /remote/gpu01a/heneka/21cmlightcones/pure_simulations/run3668.npz with redshifts shape: [ 5.17398878  5.50110987  5.99922884  6.49841191  7.00007452  7.50016071
  7.99928172  8.49995198  9.00164878  9.49908611  9.99836845 10.50188511
 10.99955978 11.50105073 12.00368184 12.49630689 13.00019258 13.49639697
 14.00030696 14.50076027 14.99503072 15.50229508 15.99939742 16.49518402
 17.00041525 17.5016183  17.99675325 18.49786422 19.00434244 19.50020611]
Processed /remote/gpu01a/heneka/21cmlightcones/pure_simulations/run4760.npz with power spectra shape: (30, 10, 10)
Processed /remote/gpu01a/heneka/21cmlightcones/pure_simulations/run4760.npz with redshifts shape: [ 5.18254068  5.50084526  5.99867877  6.49834522  6.99811033  7.50196614
  7.99853508  8.49916975  8.99882012  9.49761811 10.00304012 10.49851791
 10.99942995 11.50317573 11.99873213 12.49860097 13.00067848 13.50263549
 14.00192505 14.49579417 15.00340905 15.50159369 15.99917894 16.49431732
 16.99822916 17.49672599 18.0019253  18.49833484 18.99901245 19.50319531]
Processed /remote/gpu01a/heneka/21cmlightcones/pure_simulations/run2303.npz with power spectra shape: (30, 10, 10)
Processed /remote/gpu01a/heneka/21cmlightcones/pure_simulations/run2303.npz with redshifts shape: [ 5.15730003  5.50066255  5.99885082  6.5003742   6.99957404  7.5016698
  7.9997074   8.4988172   8.99792181  9.50170791 10.00083055 10.50138058
 10.99958884 11.4978683  11.9998398  12.50303862 12.99692685 13.50195044
 14.00012565 14.49712175 15.00015967 15.49811033 15.99878657 16.50078534
 16.64357022 16.64357022 16.64357022 16.64357022 16.64357022 16.64357022]
Processed /remote/gpu01a/heneka/21cmlightcones/pure_simulations/run3196.npz with power spectra shape: (30, 10, 10)
Processed /remote/gpu01a/heneka/21cmlightcones/pure_simulations/run3196.npz with redshifts shape: [ 5.1915877   5.49949582  5.99919358  6.49844147  6.99916636  7.5018913
  7.99929374  8.49894051  9.00104334  9.50066315  9.99885631 10.49791858
 11.0015152  11.49878385 12.00207696 12.50035896 12.99932381 13.4964208
 13.99940381 14.49581641 15.00569122 15.50464435 16.00187167 16.49536868
 16.99684164 17.50577115 18.00653783 18.49667542 19.00604769 19.5019607 ]
Processed /remote/gpu01a/heneka/21cmlightcones/pure_simulations/run1422.npz with power spectra shape: (30, 10, 10)
Processed /remote/gpu01a/heneka/21cmlightcones/pure_simulations/run1422.npz with redshifts shape: [ 5.1694645   5.5009039   6.00044203  6.49949473  6.99865834  7.50108362
  7.99988934  8.50128843  8.99981147  9.50019432  9.9979328  10.50050889
 10.99818107 11.5004281  11.99718774 12.50023974 12.99938623 13.50012049
 14.00020702 14.4972135  14.99879204 15.50359735 15.99889504 16.50509179
 16.99743406 17.49809177 17.9933528  18.49497525 18.74623585 18.74623585]
Processed /remote/gpu01a/heneka/21cmlightcones/pure_simulations/run2508.npz with power spectra shape: (30, 10, 10)
Processed /remote/gpu01a/heneka/21cmlightcones/pure_simulations/run2508.npz with redshifts shape: [ 5.16692798  5.50099327  5.9986418   6.49950605  7.00167188  7.50051767
  8.00009995  8.49840213  8.99900777  9.50238273  9.99838794 10.49943787
 11.00254707 11.49736839 12.00115677 12.49674328 12.99634826 13.49800317
 13.99953736 14.49858447 15.00271232 15.50002089 15.99871178 16.49720958
 17.00590028 17.49931416 18.00021459 18.27841564 18.27841564 18.27841564]
Processed /remote/gpu01a/heneka/21cmlightcones/pure_simulations/run970.npz with power spectra shape: (30, 10, 10)
Processed /remote/gpu01a/heneka/21cmlightcones/pure_simulations/run970.npz with redshifts shape: [ 5.20489796  5.50006897  5.99981466  6.49909547  7.00064408  7.50099964
  8.00239968  8.49817323  8.99914611  9.50112055  9.99931929 10.50352524
 11.00282985 11.50104585 12.00365083 12.49868885 13.00223374 13.50235733
 13.99597568 14.50341727 14.99982161 15.4944901  15.9988946  16.49842223
 17.00550844 17.5041033  18.00765669 18.4986647  18.99163982 19.50357492]
Processed /remote/gpu01a/heneka/21cmlightcones/pure_simulations/run1542.npz with power spectra shape: (30, 10, 10)
Processed /remote/gpu01a/heneka/21cmlightcones/pure_simulations/run1542.npz with redshifts shape: [ 5.19245776  5.49882448  6.00079445  6.49881547  7.0019256   7.4982329
  7.99763143  8.49946694  8.99819006  9.49991469 10.00036574 10.50184543
 11.00046287 11.49996393 11.99711847 12.49740997 12.9985086  13.49785002
 14.00322262 14.50210857 15.00297645 15.50409053 16.00357204 16.49940481
 17.00334983 17.50038592 18.00322136 18.49546821 19.00711984 19.50533661]
Processed /remote/gpu01a/heneka/21cmlightcones/pure_simulations/run4944.npz with power spectra shape: (30, 10, 10)
Processed /remote/gpu01a/heneka/21cmlightcones/pure_simulations/run4944.npz with redshifts shape: [ 5.17971635  5.50127947  6.00064565  6.49951473  6.99910759  7.49922905
  8.00142561  8.49931513  9.00179663  9.49868942 10.0023848  10.50324633
 10.99654831 11.49967544 12.00315429 12.50384199 12.99830764 13.50163761
 14.00291683 14.49946454 14.99929498 15.50088443 16.00257314 16.50256922
 16.99895434 17.5032329  18.00080596 18.50408164 18.99716952 19.49342229]
Processed /remote/gpu01a/heneka/21cmlightcones/pure_simulations/run3840.npz with power spectra shape: (30, 10, 10)
Processed /remote/gpu01a/heneka/21cmlightcones/pure_simulations/run3840.npz with redshifts shape: [ 5.1714197   5.49881435  6.00108332  6.49949911  7.00095405  7.5015406
  8.00194641  8.49997318  8.99918037  9.49992918  9.99762513 10.49979784
 11.00330855 11.49746033 11.99990039 12.50098657 12.99754637 13.50407126
 14.00080645 14.5036792  15.0010652  15.5010095  16.00198974 16.50235673
 17.00033887 17.49404761 17.99492789 18.50247091 19.00156998 19.11834382]
Processed /remote/gpu01a/heneka/21cmlightcones/pure_simulations/run3762.npz with power spectra shape: (30, 10, 10)
Processed /remote/gpu01a/heneka/21cmlightcones/pure_simulations/run3762.npz with redshifts shape: [ 5.15653474  5.50059317  5.99900422  6.50105812  7.00116385  7.50087304
  8.00033581  8.50132928  8.99812193  9.49939117 10.00125455 10.49932471
 11.00106959 11.49695018 12.00331089 12.49684275 13.00346171 13.49813227
 14.00224762 14.49687922 14.99740615 15.50269851 16.00110137 16.500715
 16.5224624  16.5224624  16.5224624  16.5224624  16.5224624  16.5224624 ]
Processed /remote/gpu01a/heneka/21cmlightcones/pure_simulations/run1837.npz with power spectra shape: (30, 10, 10)
Processed /remote/gpu01a/heneka/21cmlightcones/pure_simulations/run1837.npz with redshifts shape: [ 5.18517612  5.49961493  6.00150568  6.50173806  7.00136499  7.49999378
  7.99903567  8.50201261  8.99820961  9.4983813   9.99853871 10.50101976
 11.00219695 11.49804166 12.00057552 12.49920385 12.99950376 13.49907889
 13.99531434 14.49607937 14.9999136  15.50521365 15.99794207 16.50025148
 16.99838282 17.50415235 18.00249115 18.50614946 18.99872689 19.49395085]
Processed /remote/gpu01a/heneka/21cmlightcones/pure_simulations/run3990.npz with power spectra shape: (30, 10, 10)
Processed /remote/gpu01a/heneka/21cmlightcones/pure_simulations/run3990.npz with redshifts shape: [ 5.18300775  5.49929685  6.00148662  6.49921757  7.00039328  7.50149974
  7.99933611  8.50135643  9.00249485  9.50288041  9.99736502 10.50050472
 11.00285759 11.5004774  11.99716356 12.49824304 13.00160712 13.49535417
 13.99556024 14.50096133 14.99905617 15.49832605 15.99705008 16.50606106
 16.9985491  17.49834735 18.00491864 18.50272744 19.00486754 19.49448102]
Processed /remote/gpu01a/heneka/21cmlightcones/pure_simulations/run2337.npz with power spectra shape: (30, 10, 10)
Processed /remote/gpu01a/heneka/21cmlightcones/pure_simulations/run2337.npz with redshifts shape: [ 5.20457086  5.49924197  6.00165299  6.50031052  7.00115794  7.50074143
  8.00129735  8.50183142  9.00227907  9.49709367 10.00124552 10.49722348
 11.00334162 11.50078249 12.00255769 12.49673259 12.99935352 13.49851434
 14.00237048 14.49751584 15.00521205 15.49933703 16.00315438 16.50206875
 16.99372714 17.50642061 17.99323902 18.49954595 18.99176561 19.50288588]
Processed /remote/gpu01a/heneka/21cmlightcones/pure_simulations/run800.npz with power spectra shape: (30, 10, 10)
Processed /remote/gpu01a/heneka/21cmlightcones/pure_simulations/run800.npz with redshifts shape: [ 5.17362113  5.50000864  5.99995912  6.50151056  6.99866275  7.50160121
  7.99976146  8.49938163  8.99994152  9.50176521 10.00015733 10.50270702
 10.99935905 11.49975358 12.00122067 12.50079622 13.00384965 13.49918216
 14.00215477 14.50162602 14.99487765 15.50104635 15.99702671 16.50368651
 16.99564292 17.49557347 18.00302711 18.50331754 18.99421005 19.50390578]
Processed /remote/gpu01a/heneka/21cmlightcones/pure_simulations/run2953.npz with power spectra shape: (30, 10, 10)
Processed /remote/gpu01a/heneka/21cmlightcones/pure_simulations/run2953.npz with redshifts shape: [ 5.21599502  5.50099586  5.99852942  6.50036608  7.00225533  7.50021575
  8.0017971   8.50106715  8.99770733  9.49950723 10.00271257 10.50306924
 10.9958537  11.50293791 12.00452103 12.49636241 12.99526731 13.49981465
 13.99655544 14.49436695 15.00433052 15.49881527 16.00228242 16.49926143
 17.00277814 17.49586013 17.99260089 18.49207412 18.99327877 19.49514086]
Processed /remote/gpu01a/heneka/21cmlightcones/pure_simulations/run4259.npz with power spectra shape: (30, 10, 10)
Processed /remote/gpu01a/heneka/21cmlightcones/pure_simulations/run4259.npz with redshifts shape: [ 5.19455361  5.50140236  5.99909015  6.4987465   6.99916441  7.50077446
  8.00102027  8.49797031  9.00213837  9.49722794 10.00305163 10.50310878
 10.99968989 11.49654467 11.99899469 12.49580129 13.0023455  13.49724386
 13.9974638  14.50155353 14.99612623 15.50242525 15.99441637 16.49528647
 17.00458269 17.50712259 18.00049304 18.49802327 18.99890402 19.50225971]
Processed /remote/gpu01a/heneka/21cmlightcones/pure_simulations/run3139.npz with power spectra shape: (30, 10, 10)
Processed /remote/gpu01a/heneka/21cmlightcones/pure_simulations/run3139.npz with redshifts shape: [ 5.16767235  5.50067588  6.00059532  6.50072227  7.00173379  7.49894859
  8.00069462  8.50134154  8.99945946  9.49977403  9.99786584 10.50117478
 11.00009616 11.49702413 12.00309152 12.50104937 13.00317261 13.49870942
 14.00256136 14.5040281  15.00054136 15.50000252 16.00095222 16.50180702
 17.00086209 17.49629671 17.99933663 18.41399937 18.41399937 18.41399937]
Processed /remote/gpu01a/heneka/21cmlightcones/pure_simulations/run4111.npz with power spectra shape: (30, 10, 10)
Processed /remote/gpu01a/heneka/21cmlightcones/pure_simulations/run4111.npz with redshifts shape: [ 5.16482386  5.49961546  5.99927958  6.50008035  6.99927556  7.49912935
  8.00051235  8.50150946  9.00079231  9.49776682  9.99840278 10.49905369
 11.00212148 11.49742372 12.00203224 12.49902423 13.00049968 13.49592329
 13.99997212 14.50216064 14.99999307 15.50126522 16.00457164 16.49694531
 16.99911516 17.49836892 17.90263107 17.90263107 17.90263107 17.90263107]
Processed /remote/gpu01a/heneka/21cmlightcones/pure_simulations/run619.npz with power spectra shape: (30, 10, 10)
Processed /remote/gpu01a/heneka/21cmlightcones/pure_simulations/run619.npz with redshifts shape: [ 5.20496166  5.50022993  6.00015489  6.49963264  7.00139629  7.50198307
  7.99839741  8.49966524  9.00091658  9.50318513 10.00169014 10.49866259
 10.99780484 11.49586189 11.99830924 12.50280274 12.9965878  13.49656312
 14.00128874 14.4973342  15.00599976 15.50111234 16.0059811  16.50597996
 16.99874872 17.4972161  18.00064329 18.50821992 19.00171403 19.49620013]
Processed /remote/gpu01a/heneka/21cmlightcones/pure_simulations/run1334.npz with power spectra shape: (30, 10, 10)
Processed /remote/gpu01a/heneka/21cmlightcones/pure_simulations/run1334.npz with redshifts shape: [ 5.15397814  5.49935848  5.99998897  6.49961908  7.00100823  7.4994664
  7.99822776  8.49911669  9.00118512  9.49918995  9.99790351 10.49873898
 10.99807339 11.49833078 12.00311819 12.50284142 13.00131272 13.5037071
 13.99968685 14.50373994 14.99624792 15.50284296 16.0031818  16.12665347
 16.12665347 16.12665347 16.12665347 16.12665347 16.12665347 16.12665347]
Processed /remote/gpu01a/heneka/21cmlightcones/pure_simulations/run2732.npz with power spectra shape: (30, 10, 10)
Processed /remote/gpu01a/heneka/21cmlightcones/pure_simulations/run2732.npz with redshifts shape: [ 5.19656901  5.50061074  6.00009311  6.50138359  6.99899369  7.5013256
  8.00192193  8.49878254  9.00248349  9.50284298 10.00085507 10.49878992
 11.0003244  11.50245494 12.00183859 12.50403529 12.9968839  13.49667969
 14.00211506 14.50037306 15.00006388 15.49938125 15.99637407 16.50256357
 17.00328666 17.49620968 17.99427691 18.49674077 19.002786   19.49425919]
Processed /remote/gpu01a/heneka/21cmlightcones/pure_simulations/run4764.npz with power spectra shape: (30, 10, 10)
Processed /remote/gpu01a/heneka/21cmlightcones/pure_simulations/run4764.npz with redshifts shape: [ 5.16348537  5.50054522  5.99897202  6.4987006   7.00056916  7.50018018
  8.00162836  8.49851507  8.99827548  9.50144143  9.99815714 10.50065185
 10.99963043 11.49749578 11.99791054 12.49821563 13.00359658 13.50362951
 14.00390374 14.50213238 14.99584642 15.50316247 16.00239883 16.50195598
 17.00020022 17.49538535 17.6691686  17.6691686  17.6691686  17.6691686 ]
Processed /remote/gpu01a/heneka/21cmlightcones/pure_simulations/run4234.npz with power spectra shape: (30, 10, 10)
Processed /remote/gpu01a/heneka/21cmlightcones/pure_simulations/run4234.npz with redshifts shape: [ 5.17535768  5.49968611  5.99862651  6.49840142  7.00038815  7.50045261
  7.99916666  8.49902265  8.99945364  9.50074632  9.99812139 10.49920443
 11.00071047 11.49896908 11.99772768 12.50219724 13.00175625 13.50202047
 14.00061028 14.49494699 15.00351171 15.5040965  16.0052474  16.50524683
 17.00225189 17.4943034  18.00683885 18.4980273  18.99367446 19.49307323]
Processed /remote/gpu01a/heneka/21cmlightcones/pure_simulations/run140.npz with power spectra shape: (30, 10, 10)
Processed /remote/gpu01a/heneka/21cmlightcones/pure_simulations/run140.npz with redshifts shape: [ 5.15995891  5.49938831  6.00056677  6.49861546  6.99953631  7.49915413
  8.00159674  8.50071736  8.99910626  9.50145671  9.99819712 10.50136517
 11.00193234 11.50231491 11.99905582 12.50340883 12.9979272  13.50337081
 14.00142048 14.49781216 14.9998597  15.49621839 15.99480506 16.50526508
 17.00430885 17.07401293 17.07401293 17.07401293 17.07401293 17.07401293]
Processed /remote/gpu01a/heneka/21cmlightcones/pure_simulations/run2976.npz with power spectra shape: (30, 10, 10)
Processed /remote/gpu01a/heneka/21cmlightcones/pure_simulations/run2976.npz with redshifts shape: [ 5.2030139   5.49849246  6.00042217  6.49897774  7.00011147  7.50044767
  8.00225429  8.49896868  9.00136504  9.49879646  9.9991604  10.49863656
 11.00093196 11.50286053 12.0008884  12.50067517 12.99964539 13.49498156
 13.99477961 14.49745018 15.00124561 15.50426181 16.00444383 16.4995949
 17.00204292 17.49588792 17.99445668 18.49694426 19.0024758  19.49228073]
Processed /remote/gpu01a/heneka/21cmlightcones/pure_simulations/run3981.npz with power spectra shape: (30, 10, 10)
Processed /remote/gpu01a/heneka/21cmlightcones/pure_simulations/run3981.npz with redshifts shape: [ 5.16655642  5.49983256  5.99912465  6.4988831   6.9998263   7.50126238
  7.99976099  8.50151162  9.00121624  9.49823486  9.99856289 10.49847935
 11.00037618 11.50090515 11.99636534 12.49837003 12.99693021 13.49747704
 13.99784558 14.49567621 14.99851909 15.50508284 16.00287692 16.50043245
 16.99605884 17.50050746 18.00032676 18.21126744 18.21126744 18.21126744]
Processed /remote/gpu01a/heneka/21cmlightcones/pure_simulations/run1654.npz with power spectra shape: (30, 10, 10)
Processed /remote/gpu01a/heneka/21cmlightcones/pure_simulations/run1654.npz with redshifts shape: [ 5.18967504  5.50028495  6.00156679  6.49960751  6.99935466  7.5013775
  7.99847571  8.49818788  9.00076813  9.50136919 10.00107727 10.50220494
 11.00095774 11.50106757 11.99938809 12.50136226 12.99532791 13.49708351
 13.99501366 14.49713853 15.00192842 15.49567295 16.00005987 16.50164585
 16.99833984 17.5022112  17.99779904 18.49812773 19.00243992 19.49324292]
Processed /remote/gpu01a/heneka/21cmlightcones/pure_simulations/run3974.npz with power spectra shape: (30, 10, 10)
Processed /remote/gpu01a/heneka/21cmlightcones/pure_simulations/run3974.npz with redshifts shape: [ 5.16763727  5.50056688  6.00036488  6.50035823  7.00122431  7.49828338
  7.99986136  8.50032994  8.99826005  9.49837582 10.00205381 10.49934962
 10.99804398 11.50175346 12.00055551 12.49825988 13.00011883 13.50415472
 13.99895598 14.50013364 14.99635248 15.4955095  15.99614649 16.49668086
 16.99540877 17.50315024 18.00636535 18.40757996 18.40757996 18.40757996]
Processed /remote/gpu01a/heneka/21cmlightcones/pure_simulations/run1710.npz with power spectra shape: (30, 10, 10)
Processed /remote/gpu01a/heneka/21cmlightcones/pure_simulations/run1710.npz with redshifts shape: [ 5.20084028  5.4992679   5.99925197  6.4999802   6.99998844  7.49951425
  8.00085397  8.49756525  9.0003537   9.49873159 10.00055551 10.50208724
 10.99914023 11.50389058 11.996572   12.5001028  13.00357996 13.50424705
 13.99911657 14.49657097 14.99488163 15.5048975  15.99971447 16.50322602
 17.00041863 17.50399519 17.99752876 18.49473613 18.99475019 19.49663523]
Processed /remote/gpu01a/heneka/21cmlightcones/pure_simulations/run3215.npz with power spectra shape: (30, 10, 10)
Processed /remote/gpu01a/heneka/21cmlightcones/pure_simulations/run3215.npz with redshifts shape: [ 5.16096151  5.50011095  5.99897723  6.50010125  7.00097789  7.5001972
  8.00187402  8.49978537  9.00132741  9.50190436 10.0018852  10.50260509
 11.00013778 11.49688678 11.99649203 12.49636843 13.00165322 13.50211604
 14.00328938 14.50295082 14.99869629 15.49817028 16.00002897 16.50280844
 17.00492612 17.24034404 17.24034404 17.24034404 17.24034404 17.24034404]
Processed /remote/gpu01a/heneka/21cmlightcones/pure_simulations/run2728.npz with power spectra shape: (30, 10, 10)
Processed /remote/gpu01a/heneka/21cmlightcones/pure_simulations/run2728.npz with redshifts shape: [ 5.15897172  5.50119174  5.99935826  6.5002807   7.0015713   7.49818145
  8.00139452  8.5017245   9.00178031  9.5011335  10.00018698 10.50029516
 10.99761634 11.5012123  12.00180229 12.50312535 13.00239439 13.49657131
 13.99987733 14.50225645 15.00135977 15.5047648  16.00060634 16.49708707
 16.91240941 16.91240941 16.91240941 16.91240941 16.91240941 16.91240941]
Processed /remote/gpu01a/heneka/21cmlightcones/pure_simulations/run3192.npz with power spectra shape: (30, 10, 10)
Processed /remote/gpu01a/heneka/21cmlightcones/pure_simulations/run3192.npz with redshifts shape: [ 5.194144    5.50030738  6.00019004  6.49887842  6.998223    7.49865636
  7.99763105  8.49860038  9.00173162  9.50197327 10.00035116 10.49914897
 11.00203955 11.49797737 11.99943928 12.50431925 13.00063876 13.50453079
 14.00406444 14.4962055  15.00121894 15.49437274 15.99782291 16.49778106
 17.00610626 17.49302548 17.99999125 18.49644828 18.99620801 19.49839689]
Processed /remote/gpu01a/heneka/21cmlightcones/pure_simulations/run4882.npz with power spectra shape: (30, 10, 10)
Processed /remote/gpu01a/heneka/21cmlightcones/pure_simulations/run4882.npz with redshifts shape: [ 5.18248853  5.50069668  6.00157193  6.50140387  7.00133069  7.50105878
  8.00206799  8.49779324  9.00265142  9.50159306 10.00085086 10.5027714
 10.99663671 11.50005787 12.00337955 12.50337364 12.99652363 13.4981095
 13.99701849 14.50103921 14.99770583 15.49547784 16.00475049 16.49999151
 17.00400496 17.50259995 17.99358182 18.50439855 19.00516755 19.49339341]
Processed /remote/gpu01a/heneka/21cmlightcones/pure_simulations/run987.npz with power spectra shape: (30, 10, 10)
Processed /remote/gpu01a/heneka/21cmlightcones/pure_simulations/run987.npz with redshifts shape: [ 5.16615454  5.50119597  5.99939319  6.50116756  7.00108732  7.50138937
  7.99865522  8.49906203  9.0023076   9.49817334  9.99725502 10.5019807
 11.00286572 11.50231381 11.99663476 12.4974164  13.00293896 13.50257756
 14.00198071 14.49879485 15.0005551  15.49541967 16.00258632 16.49890982
 17.00528232 17.49635301 17.99478056 18.13901381 18.13901381 18.13901381]
Processed /remote/gpu01a/heneka/21cmlightcones/pure_simulations/run2924.npz with power spectra shape: (30, 10, 10)
Processed /remote/gpu01a/heneka/21cmlightcones/pure_simulations/run2924.npz with redshifts shape: [ 5.1757122   5.50073652  6.00084688  6.49848649  7.00153289  7.49862328
  7.99821468  8.49903164  9.00050435  9.49725596 10.00148142 10.49734519
 10.99976585 11.49899454 11.99878422 12.49610266 12.9963488  13.49734944
 13.99672083 14.50203068 15.00133483 15.50284314 16.00496371 16.50597429
 17.00402778 17.49715873 17.99707066 18.50321123 19.00006988 19.5007293 ]
Processed /remote/gpu01a/heneka/21cmlightcones/pure_simulations/run136.npz with power spectra shape: (30, 10, 10)
Processed /remote/gpu01a/heneka/21cmlightcones/pure_simulations/run136.npz with redshifts shape: [ 5.21643643  5.49866183  6.00076148  6.49969504  6.99794202  7.50160356
  7.99883709  8.49889957  9.00286613  9.49914678 10.00337177 10.4968401
 10.99873061 11.49801377 12.000334   12.50308659 13.00339803 13.4981398
 13.99581606 14.49461452 15.00563914 15.50120076 16.00581199 16.50396665
 16.99310572 17.5030591  18.00110955 18.5019435  19.00455746 19.50787427]
Processed /remote/gpu01a/heneka/21cmlightcones/pure_simulations/run4089.npz with power spectra shape: (30, 10, 10)
Processed /remote/gpu01a/heneka/21cmlightcones/pure_simulations/run4089.npz with redshifts shape: [ 5.20486562  5.49998715  5.99964159  6.49882234  7.00026157  7.50049963
  8.00177359  8.4974147   8.99824589  9.50007087  9.99811384 10.50215499
 11.00128924 11.49932846 12.00174833 12.49659766 12.99994374 13.49986366
 14.0045243  14.5004972  14.99668095 15.50410234 15.99529262 16.49458076
 17.00141803 17.49976247 18.00305746 18.4938081  19.00384196 19.49817524]
Processed /remote/gpu01a/heneka/21cmlightcones/pure_simulations/run2641.npz with power spectra shape: (30, 10, 10)
Processed /remote/gpu01a/heneka/21cmlightcones/pure_simulations/run2641.npz with redshifts shape: [ 5.16903848  5.49959352  6.00064751  6.49842007  6.99980189  7.50102801
  7.99853302  8.4985169   9.0005925   9.49974    10.00200188 10.49731686
 11.00015154 11.50123015 11.99676102 12.49849573 12.99626392 13.50438734
 14.00341527 14.49931053 14.99970897 15.50326792 15.9972865  16.50211943
 17.00531278 17.5050257  17.99930622 18.49988964 18.6665028  18.6665028 ]
Processed /remote/gpu01a/heneka/21cmlightcones/pure_simulations/run307.npz with power spectra shape: (30, 10, 10)
Processed /remote/gpu01a/heneka/21cmlightcones/pure_simulations/run307.npz with redshifts shape: [ 5.16770303  5.50077119  6.00079671  6.50104042  6.99857887  7.49953004
  8.00142304  8.50222586  9.00050796  9.50099623  9.99926963 10.50277041
 11.00189025 11.49902386 11.9978609  12.5034882  12.99751894 13.50161492
 13.9964825  14.49773512 15.00420382 15.50393103 16.00515434 16.49465495
 17.00563035 17.50135544 18.00469672 18.41961291 18.41961291 18.41961291]
Processed /remote/gpu01a/heneka/21cmlightcones/pure_simulations/run4218.npz with power spectra shape: (30, 10, 10)
Processed /remote/gpu01a/heneka/21cmlightcones/pure_simulations/run4218.npz with redshifts shape: [ 5.1974569   5.49985302  6.00158195  6.50153179  7.001474    7.50174526
  7.99965617  8.49862711  8.99873783  9.50112233 10.00130613 10.50156469
 10.9978258  11.50210382 12.00375746 12.49910197 13.00371372 13.49585415
 14.00355629 14.5041619  14.99436444 15.49568758 15.99477516 16.50319718
 17.00622557 17.50151104 18.00205757 18.50711562 18.99914568 19.49271141]
Processed /remote/gpu01a/heneka/21cmlightcones/pure_simulations/run1753.npz with power spectra shape: (30, 10, 10)
Processed /remote/gpu01a/heneka/21cmlightcones/pure_simulations/run1753.npz with redshifts shape: [ 5.15757415  5.49908597  6.00077004  6.50033611  7.00043644  7.49981698
  7.99858965  8.49850589  8.99848501  9.4981389   9.99790117 10.4991474
 10.99810202 11.49718004 12.00000783 12.4967093  12.99894543 13.49673502
 14.00420112 14.50228678 14.99691456 15.4955972  15.99704712 16.49985891
 16.68724243 16.68724243 16.68724243 16.68724243 16.68724243 16.68724243]
Processed /remote/gpu01a/heneka/21cmlightcones/pure_simulations/run3632.npz with power spectra shape: (30, 10, 10)
Processed /remote/gpu01a/heneka/21cmlightcones/pure_simulations/run3632.npz with redshifts shape: [ 5.20439177  5.49878926  6.00069241  6.4987958   6.99903833  7.49797167
  7.99783066  8.49762375  8.99728761  9.49785525 10.00161261 10.49717397
 11.00283839 11.49980562 12.00107616 12.50431061 12.99679037 13.49537129
 13.99861676 14.50492773 15.00016855 15.49362237 15.99673212 16.49492238
 17.00059571 17.4977478  17.99979106 18.5059171  18.99794747 19.50885777]
Processed /remote/gpu01a/heneka/21cmlightcones/pure_simulations/run2115.npz with power spectra shape: (30, 10, 10)
Processed /remote/gpu01a/heneka/21cmlightcones/pure_simulations/run2115.npz with redshifts shape: [ 5.21633223  5.49841347  6.00023435  6.49886348  7.00140482  7.50008162
  8.00245241  8.50257398  9.0001243   9.50290631  9.99970116 10.50064284
 11.00253976 11.50181957 12.00412675 12.49672106 12.99643223 13.5018379
 13.99946498 14.49820507 14.99608103 15.50464789 15.9948489  16.50723721
 16.99627828 17.50612118 18.00405616 18.504766   19.0072477  19.49145067]
Processed /remote/gpu01a/heneka/21cmlightcones/pure_simulations/run1315.npz with power spectra shape: (30, 10, 10)
Processed /remote/gpu01a/heneka/21cmlightcones/pure_simulations/run1315.npz with redshifts shape: [ 5.19592427  5.49890803  5.99993372  6.49950827  6.9994426   7.5001212
  7.99892354  8.49928782  9.00133732  9.49993242 10.0028293  10.49923431
 10.99912293 11.49950245 11.99704425 12.49728961 12.997829   13.49601547
 13.999738   14.49622483 15.00592019 15.50386016 15.99941242 16.50406439
 17.00319806 17.49449057 18.00619708 18.50747909 18.99568761 19.50248263]
Processed /remote/gpu01a/heneka/21cmlightcones/pure_simulations/run4530.npz with power spectra shape: (30, 10, 10)
Processed /remote/gpu01a/heneka/21cmlightcones/pure_simulations/run4530.npz with redshifts shape: [ 5.20615227  5.5000039   5.9992901   6.50166672  6.99781211  7.50104434
  8.00033148  8.49903708  8.99705169  9.50200192 10.00337175 10.50339716
 10.99769819 11.49868496 12.00426513 12.50240724 12.9990715  13.5021176
 13.99877416 14.49760001 14.99678373 15.49435921 16.00186654 16.50460303
 17.00018939 17.50162627 17.99202902 18.50221499 18.99835206 19.49559006]
Processed /remote/gpu01a/heneka/21cmlightcones/pure_simulations/run1164.npz with power spectra shape: (30, 10, 10)
Processed /remote/gpu01a/heneka/21cmlightcones/pure_simulations/run1164.npz with redshifts shape: [ 5.20820698  5.49863016  5.99924853  6.49869213  6.99962411  7.49842352
  8.00257691  8.50079483  8.99779862  9.50124407 10.00046731 10.49768601
 10.99661512 11.50260002 12.00430022 12.49770859 12.99911466 13.49636432
 13.99771651 14.50150329 15.0058935  15.4957039  15.99457056 16.50201704
 17.00245452 17.49334414 18.00461228 18.50345173 19.00459328 19.50703287]
Processed /remote/gpu01a/heneka/21cmlightcones/pure_simulations/run992.npz with power spectra shape: (30, 10, 10)
Processed /remote/gpu01a/heneka/21cmlightcones/pure_simulations/run992.npz with redshifts shape: [ 5.18915189  5.49885289  5.99853492  6.49850803  7.00077459  7.50150516
  8.00203943  8.50063554  9.00199015  9.50127002  9.99956171 10.4991737
 10.99632509 11.50264719 11.99966459 12.50024752 13.00214231 13.50286291
 13.99970112 14.50066041 15.00421443 15.49668898 15.99971714 16.49989117
 16.9951284  17.49746288 18.00631094 18.50558817 18.99277264 19.49846842]
Processed /remote/gpu01a/heneka/21cmlightcones/pure_simulations/run3214.npz with power spectra shape: (30, 10, 10)
Processed /remote/gpu01a/heneka/21cmlightcones/pure_simulations/run3214.npz with redshifts shape: [ 5.20070653  5.49892336  5.99852275  6.4988276   6.99837616  7.50211261
  7.99821566  8.49992297  9.00255822  9.50076374 10.00239395 10.49631159
 11.00053516 11.49664534 11.99744971 12.50069195 13.0038628  13.50420785
 13.99874235 14.49584343 15.00593105 15.50340433 15.99782157 16.50091087
 16.99767093 17.50079403 17.99386849 18.50694583 19.00709876 19.49149247]
Processed /remote/gpu01a/heneka/21cmlightcones/pure_simulations/run1656.npz with power spectra shape: (30, 10, 10)
Processed /remote/gpu01a/heneka/21cmlightcones/pure_simulations/run1656.npz with redshifts shape: [ 5.18503144  5.49920959  6.00064624  6.50038095  6.99946752  7.50185849
  8.00066486  8.49824521  8.99928282  9.4991354   9.99894729 10.50105522
 11.00183496 11.49726218 11.99934849 12.49750926 12.99731694 13.49637757
 14.00225234 14.50297097 14.99553395 15.50022529 16.00461638 16.49400217
 17.00484842 17.49654882 17.99418533 18.49711452 19.00462937 19.49968448]
Processed /remote/gpu01a/heneka/21cmlightcones/pure_simulations/run1513.npz with power spectra shape: (30, 10, 10)
Processed /remote/gpu01a/heneka/21cmlightcones/pure_simulations/run1513.npz with redshifts shape: [ 5.19401824  5.4999711   5.99947914  6.50153125  7.00081024  7.50115532
  8.00002039  8.50085844  8.99803125  9.4976609  10.00209402 10.50068189
 11.00334202 11.49903451 12.00023039 12.49572073 13.00084614 13.50441858
 14.00361885 14.49541527 15.00005907 15.50513858 15.99588613 16.49543168
 17.00332165 17.50441558 17.99631135 18.49229968 19.00799773 19.49325935]
Processed /remote/gpu01a/heneka/21cmlightcones/pure_simulations/run3783.npz with power spectra shape: (30, 10, 10)
Processed /remote/gpu01a/heneka/21cmlightcones/pure_simulations/run3783.npz with redshifts shape: [ 5.1619252   5.50067668  5.99986788  6.5010504   7.00166004  7.50023707
  8.0008818   8.50179295  9.0017426   9.50021993  9.99756441 10.5010695
 11.00156214 11.50145348 11.99721259 12.50019723 13.00075619 13.50423362
 13.99966629 14.50219698 15.00093159 15.50355853 15.99796611 16.50371523
 16.9972048  17.40235639 17.40235639 17.40235639 17.40235639 17.40235639]
Processed /remote/gpu01a/heneka/21cmlightcones/pure_simulations/run3371.npz with power spectra shape: (30, 10, 10)
Processed /remote/gpu01a/heneka/21cmlightcones/pure_simulations/run3371.npz with redshifts shape: [ 5.19515323  5.49993803  5.9990429   6.5002856   6.99826995  7.50138647
  7.99828478  8.50198192  9.00222342  9.49887945  9.99967927 10.50107524
 10.99908163 11.49745569 12.0015353  12.50004369 12.99874    13.49498989
 13.99665234 14.50227225 14.99841976 15.49403017 16.00010558 16.50278655
 16.99988669 17.50378733 17.99855259 18.49754764 18.9999616  19.50491619]
Processed /remote/gpu01a/heneka/21cmlightcones/pure_simulations/run3019.npz with power spectra shape: (30, 10, 10)
Processed /remote/gpu01a/heneka/21cmlightcones/pure_simulations/run3019.npz with redshifts shape: [ 5.15549946  5.49959556  5.99993251  6.49862955  6.99839151  7.50171934
  8.00181358  8.49949912  9.00207043  9.50021279  9.99871087 10.49895835
 10.99726361 11.50255538 11.9989089  12.5034543  12.99928998 13.49852217
 13.99924664 14.49937584 14.99664351 15.49848908 16.0036704  16.36058443
 16.36058443 16.36058443 16.36058443 16.36058443 16.36058443 16.36058443]
Processed /remote/gpu01a/heneka/21cmlightcones/pure_simulations/run2309.npz with power spectra shape: (30, 10, 10)
Processed /remote/gpu01a/heneka/21cmlightcones/pure_simulations/run2309.npz with redshifts shape: [ 5.18387696  5.4988673   6.00024979  6.50029444  7.00009684  7.49931373
  7.99939065  8.49876931  9.00214451  9.49901623 10.00197735 10.50109104
 10.99868319 11.49845059 11.99741758 12.50093503 12.99776384 13.50329561
 13.99621671 14.5040867  15.00473149 15.49500265 15.99597056 16.49463087
 17.0022845  17.504637   17.99946954 18.49944547 19.00386081 19.49577821]
Processed /remote/gpu01a/heneka/21cmlightcones/pure_simulations/run952.npz with power spectra shape: (30, 10, 10)
Processed /remote/gpu01a/heneka/21cmlightcones/pure_simulations/run952.npz with redshifts shape: [ 5.19039451  5.49926085  5.99904956  6.49877112  7.00039037  7.50000572
  7.99892109  8.50061761  8.99964875  9.50210869  9.997235   10.50003729
 11.00057609 11.50259403 12.00292991 12.49810903 13.00323094 13.49739818
 13.99725861 14.50142619 14.99683182 15.50430473 15.99839015 16.50182193
 17.00042371 17.5063104  18.00395819 18.50644382 18.99687976 19.50607556]
Processed /remote/gpu01a/heneka/21cmlightcones/pure_simulations/run4913.npz with power spectra shape: (30, 10, 10)
Processed /remote/gpu01a/heneka/21cmlightcones/pure_simulations/run4913.npz with redshifts shape: [ 5.18806827  5.49884334  5.9988593   6.49956418  6.99896625  7.50098259
  7.99852025  8.49909919  8.99738592  9.4994437  10.00117798 10.49797772
 10.99954148 11.50311211 11.99726051 12.50361611 13.00277934 13.50062402
 14.00480199 14.50311105 15.00386545 15.50540225 16.00591829 16.50347356
 16.99600145 17.49547071 18.00129789 18.49749707 18.99748507 19.50044543]
Processed /remote/gpu01a/heneka/21cmlightcones/pure_simulations/run2152.npz with power spectra shape: (30, 10, 10)
Processed /remote/gpu01a/heneka/21cmlightcones/pure_simulations/run2152.npz with redshifts shape: [ 5.15637879  5.50007333  6.00066044  6.49932119  6.99873374  7.50137323
  8.0003644   8.50084332  9.00177335  9.49776034  9.99898986 10.50217273
 10.99743058 11.49912158 11.99815024 12.49822739 12.99664471 13.49862435
 14.00225172 14.49637996 14.99637335 15.50110273 15.99892641 16.4979365
 16.4979365  16.4979365  16.4979365  16.4979365  16.4979365  16.4979365 ]
Processed /remote/gpu01a/heneka/21cmlightcones/pure_simulations/run1756.npz with power spectra shape: (30, 10, 10)
Processed /remote/gpu01a/heneka/21cmlightcones/pure_simulations/run1756.npz with redshifts shape: [ 5.16416443  5.50012197  6.00065393  6.4995207   7.00011128  7.50183024
  8.0013779   8.50037657  9.00242879  9.49747764 10.00170577 10.50052493
 11.00162341 11.50173556 11.99724761 12.49964094 12.99909993 13.50101035
 14.00326819 14.50357486 14.99944739 15.49865272 15.99979113 16.50134106
 17.00166075 17.49899417 17.78707695 17.78707695 17.78707695 17.78707695]
Processed /remote/gpu01a/heneka/21cmlightcones/pure_simulations/run4914.npz with power spectra shape: (30, 10, 10)
Processed /remote/gpu01a/heneka/21cmlightcones/pure_simulations/run4914.npz with redshifts shape: [ 5.15705112  5.49983665  5.99987294  6.50068065  6.99908994  7.50031452
  8.00143632  8.49987324  8.99824503  9.50123208  9.99950585 10.49914854
 11.00258545 11.50024268 12.0015427  12.49664223 12.99716652 13.50138461
 13.99872428 14.50392873 14.99696008 15.50393214 16.00406776 16.4945942
 16.6040417  16.6040417  16.6040417  16.6040417  16.6040417  16.6040417 ]
Processed /remote/gpu01a/heneka/21cmlightcones/pure_simulations/run3787.npz with power spectra shape: (30, 10, 10)
Processed /remote/gpu01a/heneka/21cmlightcones/pure_simulations/run3787.npz with redshifts shape: [ 5.20092811  5.49949428  5.99973104  6.50073753  7.00104783  7.50089886
  7.99745632  8.49966693  9.00284945  9.50163868  9.99696571 10.49847274
 11.00340663 11.50025322 12.00183812 12.49647675 12.99997215 13.50066554
 13.99556873 14.50465805 15.00358239 15.50149883 15.99637973 16.49996365
 16.99723494 17.50089816 17.99452373 18.49183057 18.99195163 19.49395076]
Processed /remote/gpu01a/heneka/21cmlightcones/pure_simulations/run2140.npz with power spectra shape: (30, 10, 10)
Processed /remote/gpu01a/heneka/21cmlightcones/pure_simulations/run2140.npz with redshifts shape: [ 5.20971895  5.49908901  5.99984247  6.49901573  6.99923615  7.50171788
  7.99921204  8.50084616  9.00153977  9.50225452  9.99801136 10.49873162
 11.00140933 11.50266664 11.99877088 12.49548427 13.00044588 13.50141459
 13.99519338 14.50254062 14.99798402 15.50428544 15.99329873 16.50439278
 16.99344557 17.50330561 18.00228845 18.50466708 18.99176957 19.49737347]
Processed /remote/gpu01a/heneka/21cmlightcones/pure_simulations/run959.npz with power spectra shape: (30, 10, 10)
Processed /remote/gpu01a/heneka/21cmlightcones/pure_simulations/run959.npz with redshifts shape: [ 5.1645705   5.49881592  6.00048385  6.50061477  6.99906753  7.49810546
  7.9985995   8.49863971  9.0018343   9.49810011  9.99796818 10.4977983
 10.99998906 11.50126653 11.99800557 12.50171533 13.00255389 13.49730991
 14.00064115 14.50207648 14.99912555 15.49957248 16.00201426 16.50492436
 16.99474418 17.50544751 17.85811128 17.85811128 17.85811128 17.85811128]
Processed /remote/gpu01a/heneka/21cmlightcones/pure_simulations/run476.npz with power spectra shape: (30, 10, 10)
Processed /remote/gpu01a/heneka/21cmlightcones/pure_simulations/run476.npz with redshifts shape: [ 5.18727638  5.49960771  6.00081942  6.49955529  7.00079905  7.50081003
  8.00096396  8.49958297  9.00136104  9.50155491 10.00128061 10.50286293
 11.0025937  11.49636385 11.99629294 12.50042323 12.99727395 13.50248076
 14.00460349 14.50077762 14.99928423 15.49846914 15.9965388  16.50454219
 16.995023   17.50643827 17.99588174 18.50503008 19.00318965 19.5042354 ]
Processed /remote/gpu01a/heneka/21cmlightcones/pure_simulations/run3816.npz with power spectra shape: (30, 10, 10)
Processed /remote/gpu01a/heneka/21cmlightcones/pure_simulations/run3816.npz with redshifts shape: [ 5.16558607  5.49941081  6.00145515  6.49843974  6.99986451  7.49827788
  8.00198406  8.50090192  8.99755584  9.50199098  9.99959042 10.50270321
 11.00187727 11.49951188 11.99928378 12.49846687 13.00228114 13.50013952
 13.99767352 14.50211225 15.00228663 15.49550981 16.00091636 16.49544181
 16.99990394 17.50153341 17.99844294 18.03749487 18.03749487 18.03749487]
Processed /remote/gpu01a/heneka/21cmlightcones/pure_simulations/run4646.npz with power spectra shape: (30, 10, 10)
Processed /remote/gpu01a/heneka/21cmlightcones/pure_simulations/run4646.npz with redshifts shape: [ 5.20185584  5.49871482  6.00124938  6.50088366  6.99926595  7.50132031
  8.00026778  8.49950265  8.9990111   9.49986056  9.99739141 10.50128652
 11.00084294 11.4998581  12.00376911 12.50083393 12.99693195 13.499799
 13.99696635 14.49685228 14.99771925 15.49767624 15.99468449 16.5005335
 17.000139   17.50626428 18.00239681 18.50232247 19.00516988 19.49227325]
Processed /remote/gpu01a/heneka/21cmlightcones/pure_simulations/run1550.npz with power spectra shape: (30, 10, 10)
Processed /remote/gpu01a/heneka/21cmlightcones/pure_simulations/run1550.npz with redshifts shape: [ 5.17345947  5.49952448  5.99893506  6.49989086  7.00012226  7.49863993
  8.00049585  8.49969821  8.99980352  9.50113642  9.99900706 10.50099737
 10.99706431 11.49683741 11.99765059 12.49654387 12.99888003 13.50254616
 13.99567368 14.50437137 14.99728864 15.50309416 15.9986992  16.50495619
 16.99650267 17.49599827 18.00299144 18.50280961 18.99322111 19.50239962]
Processed /remote/gpu01a/heneka/21cmlightcones/pure_simulations/run2779.npz with power spectra shape: (30, 10, 10)
Processed /remote/gpu01a/heneka/21cmlightcones/pure_simulations/run2779.npz with redshifts shape: [ 5.18971523  5.50039487  5.99846838  6.49997454  6.99986809  7.50204944
  7.99931557  8.49920717  9.00197847  9.50277995 10.00269816 10.49704469
 11.00302753 11.50337611 12.00194339 12.50417511 12.99840279 13.50043319
 13.99864434 14.50106093 14.99466131 15.50019979 16.00490414 16.49366789
 17.00383565 17.4937566  18.00397732 18.50465871 18.99326726 19.50049733]
Processed /remote/gpu01a/heneka/21cmlightcones/pure_simulations/run1896.npz with power spectra shape: (30, 10, 10)
Processed /remote/gpu01a/heneka/21cmlightcones/pure_simulations/run1896.npz with redshifts shape: [ 5.16298485  5.49894929  6.0013395   6.49973277  7.00011018  7.49809228
  8.0019377   8.50180197  9.00024416  9.50197148 10.00279418 10.49800356
 11.00165787 11.49808685 11.99696738 12.50330882 12.99930286 13.49754038
 13.99593445 14.50162991 15.00366334 15.49941537 15.99692575 16.49468551
 17.00286267 17.49661938 17.58294984 17.58294984 17.58294984 17.58294984]
Processed /remote/gpu01a/heneka/21cmlightcones/pure_simulations/run4876.npz with power spectra shape: (30, 10, 10)
Processed /remote/gpu01a/heneka/21cmlightcones/pure_simulations/run4876.npz with redshifts shape: [ 5.16632354  5.49910492  6.00051245  6.49969471  6.99999303  7.50071846
  7.99844779  8.49936271  8.99817557  9.49960963  9.99931702 10.49856726
 10.9997496  11.49952154 12.00157337 12.5031644  13.00127994 13.50134758
 14.00120461 14.49849428 15.00075944 15.49614547 16.00387041 16.50076323
 16.99570037 17.49941825 17.99848475 18.16934265 18.16934265 18.16934265]
Processed /remote/gpu01a/heneka/21cmlightcones/pure_simulations/run325.npz with power spectra shape: (30, 10, 10)
Processed /remote/gpu01a/heneka/21cmlightcones/pure_simulations/run325.npz with redshifts shape: [ 5.20612729  5.49994111  5.99915736  6.50145672  7.00193032  7.50066051
  7.99985125  8.49845456  9.00252227  9.50119592 10.0024455  10.50234539
 10.99651706 11.49736731 12.00280454 12.50080077 12.99731463 13.50020353
 13.99670013 14.49536043 14.99437406 15.50483327 15.99910033 16.5016518
 16.99705165 17.49829503 18.00464143 18.49848558 18.99441892 19.49144868]
Processed /remote/gpu01a/heneka/21cmlightcones/pure_simulations/run1749.npz with power spectra shape: (30, 10, 10)
Processed /remote/gpu01a/heneka/21cmlightcones/pure_simulations/run1749.npz with redshifts shape: [ 5.18764951  5.50064108  5.99971262  6.49935658  7.00161163  7.49832242
  7.99927949  8.49877724  9.00151632  9.50274284  9.99709342 10.49940659
 10.99992516 11.50237736 12.00368554 12.50045958 12.99831766 13.50460344
 13.99753182 14.50519022 15.00491738 15.50537463 16.00476296 16.50114902
 17.00603691 17.504805   17.99516538 18.50530665 19.00447612 19.50657508]
Processed /remote/gpu01a/heneka/21cmlightcones/pure_simulations/run4443.npz with power spectra shape: (30, 10, 10)
Processed /remote/gpu01a/heneka/21cmlightcones/pure_simulations/run4443.npz with redshifts shape: [ 5.17013762  5.50029321  5.99883     6.49976609  7.00101275  7.50172918
  7.99828565  8.50160442  9.00219327  9.49931713  9.99902402 10.49743951
 10.99693598 11.50114677 11.99996773 12.4972306  12.99823151 13.50093137
 14.00308423 14.50224488 14.99578064 15.50247974 15.99972388 16.49619523
 17.00244786 17.50533246 18.00287968 18.50690079 18.87319252 18.87319252]
Processed /remote/gpu01a/heneka/21cmlightcones/pure_simulations/run4253.npz with power spectra shape: (30, 10, 10)
Processed /remote/gpu01a/heneka/21cmlightcones/pure_simulations/run4253.npz with redshifts shape: [ 5.1556042   5.49994616  6.0006749   6.49980155  7.00003169  7.50020773
  8.0005165   8.49844039  9.00127689  9.49970582  9.9985136  10.49909459
 10.99775419 11.49691039 12.00017628 12.49782964 13.0014168  13.50110804
 14.00231282 14.50294091 15.00072383 15.50310815 15.99850885 16.37685183
 16.37685183 16.37685183 16.37685183 16.37685183 16.37685183 16.37685183]
Processed /remote/gpu01a/heneka/21cmlightcones/pure_simulations/run1607.npz with power spectra shape: (30, 10, 10)
Processed /remote/gpu01a/heneka/21cmlightcones/pure_simulations/run1607.npz with redshifts shape: [ 5.16417324  5.5001498   6.00071281  6.49961368  7.00024136  7.4981415
  8.001591    8.50063516  8.99781516  9.49783499 10.00211677 10.50099165
 11.00214844 11.50232116 11.99789535 12.50035412 12.99988047 13.50186071
 14.0041905  14.50457096 15.00051866 15.49980182 16.0010202  16.50265222
 17.00305569 17.5004744  17.7886076  17.7886076  17.7886076  17.7886076 ]
Processed /remote/gpu01a/heneka/21cmlightcones/pure_simulations/run3240.npz with power spectra shape: (30, 10, 10)
Processed /remote/gpu01a/heneka/21cmlightcones/pure_simulations/run3240.npz with redshifts shape: [ 5.17569116  5.50067415  6.000715    6.50170209  7.00124145  7.49824288
  8.00223365  8.49845352  8.99981819  9.50211816 10.00056219 10.50279064
 10.9985924  11.49768603 11.99733524 12.50276041 13.00331911 13.4954497
 14.00432704 14.49980461 14.99893944 15.50027314 16.00221425 16.50304165
 17.00090866 17.49385079 17.99356678 18.49950507 18.99616063 19.49661181]
Processed /remote/gpu01a/heneka/21cmlightcones/pure_simulations/run1795.npz with power spectra shape: (30, 10, 10)
Processed /remote/gpu01a/heneka/21cmlightcones/pure_simulations/run1795.npz with redshifts shape: [ 5.18735403  5.49982262  6.00127483  6.5002738   7.00180509  7.50212511
  7.99781995  8.50157961  8.99812212  9.49828264  9.99798401 10.49955057
 10.99927452 11.50087919 12.00129297 12.49713345 13.00329665 13.49925065
 14.00141509 14.49763787 14.99620086 15.49544936 16.00602029 16.50167217
 17.00578052 17.50374568 17.99328601 18.50254158 19.00081302 19.5019775 ]
Processed /remote/gpu01a/heneka/21cmlightcones/pure_simulations/run4703.npz with power spectra shape: (30, 10, 10)
Processed /remote/gpu01a/heneka/21cmlightcones/pure_simulations/run4703.npz with redshifts shape: [ 5.18099746  5.49929473  5.99894188  6.50131049  7.00088675  7.50060857
  8.00198918  8.49855926  8.99924043  9.49957395 10.00076002 10.49847911
 11.0021843  11.50175736 12.00098945 12.49668611 13.00331393 13.50110015
 13.99602528 14.49581749 14.99908231 15.50428532 15.99773575 16.50112147
 17.00102143 17.49537852 17.99621123 18.5029226  18.99951004 19.49941684]
Processed /remote/gpu01a/heneka/21cmlightcones/pure_simulations/run4929.npz with power spectra shape: (30, 10, 10)
Processed /remote/gpu01a/heneka/21cmlightcones/pure_simulations/run4929.npz with redshifts shape: [ 5.16994027  5.49968932  6.00054374  6.50106214  6.99818954  7.4980372
  7.99801849  8.500712    9.00063123  9.50252223 10.00186428 10.49988144
 10.99894446 11.502684   12.00100602 12.49773973 12.99817619 13.50027833
 14.00180344 14.50031041 15.00347337 15.49914767 15.9956545  16.50314739
 16.99680766 17.49886323 17.99556327 18.49869959 18.83584177 18.83584177]
Processed /remote/gpu01a/heneka/21cmlightcones/pure_simulations/run3662.npz with power spectra shape: (30, 10, 10)
Processed /remote/gpu01a/heneka/21cmlightcones/pure_simulations/run3662.npz with redshifts shape: [ 5.18539561  5.5002299   5.99955227  6.50018634  7.00026825  7.49940273
  7.99900086  8.49744809  8.99943415  9.50030654 10.00120999 10.49764074
 10.99920103 11.50321142 11.99844009 12.49754547 12.99835502 13.49846929
 13.99526985 14.49663409 15.0011006  15.49529956 16.00046622 16.50349044
 17.00235738 17.4949309  17.9934892  18.49738822 19.00592025 19.50200461]
Processed /remote/gpu01a/heneka/21cmlightcones/pure_simulations/run5039.npz with power spectra shape: (30, 10, 10)
Processed /remote/gpu01a/heneka/21cmlightcones/pure_simulations/run5039.npz with redshifts shape: [ 5.21428198  5.50024538  6.00112424  6.49914329  7.00140126  7.50024935
  7.99776266  8.49857491  8.99739903  9.50200843 10.00133617 10.49756981
 11.00285428 11.49736229 12.00407075 12.50198279 12.99720561 13.49782134
 14.00224542 14.49636602 15.00235779 15.50637739 16.00617962 16.49937369
 16.998889   17.5039973  17.9971196  18.49280469 19.00816991 19.50661148]
Processed /remote/gpu01a/heneka/21cmlightcones/pure_simulations/run1000.npz with power spectra shape: (30, 10, 10)
Processed /remote/gpu01a/heneka/21cmlightcones/pure_simulations/run1000.npz with redshifts shape: [ 5.19036951  5.49919282  5.99890558  6.4985436   7.00007181  7.49958938
  7.99840023  8.49998501  8.99889867  9.50123379 10.00280264 10.49889646
 10.99929299 11.50116233 12.00134475 12.49636622 13.00132206 13.49532155
 13.99500712 14.49899319 15.00574507 15.50149533 15.99538799 16.49861844
 16.99701616 17.50269106 18.00012606 18.50239197 18.9926092  19.50157321]
Processed /remote/gpu01a/heneka/21cmlightcones/pure_simulations/run1578.npz with power spectra shape: (30, 10, 10)
Processed /remote/gpu01a/heneka/21cmlightcones/pure_simulations/run1578.npz with redshifts shape: [ 5.20619145  5.50010238  5.99949808  6.50199602  6.99827145  7.50164589
  8.001084    8.49995     8.99813399  9.50326519  9.99771227 10.49744452
 10.99954963 11.50075009 11.99741793 12.49525861 13.00182517 13.50511791
 14.00202535 14.50111054 15.00056101 15.49840948 16.00620244 16.49495613
 17.00510833 17.50684808 17.9975536  18.50806147 19.00451779 19.5020822 ]
Processed /remote/gpu01a/heneka/21cmlightcones/pure_simulations/run4391.npz with power spectra shape: (30, 10, 10)
Processed /remote/gpu01a/heneka/21cmlightcones/pure_simulations/run4391.npz with redshifts shape: [ 5.1968173   5.50126644  6.00147847  6.49974458  7.00205299  7.5007117
  8.00190265  8.49940498  8.99791942  9.49857821  9.9969253  10.50248956
 10.99717506 11.49975072 11.99961124 12.50232103 12.99570562 13.49607686
 14.00212651 14.50102114 15.0013811  15.50139722 15.99911504 16.50607267
 16.99336402 17.50131246 18.00022039 18.50356021 18.99385476 19.50289946]
Processed /remote/gpu01a/heneka/21cmlightcones/pure_simulations/run1996.npz with power spectra shape: (30, 10, 10)
Processed /remote/gpu01a/heneka/21cmlightcones/pure_simulations/run1996.npz with redshifts shape: [ 5.1556606   5.50013516  6.00107513  6.50043342  7.000916    7.50136413
  8.00196427  8.50019661  8.99869536  9.5021359  10.00130543 10.50226602
 11.00132017 11.50088733 11.99766867 12.50267758 12.99899658 13.49874256
 14.00000963 14.50070689 14.9985655  15.5010331  15.99652266 16.38562974
 16.38562974 16.38562974 16.38562974 16.38562974 16.38562974 16.38562974]
Processed /remote/gpu01a/heneka/21cmlightcones/pure_simulations/run2084.npz with power spectra shape: (30, 10, 10)
Processed /remote/gpu01a/heneka/21cmlightcones/pure_simulations/run2084.npz with redshifts shape: [ 5.16022361  5.50024939  5.99957085  6.50149504  7.0001268   7.50065854
  7.99999388  8.49983423  8.99900485  9.50220561  9.99984682 10.49806485
 10.99926578 11.50033008 11.9977943  12.50292848 12.99825776 13.49619191
 14.00352959 14.50086546 15.00391045 15.50129671 16.00095623 16.50143195
 17.00114988 17.11771052 17.11771052 17.11771052 17.11771052 17.11771052]
Processed /remote/gpu01a/heneka/21cmlightcones/pure_simulations/run3290.npz with power spectra shape: (30, 10, 10)
Processed /remote/gpu01a/heneka/21cmlightcones/pure_simulations/run3290.npz with redshifts shape: [ 5.19889123  5.50049311  5.99908885  6.4986496   7.00204209  7.50144035
  7.99795775  8.50050083  8.99853134  9.49822959 10.00191125 10.49857863
 10.99831171 11.49803212 12.00313743 12.50209527 13.00073497 13.4963337
 13.99686356 14.50080409 14.99443908 15.49944054 16.00235639 16.50106442
 16.9933106  17.50664483 17.99547221 18.50395133 18.99944848 19.49662352]
Processed /remote/gpu01a/heneka/21cmlightcones/pure_simulations/run251.npz with power spectra shape: (30, 10, 10)
Processed /remote/gpu01a/heneka/21cmlightcones/pure_simulations/run251.npz with redshifts shape: [ 5.2009053   5.49943553  5.9996067   6.50054094  7.00077281  7.50053947
  8.0021377   8.49912139  9.00220159  9.50088401 10.0030299  10.49748894
 11.00229913 11.49901896 12.00047095 12.50439598 12.99832662 13.49887331
 14.0046629  14.50255844 15.0013234  15.49907664 15.99379103 16.49720134
 16.99429723 17.49777862 18.0069596  18.50470202 19.00526518 19.50771242]
Processed /remote/gpu01a/heneka/21cmlightcones/pure_simulations/run941.npz with power spectra shape: (30, 10, 10)
Processed /remote/gpu01a/heneka/21cmlightcones/pure_simulations/run941.npz with redshifts shape: [ 5.19060239  5.49982646  6.00024661  6.50066217  6.99895357  7.49899459
  7.99837998  8.50059312  9.00018096  9.49710624  9.99900299 10.50248839
 11.00374633 11.49855114 11.99919733 12.50365474 13.0001991  13.50470896
 13.99502631 14.4996376  14.99550345 15.50347279 15.99806512 16.50203694
 17.00119688 17.49331708 18.00592394 18.4935019  19.00011356 19.49324209]
Processed /remote/gpu01a/heneka/21cmlightcones/pure_simulations/run359.npz with power spectra shape: (30, 10, 10)
Processed /remote/gpu01a/heneka/21cmlightcones/pure_simulations/run359.npz with redshifts shape: [ 5.19447162  5.50118315  5.99862833  6.50180036  6.99814352  7.49943879
  7.9993486   8.50133086  8.99973116  9.50068423  9.999828   10.4994482
 11.00322324 11.5000866  12.00253698 12.49933606 12.99622696 13.50073994
 14.00092898 14.50498003 14.9995075  15.50575273 15.99768495 16.49848764
 16.99365479 17.49552024 18.00345096 18.5008874  19.00166715 19.50491482]
Processed /remote/gpu01a/heneka/21cmlightcones/pure_simulations/run1433.npz with power spectra shape: (30, 10, 10)
Processed /remote/gpu01a/heneka/21cmlightcones/pure_simulations/run1433.npz with redshifts shape: [ 5.17148896  5.49902405  5.99851244  6.50020154  6.99825726  7.49879725
  7.99916704  8.50192616  9.0014968   9.50262984 10.00072653 10.49698726
 11.00052009 11.50187897 11.99718182 12.49831611 13.00343977 13.50152219
 13.99832938 14.50128329 14.99875725 15.49879762 15.99988179 16.50036002
 16.99846012 17.50522188 17.99330606 18.50099118 19.00023686 19.1317191 ]
Processed /remote/gpu01a/heneka/21cmlightcones/pure_simulations/run1064.npz with power spectra shape: (30, 10, 10)
Processed /remote/gpu01a/heneka/21cmlightcones/pure_simulations/run1064.npz with redshifts shape: [ 5.19151871  5.4993093   5.99879898  6.50154492  6.99829396  7.50074929
  7.99786628  8.50251545  8.99898692  9.49826671 10.00271499 10.5018593
 10.99799867 11.5028712  11.99773411 12.49558195 13.00358825 13.50073301
 14.00375908 14.500209   14.99851339 15.49694681 16.00634638 16.49986077
 17.00134628 17.49585627 17.99603596 18.50118959 18.99433688 19.50645812]
Processed /remote/gpu01a/heneka/21cmlightcones/pure_simulations/run73.npz with power spectra shape: (30, 10, 10)
Processed /remote/gpu01a/heneka/21cmlightcones/pure_simulations/run73.npz with redshifts shape: [ 5.17942156  5.50042492  5.99884181  6.50016248  6.99897299  7.49823461
  7.99949265  8.50135513  8.99777894  9.49931111 10.00220475 10.50221297
 11.00168102 11.49678296 11.99924319 12.49886628 13.00112703 13.50377042
 14.00432572 14.50011719 14.99914802 15.49989657 16.00070655 16.49978982
 16.99523251 17.49851762 17.99507512 18.49728827 19.00450096 19.50020804]
Processed /remote/gpu01a/heneka/21cmlightcones/pure_simulations/run2646.npz with power spectra shape: (30, 10, 10)
Processed /remote/gpu01a/heneka/21cmlightcones/pure_simulations/run2646.npz with redshifts shape: [ 5.17673486  5.50098338  6.00103721  6.50170051  7.00051896  7.50050315
  7.99874167  8.49770455  9.00207358  9.50191378  9.9972742  10.50233124
 11.00111614 11.50340032 11.99858178 12.4988402  13.00220745 13.49725322
 13.99957538 14.4978041  14.99985121 15.50424993 15.99766108 16.50129798
 17.00208301 17.49803519 18.00092427 18.49577574 18.99526543 19.49868221]
Processed /remote/gpu01a/heneka/21cmlightcones/pure_simulations/run178.npz with power spectra shape: (30, 10, 10)
Processed /remote/gpu01a/heneka/21cmlightcones/pure_simulations/run178.npz with redshifts shape: [ 5.1651136   5.50052987  6.00121426  6.49991907  7.00000862  7.50084241
  7.99906328  8.50084805  9.00098353  9.49887233 10.00049389 10.50219388
 10.99987287 11.50283923 12.00135213 12.49919828 13.00158446 13.49795532
 14.0030153  14.49671008 14.99516812 15.49710795 16.00112181 16.50567861
 16.99717094 17.49723337 17.95372823 17.95372823 17.95372823 17.95372823]
Processed /remote/gpu01a/heneka/21cmlightcones/pure_simulations/run2686.npz with power spectra shape: (30, 10, 10)
Processed /remote/gpu01a/heneka/21cmlightcones/pure_simulations/run2686.npz with redshifts shape: [ 5.17114127  5.50066733  5.99929409  6.50001211  7.0006748   7.50039365
  7.99985747  8.50162324  9.00012663  9.50011059 10.00290378 10.49828117
 11.00085325 11.50119279 12.00302551 12.50346273 12.99933751 13.49617033
 14.00108964 14.50314566 14.99968458 15.49873897 15.99878905 16.49818964
 16.99517288 17.50075386 18.001085   18.49407483 19.00653713 19.06472401]
Processed /remote/gpu01a/heneka/21cmlightcones/pure_simulations/run4583.npz with power spectra shape: (30, 10, 10)
Processed /remote/gpu01a/heneka/21cmlightcones/pure_simulations/run4583.npz with redshifts shape: [ 5.16868196  5.50115528  6.00129255  6.50133327  6.99829235  7.49828116
  7.99877387  8.49768977  8.99860795  9.50195942  9.99746267 10.49762411
 10.99939185 11.49934036 12.00117668 12.50208772 12.99898477 13.49733951
 14.00421209 14.49908274 14.99839664 15.50081372 16.00486578 16.4972536
 16.99915941 17.49754672 18.00370745 18.50339743 18.60015191 18.60015191]
Processed /remote/gpu01a/heneka/21cmlightcones/pure_simulations/run910.npz with power spectra shape: (30, 10, 10)
Processed /remote/gpu01a/heneka/21cmlightcones/pure_simulations/run910.npz with redshifts shape: [ 5.18075195  5.49859123  6.00062931  6.49895435  7.00146864  7.50054588
  8.00121991  8.50204513  9.00230707  9.50217673 10.00285436 10.50002636
 11.00313581 11.50207727 12.0006383  12.50411824 13.0014987  13.49850128
 14.0025504  14.50198352 15.00485894 15.49816768 16.00265843 16.5055738
 17.00498051 17.49882455 17.9991126  18.50524728 19.0012451  19.50053417]
Processed /remote/gpu01a/heneka/21cmlightcones/pure_simulations/run4087.npz with power spectra shape: (30, 10, 10)
Processed /remote/gpu01a/heneka/21cmlightcones/pure_simulations/run4087.npz with redshifts shape: [ 5.16906603  5.49967837  6.00082725  6.49870349  7.00019888  7.50154739
  7.99918234  8.49930509  9.0015284   9.50083053  9.99741211 10.49873915
 11.00175231 11.50301599 11.99873671 12.50067052 12.99864323 13.49813675
 13.99692209 14.50234645 15.00297633 15.49603706 16.00103366 16.49439068
 16.99733093 17.49679153 18.00408838 18.50494508 18.67165055 18.67165055]
Processed /remote/gpu01a/heneka/21cmlightcones/pure_simulations/run1193.npz with power spectra shape: (30, 10, 10)
Processed /remote/gpu01a/heneka/21cmlightcones/pure_simulations/run1193.npz with redshifts shape: [ 5.2063259   5.50044019  6.00021201  6.49911554  6.99984812  7.49887463
  7.99839928  8.49737214  9.001849    9.50096209 10.00268683 10.50309358
 10.99779778 11.499219   11.9961228  12.50388882 13.0010587  13.50464138
 14.00185134 14.50125605 15.00104188 15.49924014 15.99373315 16.49653148
 17.00708777 17.49371556 18.00036234 18.49451544 19.00822479 19.50625367]
Processed /remote/gpu01a/heneka/21cmlightcones/pure_simulations/run2105.npz with power spectra shape: (30, 10, 10)
Processed /remote/gpu01a/heneka/21cmlightcones/pure_simulations/run2105.npz with redshifts shape: [ 5.19758223  5.500182    5.9988121   6.49878911  6.99878065  7.49912274
  8.00217201  8.50167949  9.00235917  9.4989856   9.99933904 10.49978547
 10.99625071 11.50075393 12.00264878 12.49824829 13.00313635 13.49556212
 14.00357498 14.50450263 14.99503558 15.49671174 15.99616555 16.50497579
 16.99412692 17.50409541 18.00506751 18.49446754 19.00304406 19.49706977]
Processed /remote/gpu01a/heneka/21cmlightcones/pure_simulations/run4375.npz with power spectra shape: (30, 10, 10)
Processed /remote/gpu01a/heneka/21cmlightcones/pure_simulations/run4375.npz with redshifts shape: [ 5.18451084  5.50065349  6.00079568  6.49909128  7.00055237  7.50158812
  7.99892553  8.50003528  8.99976857  9.49821649 10.00289473 10.49701942
 11.00335478 11.49745578 11.9981149  12.50344036 13.00215031 13.50004539
 14.00466881 14.50408104 14.99529421 15.49853669 16.00141434 16.50205471
 16.9984561  17.50239478 17.99885659 18.50054589 19.00675651 19.50048918]
Processed /remote/gpu01a/heneka/21cmlightcones/pure_simulations/run3975.npz with power spectra shape: (30, 10, 10)
Processed /remote/gpu01a/heneka/21cmlightcones/pure_simulations/run3975.npz with redshifts shape: [ 5.18841454  5.49979667  6.00087836  6.49908865  6.99939206  7.49798011
  8.00100854  8.49752229  9.0022633   9.49957081 10.00225922 10.50006718
 11.00271156 11.49954612 12.00276207 12.50154132 13.00152159 13.50022844
 13.99496779 14.50459172 14.99493799 15.49698485 15.99804519 16.49617653
 17.00292422 17.50361191 17.99593853 18.49284554 18.9935795  19.49732286]
Processed /remote/gpu01a/heneka/21cmlightcones/pure_simulations/run1567.npz with power spectra shape: (30, 10, 10)
Processed /remote/gpu01a/heneka/21cmlightcones/pure_simulations/run1567.npz with redshifts shape: [ 5.20432418  5.49861839  6.00032988  6.49822415  6.99823838  7.50171475
  8.00173846  8.5016918   9.00151148  9.50223084  9.99908779 10.50184045
 10.99961356 11.49621171 11.9970957  12.49992835 13.00211585 13.50081738
 14.00418089 14.49881397 15.00595698 15.49951649 16.00273046 16.5010208
 17.00679254 17.5040382  18.00617282 18.49574366 19.00450161 19.4975503 ]
Processed /remote/gpu01a/heneka/21cmlightcones/pure_simulations/run1192.npz with power spectra shape: (30, 10, 10)
Processed /remote/gpu01a/heneka/21cmlightcones/pure_simulations/run1192.npz with redshifts shape: [ 5.17023951  5.5006051   5.99948856  6.50080764  6.99881687  7.49963529
  8.0006695   8.49977629  9.00052794  9.49783273  9.99774003 10.50266234
 11.00280952 11.50057396 11.9996659  12.49721553 12.99852207 13.5015447
 14.00403627 14.50354915 14.99744846 15.50453616 16.00217646 16.49905804
 17.00574352 17.49623326 17.99371201 18.49767095 18.89252181 18.89252181]
Processed /remote/gpu01a/heneka/21cmlightcones/pure_simulations/run3766.npz with power spectra shape: (30, 10, 10)
Processed /remote/gpu01a/heneka/21cmlightcones/pure_simulations/run3766.npz with redshifts shape: [ 5.21131951  5.49971702  6.00078904  6.49988683  6.99960156  7.50110344
  8.00243218  8.50240557  9.00080895  9.49856881  9.99791019 10.50250836
 11.00102949 11.49731721 11.99693132 12.49737225 12.9958784  13.50045839
 13.99798836 14.49719559 14.99618604 15.50629031 15.99914546 16.49980078
 16.99240445 17.50612642 17.99250237 18.49833013 19.00677648 19.4982722 ]
Processed /remote/gpu01a/heneka/21cmlightcones/pure_simulations/run1882.npz with power spectra shape: (30, 10, 10)
Processed /remote/gpu01a/heneka/21cmlightcones/pure_simulations/run1882.npz with redshifts shape: [ 5.18871181  5.50061528  5.99929787  6.50182343  6.99917372  7.49855184
  7.9976247   8.49988771  8.99998628  9.49792531 10.00130543 10.49984999
 11.00328904 11.50095841 11.99669789 12.49592427 12.99639027 13.49561829
 14.00128138 14.50113985 15.00353182 15.49481644 15.99657595 16.49543563
 17.00295794 17.50444359 17.99758631 18.49534814 18.99697445 19.50164712]
Processed /remote/gpu01a/heneka/21cmlightcones/pure_simulations/run1680.npz with power spectra shape: (30, 10, 10)
Processed /remote/gpu01a/heneka/21cmlightcones/pure_simulations/run1680.npz with redshifts shape: [ 5.18229376  5.50014136  6.00039715  6.49954949  6.99873729  7.50194924
  7.99782475  8.49770284  9.00200003  9.50034616  9.99896848 10.50021078
 11.00054224 11.50366316 11.99856567 12.49773627 12.99907423 13.50025422
 13.99873416 14.50229622 14.99848637 15.49575707 16.00449246 16.49918759
 17.00262231 17.50062198 18.00529213 18.50115734 19.00126162 19.50484281]
Processed /remote/gpu01a/heneka/21cmlightcones/pure_simulations/run4448.npz with power spectra shape: (30, 10, 10)
Processed /remote/gpu01a/heneka/21cmlightcones/pure_simulations/run4448.npz with redshifts shape: [ 5.21403256  5.49964291  5.99984933  6.50128928  6.99858638  7.50158404
  7.99862318  8.49891229  8.99717103  9.50116465  9.9998404  10.50326885
 10.99992775 11.50260273 11.99955527 12.49661987 13.00154946 13.50181239
 14.00585429 14.49957567 15.00513292 15.49513995 15.99384369 16.50071681
 16.99970652 17.50425995 17.9968177  18.49191318 19.00664197 19.50444582]
Processed /remote/gpu01a/heneka/21cmlightcones/pure_simulations/run3854.npz with power spectra shape: (30, 10, 10)
Processed /remote/gpu01a/heneka/21cmlightcones/pure_simulations/run3854.npz with redshifts shape: [ 5.19444826  5.50112064  5.99849666  6.50159175  7.00201833  7.49905803
  7.99887212  8.50075206  8.99904488  9.49988428  9.99890908 10.49840479
 11.00204893 11.49877776 12.00108717 12.49774167 13.00411783 13.4988395
 13.9988685  14.50275352 14.99711338 15.50318263 15.99493924 16.49555895
 17.0045893  17.50685544 17.99994614 18.49718375 18.99775912 19.50079765]
Processed /remote/gpu01a/heneka/21cmlightcones/pure_simulations/run4933.npz with power spectra shape: (30, 10, 10)
Processed /remote/gpu01a/heneka/21cmlightcones/pure_simulations/run4933.npz with redshifts shape: [ 5.16586412  5.50028389  6.00038792  6.50135869  7.00039114  7.49972137
  8.00018526  8.49981724  9.00221581  9.50252952 10.00102721 10.49897815
 10.99876696 11.4970624  11.99754504 12.49748434 13.00210769 13.50081001
 13.99923092 14.50461258 14.99570557 15.49999266 15.99545243 16.50208403
 16.99569034 17.49799637 17.99560764 18.08704894 18.08704894 18.08704894]
Processed /remote/gpu01a/heneka/21cmlightcones/pure_simulations/run2876.npz with power spectra shape: (30, 10, 10)
Processed /remote/gpu01a/heneka/21cmlightcones/pure_simulations/run2876.npz with redshifts shape: [ 5.17312815  5.50125908  5.99988029  6.49994573  6.999193    7.50070478
  8.00175534  8.5000805   8.99923305  9.49953818 10.00230019 10.49713965
 10.99879716 11.49770308 11.99759124 12.50364145 12.99680811 13.49938156
 14.00091109 14.49887807 15.00106684 15.49507926 16.00085191 16.49421754
 16.99687498 17.49542039 18.00140979 18.50020001 19.00423798 19.45201744]
Processed /remote/gpu01a/heneka/21cmlightcones/pure_simulations/run2104.npz with power spectra shape: (30, 10, 10)
Processed /remote/gpu01a/heneka/21cmlightcones/pure_simulations/run2104.npz with redshifts shape: [ 5.20653181  5.50095731  6.00130494  6.50084026  6.99784217  7.50202914
  8.00234664  8.50216166  9.00136201  9.50094617 10.00317963 10.49651564
 10.99940121 11.50143187 11.99897147 12.4977343  12.99506248 13.49882618
 13.9962348  14.49585882 14.99588372 15.49433931 16.00278625 16.50649485
 17.00307915 17.50556505 17.9970317  18.50836388 19.00565326 19.50408322]
Processed /remote/gpu01a/heneka/21cmlightcones/pure_simulations/run4395.npz with power spectra shape: (30, 10, 10)
Processed /remote/gpu01a/heneka/21cmlightcones/pure_simulations/run4395.npz with redshifts shape: [ 5.15399987  5.4994319   6.0001446   6.49986498  7.00135256  7.49991633
  7.99879071  8.49980036  9.00199692  9.50013569  9.99898993 10.4999733
 10.99946137 11.49987906 11.99799311 12.49749041 13.00337904 13.49789873
 14.00212629 14.49746781 14.99908216 15.49610175 15.99620336 16.12996112
 16.12996112 16.12996112 16.12996112 16.12996112 16.12996112 16.12996112]
Processed /remote/gpu01a/heneka/21cmlightcones/pure_simulations/run2363.npz with power spectra shape: (30, 10, 10)
Processed /remote/gpu01a/heneka/21cmlightcones/pure_simulations/run2363.npz with redshifts shape: [ 5.16056253  5.49881976  5.99907474  6.49891741  6.99838496  7.49984994
  8.00020761  8.50115991  9.00152745  9.50083955  9.99946712 10.4987436
 11.00107956 11.50334718 12.00207292 12.50100439 12.99729882 13.49625828
 13.99585702 14.50316478 14.99766773 15.49583197 15.9963169  16.4976627
 16.99829237 17.17388874 17.17388874 17.17388874 17.17388874 17.17388874]
Processed /remote/gpu01a/heneka/21cmlightcones/pure_simulations/run3107.npz with power spectra shape: (30, 10, 10)
Processed /remote/gpu01a/heneka/21cmlightcones/pure_simulations/run3107.npz with redshifts shape: [ 5.1883946   5.49974191  6.00076234  6.49890577  6.99913613  7.50206688
  8.00058942  8.50223595  9.00165967  9.49886788 10.00145092 10.49914989
 11.00167931 11.49839576 12.00148747 12.50013916 12.99998733 13.49855796
 14.00351424 14.50263438 15.0042449  15.49472808 15.99563117 16.49360257
 17.00018353 17.50070273 17.99285991 18.50494832 19.00609925 19.49370595]
Processed /remote/gpu01a/heneka/21cmlightcones/pure_simulations/run4187.npz with power spectra shape: (30, 10, 10)
Processed /remote/gpu01a/heneka/21cmlightcones/pure_simulations/run4187.npz with redshifts shape: [ 5.1629083   5.50127388  6.00082135  6.49891562  6.9989665   7.50042691
  8.00006459  8.49952865  9.00243134  9.49882805  9.99918161 10.49992294
 10.99704515 11.49976453 11.99850629 12.4970383  13.00052792 13.49859241
 13.99680236 14.50229984 15.00412584 15.49966252 15.99694654 16.49446958
 17.00239461 17.49589668 17.56981818 17.56981818 17.56981818 17.56981818]
Processed /remote/gpu01a/heneka/21cmlightcones/pure_simulations/run4558.npz with power spectra shape: (30, 10, 10)
Processed /remote/gpu01a/heneka/21cmlightcones/pure_simulations/run4558.npz with redshifts shape: [ 5.16169887  5.49994763  6.00117431  6.4986155   7.00172515  7.49958568
  7.99944757  8.49951385  8.99856035  9.5012922   9.99799774 10.5008088
 11.00056538 11.49967689 12.00179892 12.49673197 12.99638083 13.49890099
 14.00225056 14.50419541 15.00231654 15.5042936  15.9980313  16.50306428
 16.99582524 17.36411619 17.36411619 17.36411619 17.36411619 17.36411619]
Processed /remote/gpu01a/heneka/21cmlightcones/pure_simulations/run3060.npz with power spectra shape: (30, 10, 10)
Processed /remote/gpu01a/heneka/21cmlightcones/pure_simulations/run3060.npz with redshifts shape: [ 5.20829256  5.49884236  5.99969829  6.49940234  7.00061838  7.49972254
  7.99888795  8.50276988  9.0001392   9.49727655  9.99642266 10.50124551
 11.00061716 11.49836744 12.00001923 12.50314837 13.00506907 13.50284544
 14.00474516 14.49708203 15.00146348 15.50446343 16.00393737 16.49759754
 16.99805044 17.50462469 18.00025679 18.49912902 19.00030911 19.50279292]
Processed /remote/gpu01a/heneka/21cmlightcones/pure_simulations/run620.npz with power spectra shape: (30, 10, 10)
Processed /remote/gpu01a/heneka/21cmlightcones/pure_simulations/run620.npz with redshifts shape: [ 5.20183253  5.49865518  6.00112269  6.50068371  6.99898658  7.5009546
  7.99981042  8.49894774  8.99835294  9.49909335 10.0034725  10.50028512
 10.99971697 11.49860271 12.00237794 12.49930407 12.99525914 13.49797629
 13.99499101 14.49471904 14.99542342 15.49521355 16.00542867 16.49772356
 16.99714978 17.50308931 17.99903551 18.49876958 19.00142036 19.50604717]
Processed /remote/gpu01a/heneka/21cmlightcones/pure_simulations/run4241.npz with power spectra shape: (30, 10, 10)
Processed /remote/gpu01a/heneka/21cmlightcones/pure_simulations/run4241.npz with redshifts shape: [ 5.21468222  5.50121221  5.99940947  6.49820067  7.00132692  7.50112364
  7.99966596  8.50159542  9.00161124  9.50060102 10.00077547 10.49791192
 11.00417684 11.49970295 11.99800665 12.49650618 13.00297756 13.50484998
 13.99880847 14.5060617  15.00049718 15.50537476 16.00606881 16.50018277
 17.00066935 17.50679949 18.00095757 18.49772141 18.9960961  19.49501351]
Processed /remote/gpu01a/heneka/21cmlightcones/pure_simulations/run3841.npz with power spectra shape: (30, 10, 10)
Processed /remote/gpu01a/heneka/21cmlightcones/pure_simulations/run3841.npz with redshifts shape: [ 5.19230231  5.50142911  5.9999073   6.50115811  6.99996503  7.5001851
  7.99934286  8.50090695  8.99933181  9.50072849 10.00082517 10.50192316
 11.00013521 11.4992049  11.99590549 12.49571575 12.99630844 13.4951223
 13.99993735 14.49825035 14.9985206  15.49901481 15.99785666 16.50635575
 16.99629102 17.50711018 17.99473584 18.50191721 18.99712108 19.49455739]
Processed /remote/gpu01a/heneka/21cmlightcones/pure_simulations/run2203.npz with power spectra shape: (30, 10, 10)
Processed /remote/gpu01a/heneka/21cmlightcones/pure_simulations/run2203.npz with redshifts shape: [ 5.1851085   5.49942546  6.00110402  6.50110375  7.00047821  7.49883534
  8.00231946  8.50025168  9.00166415  9.50191068 10.00213614 10.49784453
 10.99862526 11.50180307 11.99616653 12.50304292 13.0033727  13.50297155
 13.99922487 14.50000194 15.00384277 15.49739528 16.00186791 16.5041674
 17.00228348 17.49408453 18.00634562 18.49487565 19.00251533 19.49769899]
Processed /remote/gpu01a/heneka/21cmlightcones/pure_simulations/run1197.npz with power spectra shape: (30, 10, 10)
Processed /remote/gpu01a/heneka/21cmlightcones/pure_simulations/run1197.npz with redshifts shape: [ 5.15846203  5.49951731  5.99861623  6.50087879  7.00055933  7.49914685
  8.00077365  8.49939145  9.00235501  9.50009917  9.99742909 10.50155229
 10.99731614 11.4992343  11.99805793 12.49751549 13.00269697 13.50356022
 13.99685798 14.49743967 15.00428738 15.49611851 16.0004725  16.49532734
 16.82980904 16.82980904 16.82980904 16.82980904 16.82980904 16.82980904]
Processed /remote/gpu01a/heneka/21cmlightcones/pure_simulations/run1630.npz with power spectra shape: (30, 10, 10)
Processed /remote/gpu01a/heneka/21cmlightcones/pure_simulations/run1630.npz with redshifts shape: [ 5.21193269  5.5012179   6.00025366  6.50078546  7.00208255  7.50034868
  7.99769194  8.49874771  8.99833507  9.49737916  9.99810892 10.49640092
 10.99598772 11.50226387 12.0036464  12.49601655 12.99590806 13.50196815
 14.00103246 14.50185313 15.00252892 15.50099899 15.99505146 16.49698346
 17.00619427 17.50605462 17.99384203 18.50119505 18.99331319 19.50432119]
Processed /remote/gpu01a/heneka/21cmlightcones/pure_simulations/run3234.npz with power spectra shape: (30, 10, 10)
Processed /remote/gpu01a/heneka/21cmlightcones/pure_simulations/run3234.npz with redshifts shape: [ 5.15703765  5.49979184  5.99977817  6.5005307   6.99888038  7.50004036
  8.00109303  8.49945679  8.99775112  9.50065585  9.99884395 10.49839689
 11.00173944 11.49929948 12.00049786 12.50287401 13.00370416 13.50001439
 13.99723929 14.50232356 15.00475971 15.50207924 16.00208579 16.5033788
 16.60190113 16.60190113 16.60190113 16.60190113 16.60190113 16.60190113]
Processed /remote/gpu01a/heneka/21cmlightcones/pure_simulations/run2968.npz with power spectra shape: (30, 10, 10)
Processed /remote/gpu01a/heneka/21cmlightcones/pure_simulations/run2968.npz with redshifts shape: [ 5.20042127  5.50133598  6.00048242  6.50026575  6.9992282   7.50230962
  7.99770672  8.49864038  9.00044188  9.49776466  9.99845076 10.49877157
 11.00242933 11.49794184 11.99810242 12.50065761 13.00310217 13.50268671
 13.99643257 14.50426845 15.00190402 15.4984753  16.00524629 16.49406907
 17.00429887 17.50698248 17.99960185 18.4958496  18.99485956 19.49569857]
Processed /remote/gpu01a/heneka/21cmlightcones/pure_simulations/run2284.npz with power spectra shape: (30, 10, 10)
Processed /remote/gpu01a/heneka/21cmlightcones/pure_simulations/run2284.npz with redshifts shape: [ 5.1870261   5.49891457  5.99935086  6.50087879  7.00156461  7.5009591
  8.00043837  8.49832861  8.99931812  9.49867246  9.99750723 10.49814413
 10.9968832  11.4974419  11.99675598 12.50022823 12.99639366 13.50086668
 14.00222452 14.49760798 14.99528626 15.50547279 16.00318905 16.49784044
 17.00089141 17.49777356 18.00087008 18.49428313 19.00719757 19.50772114]
Processed /remote/gpu01a/heneka/21cmlightcones/pure_simulations/run1423.npz with power spectra shape: (30, 10, 10)
Processed /remote/gpu01a/heneka/21cmlightcones/pure_simulations/run1423.npz with redshifts shape: [ 5.18101107  5.49933375  5.99902439  6.50144114  7.00106939  7.50084735
  8.00228813  8.49892161  8.99967052  9.50007527 10.00133616 10.49913311
 11.00292043 11.50257825 12.00189821 12.49768526 13.0044087  13.50229196
 13.9973164  14.49721188 15.00058361 15.4944089  15.99945772 16.50295893
 17.00297625 17.49745192 17.99840767 18.50524614 19.00196057 19.50199792]
Processed /remote/gpu01a/heneka/21cmlightcones/pure_simulations/run2964.npz with power spectra shape: (30, 10, 10)
Processed /remote/gpu01a/heneka/21cmlightcones/pure_simulations/run2964.npz with redshifts shape: [ 5.18770097  5.50078363  6.00001367  6.499832    6.99825397  7.49919169
  8.00036789  8.50009815  8.99746609  9.49852557  9.99919104 10.50179038
 11.00260625 11.49751759 11.99867053 12.50410328 13.00230363 13.49913628
 14.00223777 14.4994325  14.99901749 15.49933442 15.99858468 16.49483519
 16.99958737 17.49822314 18.0031684  18.49846517 18.99750752 19.49948069]
Processed /remote/gpu01a/heneka/21cmlightcones/pure_simulations/run1715.npz with power spectra shape: (30, 10, 10)
Processed /remote/gpu01a/heneka/21cmlightcones/pure_simulations/run1715.npz with redshifts shape: [ 5.19052599  5.49961866  5.99980674  6.49996724  6.99798259  7.50219557
  8.00166051  8.49866341  8.99789209  9.50057339 10.00251578 10.4990062
 10.99982945 11.50215306 12.00281362 12.4983334  13.00382224 13.49836723
 13.99862795 14.503218   14.99905617 15.49490439 16.00154187 16.50546583
 17.00457204 17.49663295 17.99423332 18.49667905 19.00321121 19.49625648]
Processed /remote/gpu01a/heneka/21cmlightcones/pure_simulations/run1063.npz with power spectra shape: (30, 10, 10)
Processed /remote/gpu01a/heneka/21cmlightcones/pure_simulations/run1063.npz with redshifts shape: [ 5.18360661  5.50099412  5.99863445  6.50131817  7.00046437  7.49895879
  7.99824665  8.50186453  8.9992291   9.50104525  9.99705491 10.50185704
 10.99875235 11.49777448 11.99595331 12.49863128 13.00369271 13.49919253
 14.00126137 14.49802155 14.99762452 15.49848071 15.99886293 16.49691024
 17.00390963 17.505585   17.99972178 18.49896675 19.00261578 19.49375896]
Processed /remote/gpu01a/heneka/21cmlightcones/pure_simulations/run3472.npz with power spectra shape: (30, 10, 10)
Processed /remote/gpu01a/heneka/21cmlightcones/pure_simulations/run3472.npz with redshifts shape: [ 5.19196188  5.50050824  6.00133546  6.50182395  6.99978715  7.49907845
  8.00213514  8.49770388  9.00071274  9.50130612 10.00054002 10.50071328
 10.99794743 11.50400658 12.00010195 12.49925773 12.99914998 13.4972218
 14.00124231 14.49872847 14.9981266  15.4977073  15.99559815 16.50308684
 17.00588275 17.50173448 18.00332061 18.49429577 19.00457466 19.50140599]
Processed /remote/gpu01a/heneka/21cmlightcones/pure_simulations/run4629.npz with power spectra shape: (30, 10, 10)
Processed /remote/gpu01a/heneka/21cmlightcones/pure_simulations/run4629.npz with redshifts shape: [ 5.1625415   5.50009837  6.00120002  6.50133944  7.00046566  7.50089736
  7.99941223  8.50217079  8.99924279  9.49948702  9.99872803 10.49827881
 11.0005439  11.50232341 12.0000688  12.49754229 12.99990085 13.49678587
 14.00270292 14.49793846 14.9983997  15.50285459 15.99914493 16.49562632
 17.00243977 17.49481575 17.50707675 17.50707675 17.50707675 17.50707675]
Processed /remote/gpu01a/heneka/21cmlightcones/pure_simulations/run4148.npz with power spectra shape: (30, 10, 10)
Processed /remote/gpu01a/heneka/21cmlightcones/pure_simulations/run4148.npz with redshifts shape: [ 5.20649666  5.50086901  6.00111835  6.50054579  7.00185003  7.5014905
  8.00167256  8.50134375  9.00039219  9.49981602 10.00188048 10.5026527
 10.99774393 11.49958269 11.99692513 12.49548305 13.00282121 13.4961429
 14.00466456 14.50462794 15.00499527 15.50379482 15.99890615 16.50235464
 16.99867656 17.50089083 17.99208591 18.50312965 19.00013257 19.49826983]
Processed /remote/gpu01a/heneka/21cmlightcones/pure_simulations/run2886.npz with power spectra shape: (30, 10, 10)
Processed /remote/gpu01a/heneka/21cmlightcones/pure_simulations/run2886.npz with redshifts shape: [ 5.15869415  5.50027984  6.00022883  6.50033533  7.0007217   7.5000826
  7.99849107  8.50207863  9.00126019  9.49967427  9.99772465 10.50262902
 10.99920998 11.5020038  12.00174489 12.50216746 13.00049028 13.50198447
 13.99593947 14.49722361 14.99519293 15.49740863 16.00257522 16.49826057
 16.86735746 16.86735746 16.86735746 16.86735746 16.86735746 16.86735746]
Processed /remote/gpu01a/heneka/21cmlightcones/pure_simulations/run931.npz with power spectra shape: (30, 10, 10)
Processed /remote/gpu01a/heneka/21cmlightcones/pure_simulations/run931.npz with redshifts shape: [ 5.19841917  5.49926162  5.99996972  6.49840139  7.00053685  7.49857365
  7.99869294  8.5000754   9.00279718  9.50160622  9.99746607 10.4999433
 10.99855905 11.49708947 12.00091965 12.49854778 12.99579052 13.50029038
 13.99982501 14.50270682 14.99525073 15.49908153 16.00077731 16.49822303
 17.00350262 17.5011024  18.00408523 18.49552939 19.00631238 19.50256048]
Processed /remote/gpu01a/heneka/21cmlightcones/pure_simulations/run406.npz with power spectra shape: (30, 10, 10)
Processed /remote/gpu01a/heneka/21cmlightcones/pure_simulations/run406.npz with redshifts shape: [ 5.21261652  5.49955662  6.00006055  6.49810624  7.0007937   7.50058702
  7.99959481  8.50246503  8.99764239  9.49827467 10.00071353 10.50081863
 11.00233329 11.5017902  11.99536748 12.49882336 13.00050247 13.49736986
 13.99781766 14.50010363 15.00232002 15.502398   15.99811623 16.50181259
 16.99753675 17.49865067 18.00435475 18.496465   19.00796345 19.50252185]
Processed /remote/gpu01a/heneka/21cmlightcones/pure_simulations/run2589.npz with power spectra shape: (30, 10, 10)
Processed /remote/gpu01a/heneka/21cmlightcones/pure_simulations/run2589.npz with redshifts shape: [ 5.17029012  5.50075971  5.99981503  6.50132406  6.99953849  7.50057936
  8.00185163  8.50121072  9.00223015  9.49981518 10.00001799 10.49896022
 10.9990156  11.49669283 12.00326155 12.5011705  13.00285134 13.4973538
 13.99977741 14.49922656 15.00338957 15.50009682 15.99768461 16.49451699
 17.00115606 17.50444275 18.00240501 18.50686418 18.90211463 18.90211463]
Processed /remote/gpu01a/heneka/21cmlightcones/pure_simulations/run3739.npz with power spectra shape: (30, 10, 10)
Processed /remote/gpu01a/heneka/21cmlightcones/pure_simulations/run3739.npz with redshifts shape: [ 5.16900873  5.49950214  6.00045384  6.50140946  6.99937417  7.5004685
  8.00215915  8.49766768  8.99958421  9.49856518 10.00065113 10.50202738
 10.99842714 11.49930639 12.00213518 12.49615283 13.00208556 13.50159222
 14.00038526 14.49604031 14.99618944 15.49949074 16.00447357 16.49781161
 17.00072784 17.50015934 17.99415549 18.4944446  18.66095835 18.66095835]
Processed /remote/gpu01a/heneka/21cmlightcones/pure_simulations/run3834.npz with power spectra shape: (30, 10, 10)
Processed /remote/gpu01a/heneka/21cmlightcones/pure_simulations/run3834.npz with redshifts shape: [ 5.1662824   5.49897643  6.00023995  6.49926452  6.99939107  7.49993113
  8.00171959  8.49816726  9.00174038  9.49795632  9.99741734 10.50255337
 10.99732282 11.49681512 11.99857515 12.49986406 12.99766971 13.4974158
 13.99694151 14.50350519 14.9958053  15.50139122 15.99818448 16.49470129
 17.00128504 17.50511296 18.00428677 18.16195332 18.16195332 18.16195332]
Processed /remote/gpu01a/heneka/21cmlightcones/pure_simulations/run1833.npz with power spectra shape: (30, 10, 10)
Processed /remote/gpu01a/heneka/21cmlightcones/pure_simulations/run1833.npz with redshifts shape: [ 5.15753876  5.49896911  6.00052202  6.49994456  6.9998885   7.49910069
  8.00172762  8.50179163  9.00191665  9.50171433 10.00161858 10.49718332
 11.00209831 11.50131289 11.99727861 12.50111036 13.0034789  13.50139793
 14.0003174  14.49809365 15.00195863 15.50076502 16.00233761 16.50527121
 16.6815911  16.6815911  16.6815911  16.6815911  16.6815911  16.6815911 ]
Processed /remote/gpu01a/heneka/21cmlightcones/pure_simulations/run4532.npz with power spectra shape: (30, 10, 10)
Processed /remote/gpu01a/heneka/21cmlightcones/pure_simulations/run4532.npz with redshifts shape: [ 5.17464345  5.50031991  6.00029363  6.50154066  7.00172754  7.49981297
  8.0008418   8.49874042  9.00228308  9.50169196  9.99705642 10.50242439
 11.00205151 11.49831969 12.00271607 12.49717607 13.00304439 13.5013033
 13.99779058 14.50003066 14.99615442 15.50541077 16.00455224 16.50245761
 16.99729422 17.50027402 17.99723812 18.50027442 18.99396923 19.50668685]
Processed /remote/gpu01a/heneka/21cmlightcones/pure_simulations/run852.npz with power spectra shape: (30, 10, 10)
Processed /remote/gpu01a/heneka/21cmlightcones/pure_simulations/run852.npz with redshifts shape: [ 5.19315074  5.50068792  6.0013572   6.50129277  6.99824544  7.50057491
  8.00203185  8.50074142  9.00140646  9.49900594 10.00123241 10.49748772
 10.99764734 11.49880077 11.99770471 12.49986013 13.00292786 13.50433126
 14.00126737 14.50187224 15.00455168 15.49531285 15.99620638 16.49351385
 16.99903083 17.49768861 18.00223548 18.49622636 18.99340725 19.49290887]
Processed /remote/gpu01a/heneka/21cmlightcones/pure_simulations/run1453.npz with power spectra shape: (30, 10, 10)
Processed /remote/gpu01a/heneka/21cmlightcones/pure_simulations/run1453.npz with redshifts shape: [ 5.20168185  5.50143627  6.00030369  6.49939102  7.00149805  7.49859114
  8.00200429  8.50094443  9.00012765  9.50062107  9.99776935 10.50124827
 11.00036428 11.49891249 12.00232497 12.49887207 13.00441649 13.49672063
 14.00437252 14.50419678 15.00498703 15.50485302 16.00175651 16.49352105
 17.00695692 17.49774838 17.99310654 18.49223042 18.99424994 19.49822572]
Processed /remote/gpu01a/heneka/21cmlightcones/pure_simulations/run2639.npz with power spectra shape: (30, 10, 10)
Processed /remote/gpu01a/heneka/21cmlightcones/pure_simulations/run2639.npz with redshifts shape: [ 5.16671072  5.50031452  6.00014371  6.50049332  6.99850185  7.50029316
  7.99918315  8.50136497  9.00153514  9.49905189  9.99991558 10.50040109
 11.00290216 11.49708587 12.00018588 12.50288984 13.00217469 13.50347907
 13.99545843 14.50327591 14.99685565 15.50381705 16.00202166 16.50000729
 16.99608132 17.50100504 18.00131389 18.23910858 18.23910858 18.23910858]
Processed /remote/gpu01a/heneka/21cmlightcones/pure_simulations/run1052.npz with power spectra shape: (30, 10, 10)
Processed /remote/gpu01a/heneka/21cmlightcones/pure_simulations/run1052.npz with redshifts shape: [ 5.17497294  5.50130173  5.99929292  6.50141223  6.99880869  7.50169962
  7.9993953   8.49814048  9.00261298  9.49737616  9.99943331 10.49948019
 10.99987827 11.49696722 12.00225304 12.49763796 12.99582547 13.5038009
 14.00137064 14.50475586 15.00205958 15.50146127 16.00137673 16.50009295
 16.99577352 17.49964928 17.99753614 18.50154364 18.99622783 19.494617  ]
Processed /remote/gpu01a/heneka/21cmlightcones/pure_simulations/run4708.npz with power spectra shape: (30, 10, 10)
Processed /remote/gpu01a/heneka/21cmlightcones/pure_simulations/run4708.npz with redshifts shape: [ 5.2146857   5.50122053  5.99942698  6.4982282   7.00136554  7.50117414
  7.99972908  8.50167205  9.0017021   9.50070697 10.00089724 10.49804991
 10.99590327 11.49987627 11.99819831 12.49671719 13.00320875 13.50510167
 13.99908115 14.49398108 15.00081411 15.50571487 16.00643262 16.50057046
 17.00108182 17.50723767 18.0014213  18.49821154 18.99661295 19.49555793]
Processed /remote/gpu01a/heneka/21cmlightcones/pure_simulations/run2238.npz with power spectra shape: (30, 10, 10)
Processed /remote/gpu01a/heneka/21cmlightcones/pure_simulations/run2238.npz with redshifts shape: [ 5.17585856  5.50117024  5.99867181  6.4999321   6.99978538  7.50126905
  8.00152607  8.49817379  9.00000759  9.50281376 10.00179528 10.49810355
 11.00100289 11.50073459 12.00105486 12.49892744 12.99975688 13.50136714
 14.00137146 14.49718071 14.9966705  15.49838109 16.00071996 16.50196415
 17.00026493 17.49365541 17.9938447  18.50028152 18.99744487 19.49842583]
Processed /remote/gpu01a/heneka/21cmlightcones/pure_simulations/run2328.npz with power spectra shape: (30, 10, 10)
Processed /remote/gpu01a/heneka/21cmlightcones/pure_simulations/run2328.npz with redshifts shape: [ 5.18328464  5.50008148  5.99993028  6.49827281  7.0001364   7.50200087
  8.00065758  8.4984884   9.00017572  9.50116141 10.00261864 10.50013232
 11.00323708 11.50164862 11.99917095 12.50113966 12.99635275 13.50015295
 14.00137824 14.49726107 14.99593927 15.49582655 15.99519954 16.50490538
 16.9980967  17.49863919 18.00599625 18.50460716 19.00758602 19.49804612]
Processed /remote/gpu01a/heneka/21cmlightcones/pure_simulations/run2930.npz with power spectra shape: (30, 10, 10)
Processed /remote/gpu01a/heneka/21cmlightcones/pure_simulations/run2930.npz with redshifts shape: [ 5.17273704  5.50008128  6.00043309  6.49938629  7.00111552  7.50163784
  8.00160273  8.4987546   9.00181545  9.50115407 10.00286692 10.50297939
 10.99706023 11.50193299 12.00092311 12.49788547 12.9981635  13.49965367
 14.00004426 14.49682382 14.99775943 15.50144833 15.99488557 16.49883376
 17.00054086 17.49809953 18.00304298 18.50075872 19.00366794 19.3749169 ]
Processed /remote/gpu01a/heneka/21cmlightcones/pure_simulations/run2183.npz with power spectra shape: (30, 10, 10)
Processed /remote/gpu01a/heneka/21cmlightcones/pure_simulations/run2183.npz with redshifts shape: [ 5.16625548  5.49889247  6.00006188  6.49898349  6.99899779  7.49941664
  8.00107518  8.50200017  9.00081254  9.50223585 10.00192237 10.50114199
 11.00228401 11.50200646 11.99661643 12.49770818 13.00356124 13.50354339
 14.00330656 14.50049465 15.00264874 15.49791708 16.00551348 16.50227255
 16.9970688  17.50063574 17.99954497 18.15712692 18.15712692 18.15712692]
Processed /remote/gpu01a/heneka/21cmlightcones/pure_simulations/run3257.npz with power spectra shape: (30, 10, 10)
Processed /remote/gpu01a/heneka/21cmlightcones/pure_simulations/run3257.npz with redshifts shape: [ 5.19654797  5.5005551   5.99997559  6.5011978   6.99873419  7.5009859
  8.00149673  8.49826719  9.0018714   9.50212965 10.00003597 10.49786026
 10.99927855 11.50128797 12.00054675 12.5026132  12.9953298  13.49498722
 14.00027849 14.49839014 14.9979303  15.49709285 15.99392772 16.49995239
 17.0005083  17.49326326 18.00655753 18.49344172 18.99930316 19.50785731]
Processed /remote/gpu01a/heneka/21cmlightcones/pure_simulations/run1964.npz with power spectra shape: (30, 10, 10)
Processed /remote/gpu01a/heneka/21cmlightcones/pure_simulations/run1964.npz with redshifts shape: [ 5.16261857  5.50034532  5.99886057  6.49899343  7.00162076  7.49858498
  8.00130194  8.49995151  9.00196451  9.49741624 10.00237326 10.5024186
 10.99879591 11.50070886 11.99859865 12.49622841 12.99875635 13.49582059
 14.00193152 14.49736788 14.99804313 15.50272461 15.99924835 16.4959736
 17.00304655 17.49568454 17.5202319  17.5202319  17.5202319  17.5202319 ]
Processed /remote/gpu01a/heneka/21cmlightcones/pure_simulations/run637.npz with power spectra shape: (30, 10, 10)
Processed /remote/gpu01a/heneka/21cmlightcones/pure_simulations/run637.npz with redshifts shape: [ 5.18385293  5.49879953  6.00010596  6.50006724  6.99977903  7.49889852
  7.99887085  8.49813863  9.00139539  9.49814407 10.00097436 10.49995228
 10.99740341 11.4970232  12.00399441 12.49919497 12.99586082 13.50122134
 14.00408027 14.50165763 15.00211722 15.50386681 16.00517562 16.50417836
 16.99888311 17.5010258  17.99564687 18.49540486 18.9995956  19.50745204]
Processed /remote/gpu01a/heneka/21cmlightcones/pure_simulations/run4529.npz with power spectra shape: (30, 10, 10)
Processed /remote/gpu01a/heneka/21cmlightcones/pure_simulations/run4529.npz with redshifts shape: [ 5.17623536  5.49951134  6.00102471  6.50021962  7.00121072  7.49980002
  8.00103154  8.49873384  9.0017189   9.50008124  9.99996204 10.49723386
 11.00117819 11.50201531 12.00350767 12.50261065 12.99599812 13.49849816
 13.99944169 14.49623327 14.99676301 15.49956859 16.00305334 16.50548947
 17.00502291 17.49968011 18.00119969 18.49464956 18.99267065 19.49455333]
Processed /remote/gpu01a/heneka/21cmlightcones/pure_simulations/run3946.npz with power spectra shape: (30, 10, 10)
Processed /remote/gpu01a/heneka/21cmlightcones/pure_simulations/run3946.npz with redshifts shape: [ 5.18956172  5.49997463  6.00090969  6.49857174  7.00196863  7.4994815
  8.00095029  8.50056417  8.99735358  9.49738906 10.00304907 10.49701122
 11.00257425 11.50248171 12.00058454 12.50232374 12.996043   13.49753319
 13.99518515 14.49701483 15.00149331 15.49491928 15.99896684 16.50020142
 16.99653422 17.5000255  17.9952265  18.49515172 18.99904442 19.50608285]
Processed /remote/gpu01a/heneka/21cmlightcones/pure_simulations/run4278.npz with power spectra shape: (30, 10, 10)
Processed /remote/gpu01a/heneka/21cmlightcones/pure_simulations/run4278.npz with redshifts shape: [ 5.1625808   5.50022428  5.99860497  6.49858951  7.00105456  7.50166756
  8.00037569  8.4988278   9.00063044  9.5011046  10.00058651 10.5003893
 11.00291892 11.49816445 12.00300196 12.5007686  13.00343323 13.50063097
 13.99792426 14.50244226 15.00324711 15.49772827 16.00470671 16.50155588
 16.9969829  17.50151217 17.51378269 17.51378269 17.51378269 17.51378269]
Processed /remote/gpu01a/heneka/21cmlightcones/pure_simulations/run2616.npz with power spectra shape: (30, 10, 10)
Processed /remote/gpu01a/heneka/21cmlightcones/pure_simulations/run2616.npz with redshifts shape: [ 5.1614398   5.49911333  5.9994069   6.49897729  7.00128632  7.4982784
  8.00132765  8.50072346  8.99904047  9.50097791 10.00242259 10.49874368
 10.99754183 11.50240181 11.99669471 12.49810457 12.99701143 13.49874271
 14.00126036 14.50233443 14.99955169 15.50057852 16.00406688 16.49734283
 17.00073941 17.32049051 17.32049051 17.32049051 17.32049051 17.32049051]
Processed /remote/gpu01a/heneka/21cmlightcones/pure_simulations/run1442.npz with power spectra shape: (30, 10, 10)
Processed /remote/gpu01a/heneka/21cmlightcones/pure_simulations/run1442.npz with redshifts shape: [ 5.18484981  5.49870083  5.99956754  6.49867786  7.00104918  7.49874207
  8.00149307  8.49864084  8.99920525  9.49854902  9.99781655 10.49934245
 10.99950755 11.50202411 12.00389809 12.50182513 13.00137599 13.50015816
 13.99556266 14.49544553 14.99834935 15.50267348 15.99440968 16.49566696
 17.00608029 17.4973446  17.99452107 18.49696589 19.00397296 19.49851459]
Processed /remote/gpu01a/heneka/21cmlightcones/pure_simulations/run1236.npz with power spectra shape: (30, 10, 10)
Processed /remote/gpu01a/heneka/21cmlightcones/pure_simulations/run1236.npz with redshifts shape: [ 5.2043418   5.49866303  6.00042451  6.49837337  6.99844717  7.50198822
  8.00208068  8.5021071   9.00200406  9.502805    9.99974679 10.50258935
 11.00045523 11.49714972 11.99813462 12.50107223 13.00336799 13.50218053
 13.99443703 14.50040973 14.9953103  15.50135856 16.00470127 16.50312221
 16.99427215 17.50641191 17.9926831  18.49839865 19.0073054  19.50050121]
Processed /remote/gpu01a/heneka/21cmlightcones/pure_simulations/run824.npz with power spectra shape: (30, 10, 10)
Processed /remote/gpu01a/heneka/21cmlightcones/pure_simulations/run824.npz with redshifts shape: [ 5.16029529  5.50048247  6.00006362  6.49914741  7.00121687  7.49831558
  8.00177795  8.50199978  9.0015737   9.50003184  9.99774623 10.50197233
 10.99734762 11.49852065 12.00322275 12.50137018 12.99683951 13.50331076
 14.00242745 14.49993513 15.00316394 15.50074181 16.0006034  16.50129101
 17.00123023 17.12956763 17.12956763 17.12956763 17.12956763 17.12956763]
Processed /remote/gpu01a/heneka/21cmlightcones/pure_simulations/run4021.npz with power spectra shape: (30, 10, 10)
Processed /remote/gpu01a/heneka/21cmlightcones/pure_simulations/run4021.npz with redshifts shape: [ 5.1897816   5.50057655  5.99885161  6.50058098  7.00071647  7.49870556
  8.00070326  8.50089147  8.99829764  9.49899875  9.99882269 10.50008192
 10.99898075 11.49925175 11.9977473  12.49991195 13.00348452 13.49605245
 14.0046451  14.49658215 15.00163145 15.49564234 16.00031397 16.50219572
 16.99919475 17.50338763 17.99930348 18.49997493 19.00464451 19.49580649]
Processed /remote/gpu01a/heneka/21cmlightcones/pure_simulations/run2764.npz with power spectra shape: (30, 10, 10)
Processed /remote/gpu01a/heneka/21cmlightcones/pure_simulations/run2764.npz with redshifts shape: [ 5.20107063  5.49986144  6.00050818  6.49805676  6.99846084  7.49843077
  8.00026364  8.49750907  9.00088306  9.49988487 10.00237959 10.49720857
 11.00242272 11.49956547 12.00146953 12.49644248 13.00029764 13.50136791
 13.9966623  14.49456956 15.00552783 15.50389203 15.99923517 16.50330684
 17.00107663 17.50526184 17.99941531 18.49727019 18.99795817 19.50054283]
Processed /remote/gpu01a/heneka/21cmlightcones/pure_simulations/run2448.npz with power spectra shape: (30, 10, 10)
Processed /remote/gpu01a/heneka/21cmlightcones/pure_simulations/run2448.npz with redshifts shape: [ 5.17965419  5.50109929  6.00026531  6.49891449  6.998268    7.49813123
  8.00005028  8.49764724  8.99981641  9.50217136  9.99973281 10.50023424
 11.00023397 11.50341748 11.99897179 12.49923917 13.00218386 13.49615472
 13.99697116 14.50342608 15.0032745  15.50487688 15.99464749 16.49411605
 17.00295561 17.4936868  18.00478911 18.4933933  19.00111597 19.49734397]
Processed /remote/gpu01a/heneka/21cmlightcones/pure_simulations/run3722.npz with power spectra shape: (30, 10, 10)
Processed /remote/gpu01a/heneka/21cmlightcones/pure_simulations/run3722.npz with redshifts shape: [ 5.17888048  5.4988568   5.99867477  6.49841081  6.99932467  7.50126503
  8.00123488  8.50168615  9.00195465  9.50225119  9.99762272 10.50237752
 11.00031672 11.50129242 12.00248082 12.50075669 13.00158166 13.50270821
 14.00167453 14.49581642 15.00395176 15.50339681 16.00283742 16.50049192
 16.99445417 17.49617231 18.00515435 18.50624083 18.99709795 19.50675152]
Processed /remote/gpu01a/heneka/21cmlightcones/pure_simulations/run4035.npz with power spectra shape: (30, 10, 10)
Processed /remote/gpu01a/heneka/21cmlightcones/pure_simulations/run4035.npz with redshifts shape: [ 5.19629969  5.49989949  5.99859083  6.49900857  6.99988023  7.5015881
  8.00150337  8.49763111  9.00053281  9.50004376  9.99715853 10.5013833
 11.00238929 11.50395092 12.00273018 12.5042806  12.99645857 13.4955381
 14.00021241 14.49768476 14.99655317 15.49501452 16.00413616 16.49637618
 16.99614105 17.5028629  18.0005144  18.50253508 19.00811082 19.49910561]
Processed /remote/gpu01a/heneka/21cmlightcones/pure_simulations/run2885.npz with power spectra shape: (30, 10, 10)
Processed /remote/gpu01a/heneka/21cmlightcones/pure_simulations/run2885.npz with redshifts shape: [ 5.17442278  5.4996626   5.99890379  6.49934334  6.998654    7.49989516
  8.0002778   8.50231997  9.00026779  9.49887603  9.99942146 10.49785614
 11.00340354 11.49911549 12.00290937 12.49674341 13.00193567 13.49949403
 13.99524957 14.4967161  15.00261373 15.50044829 15.99872374 16.49573373
 17.00226559 17.50481223 18.00132564 18.50388316 18.99708611 19.49392584]
Processed /remote/gpu01a/heneka/21cmlightcones/pure_simulations/run3117.npz with power spectra shape: (30, 10, 10)
Processed /remote/gpu01a/heneka/21cmlightcones/pure_simulations/run3117.npz with redshifts shape: [ 5.19607765  5.49931304  6.00079231  6.50086407  7.00133936  7.49800277
  8.00202649  8.49762245  8.9999409   9.49882931 10.00204809 10.4987958
 10.99905403 11.49982757 11.99778469 12.49847071 12.99947386 13.49814406
 14.00237761 14.4993897  14.99777104 15.49572053 16.00429373 16.49597981
 16.99515804 17.50126085 17.99828094 18.49964158 19.00452925 19.49483375]
Processed /remote/gpu01a/heneka/21cmlightcones/pure_simulations/run3486.npz with power spectra shape: (30, 10, 10)
Processed /remote/gpu01a/heneka/21cmlightcones/pure_simulations/run3486.npz with redshifts shape: [ 5.20003219  5.50032714  5.99835394  6.5007939   6.99881184  7.50084897
  8.00023731  8.50038799  9.00133257  9.49773639  9.99742913 10.49669027
 10.99921535 11.50190666 12.00132168 12.50307592 13.00466848 13.50335614
 13.99616782 14.50299389 14.99959264 15.4950837  16.00070571 16.50222136
 16.99735833 17.49876809 18.00576534 18.50128844 18.99953617 19.4995763 ]
Processed /remote/gpu01a/heneka/21cmlightcones/pure_simulations/run4374.npz with power spectra shape: (30, 10, 10)
Processed /remote/gpu01a/heneka/21cmlightcones/pure_simulations/run4374.npz with redshifts shape: [ 5.15409526  5.49975445  6.0008281   6.50094472  6.99955371  7.49826854
  8.00126328  8.49852416  9.00094057  9.49931846  9.99843291 10.49969792
 10.99948663 11.5002249  11.99867681 12.49853162 12.99715072 13.49971052
 13.99586918 14.50012009 15.00218202 15.49966185 16.00024296 16.14449652
 16.14449652 16.14449652 16.14449652 16.14449652 16.14449652 16.14449652]
Processed /remote/gpu01a/heneka/21cmlightcones/pure_simulations/run3651.npz with power spectra shape: (30, 10, 10)
Processed /remote/gpu01a/heneka/21cmlightcones/pure_simulations/run3651.npz with redshifts shape: [ 5.2034065   5.49949116  5.99897485  6.49836828  7.00043816  7.50179984
  7.9995281   8.50262873  9.00022844  9.49855573  9.99988859 10.50039824
 11.0037982  11.49839388 11.9971286  12.49767523 12.99745371 13.50425716
 14.00551673 14.49797497 15.00277915 15.49395828 15.99464114 16.50440057
 16.99334499 17.50308856 18.00291943 18.50672168 18.99640449 19.50478582]
Processed /remote/gpu01a/heneka/21cmlightcones/pure_simulations/run3504.npz with power spectra shape: (30, 10, 10)
Processed /remote/gpu01a/heneka/21cmlightcones/pure_simulations/run3504.npz with redshifts shape: [ 5.16830026  5.49997493  5.99879838  6.50067552  7.00001461  7.49899479
  7.99838018  8.50076718  9.00076226  9.49767934  9.9975378  10.5027599
 10.99707434 11.50276324 12.00364521 12.50354145 12.9993713  13.49659674
 14.00226075 14.49589408 15.00410757 15.49495161 15.9975746  16.50018247
 17.0010631  17.49838673 18.00342168 18.50195565 18.5294614  18.5294614 ]
Processed /remote/gpu01a/heneka/21cmlightcones/pure_simulations/run4559.npz with power spectra shape: (30, 10, 10)
Processed /remote/gpu01a/heneka/21cmlightcones/pure_simulations/run4559.npz with redshifts shape: [ 5.20862012  5.49965459  6.00141973  6.4980678   6.99995909  7.49980656
  7.99978391  8.49877794  9.00286293  9.50100317 10.00121772 10.49949105
 10.99954458 11.4980212  12.00045125 12.50440667 12.99686712 13.49499229
 13.99727649 14.50204913 14.99485483 15.49833661 15.99831963 16.50694829
 16.99353629 17.50071809 17.99697364 18.49650203 18.99836944 19.50157113]
Processed /remote/gpu01a/heneka/21cmlightcones/pure_simulations/run2492.npz with power spectra shape: (30, 10, 10)
Processed /remote/gpu01a/heneka/21cmlightcones/pure_simulations/run2492.npz with redshifts shape: [ 5.21460278  5.50102032  5.99900498  6.50172899  7.00043208  7.49995419
  7.99820361  8.49981937  8.99950465  9.498147    9.99795606 10.50261593
 11.00057393 11.49568912 12.0030628  12.50166954 12.9976235  13.49901816
 14.00426673 14.49923315 15.00612921 15.49749467 15.99764124 16.5060424
 17.00659639 17.49665025 18.00700737 18.50382611 19.00225204 19.50121696]
Processed /remote/gpu01a/heneka/21cmlightcones/pure_simulations/run838.npz with power spectra shape: (30, 10, 10)
Processed /remote/gpu01a/heneka/21cmlightcones/pure_simulations/run838.npz with redshifts shape: [ 5.19020882  5.49875556  6.00131976  6.50078311  6.99802487  7.50137676
  7.99991365  8.50119153  8.99976943  9.50173683 10.00290911 10.49858277
 10.99852799 11.49991752 11.99959485 12.5030169  12.99848531 13.50184517
 14.00144341 14.5053261  15.00043125 15.49550979 16.00132317 16.50439052
 17.00261245 17.49376716 18.00532629 18.50737287 18.99736312 19.50607779]
Processed /remote/gpu01a/heneka/21cmlightcones/pure_simulations/run155.npz with power spectra shape: (30, 10, 10)
Processed /remote/gpu01a/heneka/21cmlightcones/pure_simulations/run155.npz with redshifts shape: [ 5.16392862  5.49937389  5.99907064  6.50021841  7.00013296  7.50110684
  7.99984752  8.49797706  8.99909292  9.49844175 10.00199419 10.50009667
 11.00042778 11.49972786 12.00166847 12.50358164 13.00252763 13.50388754
 13.99653519 14.49576979 15.00047703 15.49900089 15.99942318 16.50022427
 16.99976576 17.4962953  17.74600553 17.74600553 17.74600553 17.74600553]
Processed /remote/gpu01a/heneka/21cmlightcones/pure_simulations/run3430.npz with power spectra shape: (30, 10, 10)
Processed /remote/gpu01a/heneka/21cmlightcones/pure_simulations/run3430.npz with redshifts shape: [ 5.17715658  5.49943685  6.00054912  6.49894613  6.99871822  7.49976439
  7.99916374  8.49938868  8.99982395  9.50071841  9.99720532 10.49694999
 10.99659829 11.49982033 12.00385519 12.49731699 13.00182177 13.4980488
 14.00163184 14.50117198 15.00460073 15.49919704 16.00533281 16.49824269
 17.00010452 17.49717106 18.00123733 18.49729372 18.99804556 19.50278049]
Processed /remote/gpu01a/heneka/21cmlightcones/pure_simulations/run2355.npz with power spectra shape: (30, 10, 10)
Processed /remote/gpu01a/heneka/21cmlightcones/pure_simulations/run2355.npz with redshifts shape: [ 5.16544402  5.49896489  6.00050929  6.50017488  7.00132908  7.4994377
  7.99856515  8.50134546  8.99759511  9.50158758  9.99871901 10.50132807
 10.9999724  11.49705006 12.00358069 12.50257567 12.99796791 13.5038125
 14.00110195 14.49570789 14.99513304 15.49809336 16.00317878 16.49737271
 17.00147994 17.50273927 17.99926582 18.01225952 18.01225952 18.01225952]
Processed /remote/gpu01a/heneka/21cmlightcones/pure_simulations/run4121.npz with power spectra shape: (30, 10, 10)
Processed /remote/gpu01a/heneka/21cmlightcones/pure_simulations/run4121.npz with redshifts shape: [ 5.18631529  5.49987587  5.99845263  6.50153781  7.00032461  7.50201841
  7.99963794  8.50068063  8.99990398  9.49735819 10.0005907  10.49949538
 10.99638889 11.50276931 12.00047267 12.50221562 12.9965758  13.49911229
 13.99844614 14.50249312 14.99849306 15.4950495  16.00273933 16.49547243
 16.99649067 17.50531993 18.00679777 18.49855405 18.9938912  19.49199906]
Processed /remote/gpu01a/heneka/21cmlightcones/pure_simulations/run1807.npz with power spectra shape: (30, 10, 10)
Processed /remote/gpu01a/heneka/21cmlightcones/pure_simulations/run1807.npz with redshifts shape: [ 5.20588147  5.49932368  6.00146173  6.49939205  6.99904244  7.50171291
  8.00038724  8.49842707  9.00187823  9.49989674 10.00044327 10.49959903
 11.00107964 11.50161215 11.99757498 12.50431861 13.00042941 13.50288143
 13.998919   14.49709105 14.99558909 15.50549346 15.99919747 16.50115053
 16.99593524 17.49653137 18.00219878 18.49535644 19.00798895 19.50493421]
Processed /remote/gpu01a/heneka/21cmlightcones/pure_simulations/run1893.npz with power spectra shape: (30, 10, 10)
Processed /remote/gpu01a/heneka/21cmlightcones/pure_simulations/run1893.npz with redshifts shape: [ 5.17001609  5.49992132  6.00103523  6.49852425  6.99927401  7.49945539
  7.99979386  8.49815112  8.99809583  9.50002424  9.99941515 10.49749226
 11.00332096 11.50044868 11.9988631  12.50368698 12.99624891 13.49847477
 14.00013346 14.49878265 15.00209891 15.49793357 15.99460994 16.5022856
 16.99613219 17.49838627 17.99529144 18.49864411 18.85017931 18.85017931]
Processed /remote/gpu01a/heneka/21cmlightcones/pure_simulations/run4201.npz with power spectra shape: (30, 10, 10)
Processed /remote/gpu01a/heneka/21cmlightcones/pure_simulations/run4201.npz with redshifts shape: [ 5.20213277  5.49942378  5.99920945  6.49932969  6.99825909  7.50092548
  8.00054012  8.50049943  9.00078842  9.50247482 10.00088975 10.49827767
 10.99833256 11.4978847  12.0023766  12.50005169 12.99679511 13.50035253
 13.99823784 14.49888048 15.00054013 15.50132221 15.9991836  16.50593412
 17.00646282 17.49833655 17.99483103 18.49514407 18.99840362 19.50366818]
Processed /remote/gpu01a/heneka/21cmlightcones/pure_simulations/run3559.npz with power spectra shape: (30, 10, 10)
Processed /remote/gpu01a/heneka/21cmlightcones/pure_simulations/run3559.npz with redshifts shape: [ 5.2028325   5.50121528  5.99944263  6.50137507  6.99794836  7.5023743
  7.99871283  8.50029032  9.00233361  9.49938429  9.99933486 10.4983686
 11.00018977 11.50161583 11.99911734 12.49834843 12.99673725 13.50205474
 14.00177036 14.50434189 14.99574571 15.4980474  15.99749461 16.50593492
 16.99355705 17.50186325 18.00022777 18.50249517 19.00779081 19.4973537 ]
Processed /remote/gpu01a/heneka/21cmlightcones/pure_simulations/run1336.npz with power spectra shape: (30, 10, 10)
Processed /remote/gpu01a/heneka/21cmlightcones/pure_simulations/run1336.npz with redshifts shape: [ 5.20540714  5.50135625  5.99893487  6.49939987  6.99786629  7.49923487
  8.0017543   8.49873448  9.00102483  9.49780855  9.99702962 10.50235133
 11.00283926 11.50231247 11.9971593  12.50269583 12.99756051 13.49868684
 14.00463296 14.50193389 14.99950943 15.4954015  16.00111012 16.50198516
 16.99565992 17.49508615 17.99952401 18.5081627  19.00272981 19.49833104]
Processed /remote/gpu01a/heneka/21cmlightcones/pure_simulations/run1281.npz with power spectra shape: (30, 10, 10)
Processed /remote/gpu01a/heneka/21cmlightcones/pure_simulations/run1281.npz with redshifts shape: [ 5.1535807   5.50043814  5.99984682  6.50111552  7.00130897  7.4984586
  7.99972673  8.49940161  9.00015115  9.50170239  9.99926723 10.49886345
 11.00292875 11.50216347 11.99902164 12.4971829  13.00164147 13.50272476
 13.99734336 14.49994649 15.00028638 15.49598126 16.00489262 16.06631079
 16.06631079 16.06631079 16.06631079 16.06631079 16.06631079 16.06631079]
Processed /remote/gpu01a/heneka/21cmlightcones/pure_simulations/run412.npz with power spectra shape: (30, 10, 10)
Processed /remote/gpu01a/heneka/21cmlightcones/pure_simulations/run412.npz with redshifts shape: [ 5.18650993  5.50041809  5.99959795  6.49972018  6.99886165  7.50095668
  7.99901688  8.50054512  9.00029273  9.49830887 10.00214856 10.50169298
 10.99926031 11.49856082 11.9965395  12.49858556 13.00251349 13.49615856
 13.99586713 14.50031653 14.99673559 15.50556687 16.0018991  16.4951152
 16.99664639 17.50601887 17.99342721 18.50037647 18.99630466 19.49502729]
Processed /remote/gpu01a/heneka/21cmlightcones/pure_simulations/run167.npz with power spectra shape: (30, 10, 10)
Processed /remote/gpu01a/heneka/21cmlightcones/pure_simulations/run167.npz with redshifts shape: [ 5.2001713   5.50068796  5.99911512  6.49810698  7.00049575  7.49835899
  7.99788167  8.4981901   8.99931531  9.50235951 10.0027408  10.50272161
 10.99813244 11.50111043 12.00082985 12.50290924 13.00484599 13.50389421
 13.99707996 14.50430913 15.00132046 15.49724011 16.00331673 16.50530041
 17.00091575 17.50282627 17.99466159 18.50639644 19.00518966 19.50579256]
Processed /remote/gpu01a/heneka/21cmlightcones/pure_simulations/run3464.npz with power spectra shape: (30, 10, 10)
Processed /remote/gpu01a/heneka/21cmlightcones/pure_simulations/run3464.npz with redshifts shape: [ 5.16005654  5.4997058   6.00123985  6.4996772   7.0010231   7.50109811
  7.99993302  8.49922882  8.9978136   9.500382    9.99735769 10.5007835
 11.00162656 11.50230338 11.99935439 12.49651767 12.99890264 13.49634059
 14.0031453  14.49993261 15.00239666 15.49918328 15.99821539 16.49803808
 16.99707961 17.09010887 17.09010887 17.09010887 17.09010887 17.09010887]
Processed /remote/gpu01a/heneka/21cmlightcones/pure_simulations/run1165.npz with power spectra shape: (30, 10, 10)
Processed /remote/gpu01a/heneka/21cmlightcones/pure_simulations/run1165.npz with redshifts shape: [ 5.19988639  5.49994917  6.00106225  6.49953155  7.00132805  7.49854112
  8.00245536  8.50241943  8.99717488  9.49932433  9.99876008 10.49774214
 10.99996409 11.50233057 12.00140185 12.50278992 13.00399597 13.5022797
 13.99467303 14.50104947 14.99718894 15.5048719  15.99732022 16.49831696
 16.9929238  17.49377951 18.00019856 18.49513975 18.99278582 19.49220521]
Processed /remote/gpu01a/heneka/21cmlightcones/pure_simulations/run1792.npz with power spectra shape: (30, 10, 10)
Processed /remote/gpu01a/heneka/21cmlightcones/pure_simulations/run1792.npz with redshifts shape: [ 5.19722927  5.49925546  6.00031565  6.49953286  6.99867884  7.49809148
  8.00012505  8.49854549  8.99805944  9.4998001   9.99929995 10.49883239
 11.00208481 11.49779716 11.99860188 12.50232008 12.99675103 13.49823953
 13.99463805 14.50559446 14.99529491 15.49607896 15.99460398 16.50242729
 17.00483822 17.4994914  17.99937524 18.50374029 18.99507218 19.50523362]
Processed /remote/gpu01a/heneka/21cmlightcones/pure_simulations/run3638.npz with power spectra shape: (30, 10, 10)
Processed /remote/gpu01a/heneka/21cmlightcones/pure_simulations/run3638.npz with redshifts shape: [ 5.20203757  5.49918004  5.99869384  6.49851499  7.00144512  7.4994343
  7.99867456  8.49823543  8.99810259  9.49934349  9.9972938  10.50164413
 11.00168146 11.50120571 11.99670527 12.50328744 12.99997424 13.5034648
 14.00127487 14.50183285 15.00339851 15.50407802 16.001829   16.49446939
 16.99426538 17.50059895 17.99695038 18.49711113 19.00020963 19.50530442]
Processed /remote/gpu01a/heneka/21cmlightcones/pure_simulations/run1619.npz with power spectra shape: (30, 10, 10)
Processed /remote/gpu01a/heneka/21cmlightcones/pure_simulations/run1619.npz with redshifts shape: [ 5.1560905   5.49911232  5.99862615  6.49915558  7.00094667  7.49916262
  8.00100033  8.50057691  9.00053037  9.50051225 10.00098707 10.49758258
 10.99774698 11.49850705 11.99655371 12.50292843 13.00066633 13.50191625
 13.99617245 14.49808902 14.99722432 15.50104435 15.9979297  16.45272504
 16.45272504 16.45272504 16.45272504 16.45272504 16.45272504 16.45272504]
Processed /remote/gpu01a/heneka/21cmlightcones/pure_simulations/run1341.npz with power spectra shape: (30, 10, 10)
Processed /remote/gpu01a/heneka/21cmlightcones/pure_simulations/run1341.npz with redshifts shape: [ 5.16376667  5.49886027  6.00086567  6.49849921  7.00124392  7.50181008
  8.00010334  8.49774589  8.99833232  9.5023954  10.00005921 10.4975233
 10.99717754 11.50262348 11.99695902 12.49808969 12.99622491 13.49673744
 13.99752985 14.4963117  15.00053754 15.49856322 15.99846244 16.49871799
 16.99769336 17.50599036 17.71787955 17.71787955 17.71787955 17.71787955]
Processed /remote/gpu01a/heneka/21cmlightcones/pure_simulations/run3967.npz with power spectra shape: (30, 10, 10)
Processed /remote/gpu01a/heneka/21cmlightcones/pure_simulations/run3967.npz with redshifts shape: [ 5.17080079  5.49963123  6.00011075  6.49988329  6.99950082  7.49808018
  8.00068215  8.5014878   8.99895914  9.49783181  9.99943248 10.49986977
 11.0015223  11.50088543 12.00167886 12.50102105 13.00422897 13.50031687
 14.00443137 14.4957659  15.00129601 15.4994178  15.9984894  16.49686908
 17.00515232 17.49725518 17.996436   18.50218583 18.99945247 18.99945247]
Processed /remote/gpu01a/heneka/21cmlightcones/pure_simulations/run3370.npz with power spectra shape: (30, 10, 10)
Processed /remote/gpu01a/heneka/21cmlightcones/pure_simulations/run3370.npz with redshifts shape: [ 5.19537829  5.50053596  6.00030646  6.49848314  7.00106229  7.50045839
  7.99786286  8.50212024  8.99711835  9.50026089 10.00175057 10.49667203
 11.00265488 11.50183874 11.99811272 12.49700553 12.99611486 13.50300537
 13.99493644 14.50105853 14.99772508 15.49387994 16.00053721 16.50382204
 17.00154407 17.50610006 18.00153281 18.50122498 19.00436452 19.49290752]
Processed /remote/gpu01a/heneka/21cmlightcones/pure_simulations/run4710.npz with power spectra shape: (30, 10, 10)
Processed /remote/gpu01a/heneka/21cmlightcones/pure_simulations/run4710.npz with redshifts shape: [ 5.16633206  5.49913163  6.00056918  6.49978421  7.00011831  7.50088227
  7.99865271  8.4996116   8.99847062  9.4999538   9.99971247 10.49901627
 11.00025469 11.50008495 12.00219745 12.50385134 13.00203145 13.50216601
 14.00209195 14.49945232 15.00179069 15.49725088 16.00505389 16.502025
 16.99704199 17.50084311 17.99999381 18.17088072 18.17088072 18.17088072]
Processed /remote/gpu01a/heneka/21cmlightcones/pure_simulations/run1100.npz with power spectra shape: (30, 10, 10)
Processed /remote/gpu01a/heneka/21cmlightcones/pure_simulations/run1100.npz with redshifts shape: [ 5.1937713   5.49931117  6.00148508  6.49932412  7.00187645  7.50166713
  7.99992534  8.5001014   9.00236338  9.50167066  9.99904976 10.49678174
 10.99853204 11.50138061 12.00207055 12.49702687 13.00157422 13.50453686
 14.00309995 14.50542501 14.99817467 15.50251494 16.00536483 16.50469019
 16.99832547 17.49856726 18.00478256 18.50047025 18.99942129 19.5007631 ]
Processed /remote/gpu01a/heneka/21cmlightcones/pure_simulations/run2014.npz with power spectra shape: (30, 10, 10)
Processed /remote/gpu01a/heneka/21cmlightcones/pure_simulations/run2014.npz with redshifts shape: [ 5.20257001  5.50054319  6.00157805  6.49913374  6.99915478  7.49827583
  7.99876241  8.49967923  9.00100916  9.49730367 10.00343158 10.5020894
 11.00349622 11.4960086  12.00149284 12.5002074  12.99804725 13.50277483
 14.00187443 14.50379465 14.99453112 15.49611989 15.99482811 16.50248555
 17.00395374 17.49679271 17.99430328 18.49568175 19.00005488 19.50647883]
Processed /remote/gpu01a/heneka/21cmlightcones/pure_simulations/run399.npz with power spectra shape: (30, 10, 10)
Processed /remote/gpu01a/heneka/21cmlightcones/pure_simulations/run399.npz with redshifts shape: [ 5.17146477  5.49895081  6.00137314  6.49995618  7.00159419  7.4983488
  7.99860556  8.50124399  9.00068766  9.5016865   9.99964319 10.5020911
 10.9991364  11.50033532 12.0030858  12.49643646 13.00138091 13.49928096
 13.99590052 14.49865899 14.99593419 15.49576938 15.99664256 16.496905
 16.99478501 17.50131801 18.0026294  18.49662252 18.99562794 19.12704602]
Processed /remote/gpu01a/heneka/21cmlightcones/pure_simulations/run3549.npz with power spectra shape: (30, 10, 10)
Processed /remote/gpu01a/heneka/21cmlightcones/pure_simulations/run3549.npz with redshifts shape: [ 5.21623329  5.50156763  5.99973411  6.49807426  7.00029913  7.4986375
  8.00064353  8.50037886  8.99752298  9.49987238 10.00366892 10.4966875
 10.99809025 11.49685847 11.99863138 12.50080752 13.00051719 13.49463675
 14.0035223  14.50223703 15.00007986 15.49491389 15.99875862 16.49613203
 17.00006951 17.49358434 18.00769895 18.50832471 18.99243969 19.49482349]
Processed /remote/gpu01a/heneka/21cmlightcones/pure_simulations/run474.npz with power spectra shape: (30, 10, 10)
Processed /remote/gpu01a/heneka/21cmlightcones/pure_simulations/run474.npz with redshifts shape: [ 5.16076624  5.49947892  6.0004715   6.50112481  7.00147364  7.50011153
  8.00115019  8.49837619  8.99917701  9.49896453  9.99810868 10.4979434
 11.00088132 11.49705836 12.00319196 12.50283717 12.99987782 13.49962388
 14.00004594 14.49892546 15.00361266 15.50270137 16.0041485  16.49533511
 16.99650957 17.20777143 17.20777143 17.20777143 17.20777143 17.20777143]
Processed /remote/gpu01a/heneka/21cmlightcones/pure_simulations/run1127.npz with power spectra shape: (30, 10, 10)
Processed /remote/gpu01a/heneka/21cmlightcones/pure_simulations/run1127.npz with redshifts shape: [ 5.20579056  5.49909529  6.00097732  6.49862858  6.99797465  7.50031511
  7.99863914  8.50200318  8.99936066  9.49696472  9.99707423 10.50335908
 10.99677689 11.49681314 12.00137946 12.49846949 13.00422158 13.49591377
 14.00266715 14.50080567 14.99926254 15.49607511 16.00276562 16.50465496
 16.99936988 17.49988839 18.00547021 18.49853775 18.993661   19.5079106 ]
Processed /remote/gpu01a/heneka/21cmlightcones/pure_simulations/run3248.npz with power spectra shape: (30, 10, 10)
Processed /remote/gpu01a/heneka/21cmlightcones/pure_simulations/run3248.npz with redshifts shape: [ 5.20611937  5.49992128  5.99911545  6.50139034  7.00183752  7.50053928
  7.99969966  8.49827075  9.0023038   9.50094148 10.00215307 10.50201332
 10.99614417 11.49695139 12.00234359 12.50029361 12.99676006 13.49959932
 13.99604537 14.49465356 15.00608307 15.50401621 15.99822728 16.50072041
 16.99606125 17.49724371 18.00352707 18.49730842 18.99317748 19.50823205]
Processed /remote/gpu01a/heneka/21cmlightcones/pure_simulations/run1663.npz with power spectra shape: (30, 10, 10)
Processed /remote/gpu01a/heneka/21cmlightcones/pure_simulations/run1663.npz with redshifts shape: [ 5.21227363  5.49872296  5.99829594  6.4994443   7.0014343   7.50046136
  7.99863389  8.50059359  9.00114883  9.5012245  10.00305259 10.50249933
 11.00330411 11.5020058  12.00418936 12.49739145 12.99817268 13.50517897
 14.00522031 14.49482514 14.99596772 15.49493478 16.00356589 16.50668993
 17.00182043 17.50230366 18.00734074 18.4987728  18.99159107 19.50335541]
Processed /remote/gpu01a/heneka/21cmlightcones/pure_simulations/run3262.npz with power spectra shape: (30, 10, 10)
Processed /remote/gpu01a/heneka/21cmlightcones/pure_simulations/run3262.npz with redshifts shape: [ 5.20174005  5.49841836  6.00061981  6.49988999  6.99787758  7.49950337
  7.99799537  8.50233146  9.00177255  9.50253824  9.99997045 10.49631161
 11.00317708 11.50204846 11.99685834 12.50269318 12.9986066  13.5012725
 13.99822809 14.49788814 14.99851577 15.49822112 15.99496696 16.50053651
 16.99985379 17.50567497 18.00149764 18.50109951 19.00360974 19.50808799]
Processed /remote/gpu01a/heneka/21cmlightcones/pure_simulations/run3079.npz with power spectra shape: (30, 10, 10)
Processed /remote/gpu01a/heneka/21cmlightcones/pure_simulations/run3079.npz with redshifts shape: [ 5.16430512  5.5005683   5.99870693  6.5010118   6.99867035  7.50069803
  8.00058785  8.49996201  9.0024251   9.49791079 10.00261528 10.50193645
 10.99709785 11.49736368 12.00034149 12.50335674 13.00346171 13.49745172
 13.99996198 14.50053876 14.99669691 15.49620781 15.99767064 16.49956246
 17.0002407  17.49794711 17.81164243 17.81164243 17.81164243 17.81164243]
Processed /remote/gpu01a/heneka/21cmlightcones/pure_simulations/run4344.npz with power spectra shape: (30, 10, 10)
Processed /remote/gpu01a/heneka/21cmlightcones/pure_simulations/run4344.npz with redshifts shape: [ 5.18392497  5.49900256  6.00053661  6.50074743  7.00073052  7.50014189
  8.00042716  8.50002719  8.99813097  9.50075565  9.99762482 10.503362
 11.00123582 11.50129729 12.00056928 12.49576972 13.00155957 13.49781739
 14.00069766 14.49830288 14.99879724 15.50058834 16.00194537 16.50100239
 16.99576708 17.4979769  18.00709502 18.4925073  18.99678382 19.50473286]
Processed /remote/gpu01a/heneka/21cmlightcones/pure_simulations/run2419.npz with power spectra shape: (30, 10, 10)
Processed /remote/gpu01a/heneka/21cmlightcones/pure_simulations/run2419.npz with redshifts shape: [ 5.16390724  5.49930614  5.99892733  6.49999164  6.99981571  7.50069187
  7.9993285   8.50189676  8.99834561  9.49757083 10.0009924  10.49895942
 10.99914871 11.49830143 12.00008831 12.50184216 13.00062456 13.50181449
 14.00331131 14.50282105 14.99786604 15.49620077 15.99642832 16.49702968
 16.99636705 17.50505019 17.7422933  17.7422933  17.7422933  17.7422933 ]
Processed /remote/gpu01a/heneka/21cmlightcones/pure_simulations/run1894.npz with power spectra shape: (30, 10, 10)
Processed /remote/gpu01a/heneka/21cmlightcones/pure_simulations/run1894.npz with redshifts shape: [ 5.21204446  5.50149159  6.00083109  6.50169787  6.99882298  7.50201625
  7.99977657  8.50127887  9.00133743  9.50087736 10.00212917 10.50096457
 11.00111961 11.49913841 12.00059877 12.50299077 13.00354023 13.49922145
 13.99840797 14.49936229 15.00018202 15.49880595 15.99302133 16.49512846
 17.00452716 17.50458219 17.9925686  18.50013841 18.99247614 19.50372177]
Processed /remote/gpu01a/heneka/21cmlightcones/pure_simulations/run803.npz with power spectra shape: (30, 10, 10)
Processed /remote/gpu01a/heneka/21cmlightcones/pure_simulations/run803.npz with redshifts shape: [ 5.18203878  5.49941474  5.99886002  6.50066794  6.99924673  7.50178063
  8.00158188  8.50105697  8.99944653  9.50274935 10.00083018 10.50148382
 11.00118412 11.50362756 11.99782273 12.49623936 12.99677994 13.49712338
 14.00474489 14.49737725 15.00365533 15.50046426 15.99661384 16.50287914
 17.00576274 17.5031902  17.99297487 18.50249682 19.00194797 19.50484548]
Processed /remote/gpu01a/heneka/21cmlightcones/pure_simulations/run3194.npz with power spectra shape: (30, 10, 10)
Processed /remote/gpu01a/heneka/21cmlightcones/pure_simulations/run3194.npz with redshifts shape: [ 5.15450133  5.5011279   6.00101614  6.49951046  6.99934207  7.49940273
  7.99991748  8.49842356  9.00220275  9.50203404  9.99736018 10.4999133
 11.00107301 11.49679912 12.00325583 12.49746753 12.99737462 13.50130396
 13.99888379 14.49571242 14.99890989 15.49757401 15.9994051  16.20657788
 16.20657788 16.20657788 16.20657788 16.20657788 16.20657788 16.20657788]
Processed /remote/gpu01a/heneka/21cmlightcones/pure_simulations/run2647.npz with power spectra shape: (30, 10, 10)
Processed /remote/gpu01a/heneka/21cmlightcones/pure_simulations/run2647.npz with redshifts shape: [ 5.18183832  5.49884351  6.00084664  6.49875622  7.00047359  7.4982833
  8.00185608  8.50078846  8.99859309  9.50126225  9.99867474 10.49861583
 10.9975655  11.49921495 12.00065728 12.49867961 12.9987965  13.49868906
 13.99582355 14.49796162 15.00370328 15.49996089 15.9955347  16.50118737
 17.00343787 17.50021523 18.00359609 18.49814533 18.99687399 19.49902095]
Processed /remote/gpu01a/heneka/21cmlightcones/pure_simulations/run4844.npz with power spectra shape: (30, 10, 10)
Processed /remote/gpu01a/heneka/21cmlightcones/pure_simulations/run4844.npz with redshifts shape: [ 5.1707167   5.4993753   5.99956887  6.49902746  6.99830371  7.5005263
  7.99872209  8.49910801  9.00125242  9.50004584 10.00155303 10.50188364
 10.99669419 11.50264699 12.00329514 12.50248008 12.99704591 13.50142566
 13.99595029 14.49647959 15.00179161 15.49968773 15.99852222 16.49665454
 17.00467444 17.49651241 17.99541405 18.50087081 18.98337735 18.98337735]
Processed /remote/gpu01a/heneka/21cmlightcones/pure_simulations/run4042.npz with power spectra shape: (30, 10, 10)
Processed /remote/gpu01a/heneka/21cmlightcones/pure_simulations/run4042.npz with redshifts shape: [ 5.16673343  5.50038552  6.00029378  6.50073052  6.99883329  7.500727
  7.99972592  8.50202434  9.00231747  9.49996297 10.00096282 10.50159048
 10.99767375 11.49857688 12.00183792 12.4968733  12.99589086 13.49692431
 13.9978062  14.49617365 14.99958497 15.49615734 16.00515516 16.50334865
 16.99963456 17.50477887 18.00531137 18.2432138  18.2432138  18.2432138 ]
Processed /remote/gpu01a/heneka/21cmlightcones/pure_simulations/run1413.npz with power spectra shape: (30, 10, 10)
Processed /remote/gpu01a/heneka/21cmlightcones/pure_simulations/run1413.npz with redshifts shape: [ 5.21078697  5.4984137   6.00172249  6.49962525  6.99801869  7.49807302
  7.99783694  8.50196735  8.99905411  9.50217872 10.00049948 10.49621799
 11.00132771 11.49636641 12.00398232 12.50355759 13.00113954 13.50472229
 14.00120871 14.49931005 14.99713698 15.50599322 15.99758663 16.49690515
 17.00334782 17.50037837 18.00178982 18.506713   18.99637683 19.50473637]
Processed /remote/gpu01a/heneka/21cmlightcones/pure_simulations/run2582.npz with power spectra shape: (30, 10, 10)
Processed /remote/gpu01a/heneka/21cmlightcones/pure_simulations/run2582.npz with redshifts shape: [ 5.19227723  5.50136134  5.99976431  6.50093199  6.99964905  7.49977194
  7.99882602  8.50027935  8.9985877   9.49986089  9.99982833 10.50079083
 10.99886238 11.49778567 12.00285999 12.50300927 13.00394543 13.5031054
 13.99770281 14.49583787 14.99592428 15.49622974 15.99487865 16.50317611
 17.00680858 17.50351937 18.00600837 18.49789982 18.99288454 19.50698887]
Processed /remote/gpu01a/heneka/21cmlightcones/pure_simulations/run2215.npz with power spectra shape: (30, 10, 10)
Processed /remote/gpu01a/heneka/21cmlightcones/pure_simulations/run2215.npz with redshifts shape: [ 5.20440487  5.49882234  6.00076264  6.49890659  6.99919323  7.49817413
  7.99808402  8.49793131  8.99765248  9.49828048 10.00210181 10.49772882
 11.00346327 11.50050205 12.00184726 12.49557531 12.99771817 13.49638151
 13.99971265 14.49431989 15.00144243 15.49498753 15.99819262 16.49647978
 17.00225379 17.49950718 18.00165503 18.50788842 19.00002574 19.49310284]
Processed /remote/gpu01a/heneka/21cmlightcones/pure_simulations/run2394.npz with power spectra shape: (30, 10, 10)
Processed /remote/gpu01a/heneka/21cmlightcones/pure_simulations/run2394.npz with redshifts shape: [ 5.20534075  5.50118843  5.9985814   6.49884117  7.00147984  7.49821312
  8.00047432  8.49718301  8.99918291  9.50226725 10.00164553 10.49955009
 10.99968913 11.49879993 12.00236914 12.49841627 13.00304674 13.50430693
 13.99910289 14.49596454 15.00551082 15.50152283 15.993743   16.49412709
 17.00212651 17.50166179 18.00620726 18.49822268 18.99224894 19.50531684]
Processed /remote/gpu01a/heneka/21cmlightcones/pure_simulations/run139.npz with power spectra shape: (30, 10, 10)
Processed /remote/gpu01a/heneka/21cmlightcones/pure_simulations/run139.npz with redshifts shape: [ 5.15747082  5.50122914  6.00004644  6.49919353  6.99883774  7.50142955
  8.00000638  8.49970239  8.9994379   9.49882553  9.99829925 10.49923445
 10.9978582  11.50317895 11.99903736 12.50274946 12.99717088 13.50276901
 14.00153994 14.49915827 15.00285395 15.5014831  16.00286846 16.49467707
 16.67075997 16.67075997 16.67075997 16.67075997 16.67075997 16.67075997]
Processed /remote/gpu01a/heneka/21cmlightcones/pure_simulations/run1112.npz with power spectra shape: (30, 10, 10)
Processed /remote/gpu01a/heneka/21cmlightcones/pure_simulations/run1112.npz with redshifts shape: [ 5.17885099  5.49877132  5.99849385  6.50160899  6.99892441  7.50074129
  8.00057942  8.50089047  9.00101072  9.50115093 10.00253829 10.500942
 10.99870306 11.49949247 12.00048726 12.49856371 12.99918161 13.50009395
 13.99884058 14.50309148 15.0006572  15.4998633  15.99905879 16.4964631
 17.00310419 17.50510352 18.00033301 18.50114376 19.00688031 19.50108731]
Processed /remote/gpu01a/heneka/21cmlightcones/pure_simulations/run3690.npz with power spectra shape: (30, 10, 10)
Processed /remote/gpu01a/heneka/21cmlightcones/pure_simulations/run3690.npz with redshifts shape: [ 5.15877757  5.5005539   6.00080848  6.50125124  6.99859314  7.5017583
  8.00058717  8.50021692  8.99952154  9.49807465 10.00176887 10.50135717
 10.99812332 11.50111966 12.0010768  12.50173008 13.00029673 13.50205022
 13.9962739  14.49784395 14.99611067 15.49863934 16.0041335  16.50015295
 16.88088125 16.88088125 16.88088125 16.88088125 16.88088125 16.88088125]
Processed /remote/gpu01a/heneka/21cmlightcones/pure_simulations/run1773.npz with power spectra shape: (30, 10, 10)
Processed /remote/gpu01a/heneka/21cmlightcones/pure_simulations/run1773.npz with redshifts shape: [ 5.1758783   5.50122882  5.99879525  6.50012733  7.00005855  7.50162644
  8.00197337  8.49871605  9.00065125  9.49789632 10.00265771 10.49908218
 11.00210416 11.50196283 12.00241489 12.50042353 13.00139429 13.50315093
 14.00330556 14.49926809 14.99891675 15.50079121 16.00329831 16.5047146
 17.0031906  17.4967583  17.99713162 18.50375827 19.00111203 19.50228873]
Processed /remote/gpu01a/heneka/21cmlightcones/pure_simulations/run3045.npz with power spectra shape: (30, 10, 10)
Processed /remote/gpu01a/heneka/21cmlightcones/pure_simulations/run3045.npz with redshifts shape: [ 5.18498567  5.49908145  6.00037449  6.49995194  6.99886771  7.50107342
  7.9996829   8.50218288  8.99786969  9.49748841  9.997055   10.49890516
 10.99941663 11.50230422 11.99636377 12.50290951 13.00289437 13.5021308
 13.99800674 14.49838549 15.00180826 15.49493449 15.99895492 16.50078746
 16.99842438 17.50367094 18.00147314 18.5045686  18.99657582 19.50746751]
Processed /remote/gpu01a/heneka/21cmlightcones/pure_simulations/run3408.npz with power spectra shape: (30, 10, 10)
Processed /remote/gpu01a/heneka/21cmlightcones/pure_simulations/run3408.npz with redshifts shape: [ 5.18069843  5.50128166  6.00030364  6.49844064  7.0007488   7.49960531
  8.00004246  8.5006158   9.00061136  9.50020066 10.0005836  10.49744944
 11.00023591 11.49884389 11.99705923 12.50017727 12.99718815 13.50325429
 13.99746029 14.49648689 14.99894157 15.5032922  15.99587274 16.49833376
 16.99727867 17.5042711  18.00463218 18.49609509 19.00690256 19.50625597]
Processed /remote/gpu01a/heneka/21cmlightcones/pure_simulations/run1999.npz with power spectra shape: (30, 10, 10)
Processed /remote/gpu01a/heneka/21cmlightcones/pure_simulations/run1999.npz with redshifts shape: [ 5.17611093  5.49914476  6.00024767  6.4989933   6.99949407  7.50169398
  7.99822358  8.50021238  8.99767517  9.50104468 10.00063304 10.49759121
 11.00119515 11.50167206 12.00278207 12.50148361 13.00318919 13.49650912
 13.99698912 14.50347795 15.00400308 15.49561173 15.99855355 16.50042962
 16.99938784 17.49345786 17.99436465 18.50155677 18.99948949 19.50127346]
Processed /remote/gpu01a/heneka/21cmlightcones/pure_simulations/run1319.npz with power spectra shape: (30, 10, 10)
Processed /remote/gpu01a/heneka/21cmlightcones/pure_simulations/run1319.npz with redshifts shape: [ 5.17597278  5.49873782  5.99938512  6.50106058  7.00136415  7.4992004
  7.99960794  8.50130813  8.99845656  9.50148013 10.00069788 10.49726135
 11.00043917 11.50046718 12.00110294 12.49930815 13.00049042 13.5024722
 14.0028646  14.49907564 14.99898736 15.50113855 16.00393548 16.50565287
 17.0044403  17.49832793 17.99903719 18.5060158  19.00372647 19.50527383]
Processed /remote/gpu01a/heneka/21cmlightcones/pure_simulations/run3294.npz with power spectra shape: (30, 10, 10)
Processed /remote/gpu01a/heneka/21cmlightcones/pure_simulations/run3294.npz with redshifts shape: [ 5.20452863  5.4991353   6.00142669  6.49995357  7.00065845  7.50008867
  8.00048029  8.50083967  9.00110257  9.50230229  9.99967096 10.50297618
 11.00133009 11.49854052 12.00007437 12.50359165 12.9963652  13.49526076
 13.99884089 14.50550556 15.0011087  15.4949393  15.998449   16.49705105
 17.00315827 17.50075199 18.00325613 18.49320477 19.00237336 19.49583717]
Processed /remote/gpu01a/heneka/21cmlightcones/pure_simulations/run3131.npz with power spectra shape: (30, 10, 10)
Processed /remote/gpu01a/heneka/21cmlightcones/pure_simulations/run3131.npz with redshifts shape: [ 5.19359449  5.49883863  6.00048256  6.50151042  6.99966269  7.49877407
  8.00125395  8.50107374  8.99715151  9.50182929  9.99875632 10.50314685
 10.99723748 11.49953682 11.99965059 12.50309197 12.9979187  13.50021756
 13.99809578 14.49970361 15.00344416 15.49529228 15.99734662 16.49585668
 17.00264729 17.50261087 17.99335341 18.50390861 19.00253479 19.50353514]
Processed /remote/gpu01a/heneka/21cmlightcones/pure_simulations/run4188.npz with power spectra shape: (30, 10, 10)
Processed /remote/gpu01a/heneka/21cmlightcones/pure_simulations/run4188.npz with redshifts shape: [ 5.17511629  5.49897096  6.00019322  6.49942409  7.00079889  7.5001907
  7.9981729   8.50209414  9.00206128  9.49719944  9.99966583 10.50014855
 11.0010103  11.49858663 11.99662108 12.50031707 12.99907016 13.49848808
 13.99619633 14.49973779 14.99721124 15.49679903 15.99691587 16.49584771
 17.00442447 17.49588057 17.9940264  18.49831013 18.9932794  19.50737198]
Processed /remote/gpu01a/heneka/21cmlightcones/pure_simulations/run2708.npz with power spectra shape: (30, 10, 10)
Processed /remote/gpu01a/heneka/21cmlightcones/pure_simulations/run2708.npz with redshifts shape: [ 5.18085596  5.49888925  6.001262    6.49995238  6.9989877   7.49812645
  7.99888111  8.49980539  9.00018403  9.50018781 10.00101689 10.49835554
 11.00165001 11.50079086 11.99956667 12.50327864 13.00090357 13.49816469
 14.00249065 14.5022124  15.00539239 15.49901347 16.00383726 16.49455891
 16.99378034 17.50107037 18.0017407  18.49352267 19.00467712 19.50438534]
Processed /remote/gpu01a/heneka/21cmlightcones/pure_simulations/run475.npz with power spectra shape: (30, 10, 10)
Processed /remote/gpu01a/heneka/21cmlightcones/pure_simulations/run475.npz with redshifts shape: [ 5.20858844  5.49957597  6.00125309  6.50185787  6.9995915   7.4993261
  7.99918259  8.49804847  9.0019965   9.49999406 10.00005831 10.49817504
 10.99806469 11.49637122 11.99862349 12.50239404 13.00499304 13.50347944
 13.99467956 14.4992426  15.00445255 15.49509884 15.99485731 16.50325157
 17.00466363 17.49654699 17.99255788 18.49183453 18.99344402 19.4963818 ]
Processed /remote/gpu01a/heneka/21cmlightcones/pure_simulations/run2514.npz with power spectra shape: (30, 10, 10)
Processed /remote/gpu01a/heneka/21cmlightcones/pure_simulations/run2514.npz with redshifts shape: [ 5.1878687   5.50124817  6.00099472  6.50138148  7.00041983  7.50202506
  7.99911204  8.49919518  9.00257031  9.49842574  9.99954166 10.50262401
 10.99656078 11.49939744 12.00112052 12.49833576 12.99666579 13.50346114
 13.99691431 14.50514196 15.00545752 15.49461265 15.9940974  16.50361334
 16.9956196  17.49453826 17.99978602 18.49539513 18.99476762 19.49708786]
Processed /remote/gpu01a/heneka/21cmlightcones/pure_simulations/run3681.npz with power spectra shape: (30, 10, 10)
Processed /remote/gpu01a/heneka/21cmlightcones/pure_simulations/run3681.npz with redshifts shape: [ 5.21114454  5.49928884  5.99988219  6.49845597  7.00211725  7.49848571
  7.99915505  8.49842905  9.00240337  9.49986349  9.99887756 10.50311829
 11.00126071 11.49714631 11.99633129 12.49631811 13.00479769 13.49842308
 13.99543203 14.49409423 15.00528514 15.50201991 15.99427221 16.49429428
 17.00148547 17.4992841  18.00150339 18.50727372 18.9977907  19.50706822]
Processed /remote/gpu01a/heneka/21cmlightcones/pure_simulations/run2915.npz with power spectra shape: (30, 10, 10)
Processed /remote/gpu01a/heneka/21cmlightcones/pure_simulations/run2915.npz with redshifts shape: [ 5.16293748  5.49879839  6.00101903  6.49922739  6.99940287  7.50099787
  8.00077916  8.50039582  8.99857682  9.50002718 10.00055977 10.50148855
 10.99880476 11.5017283  12.00068045 12.49943022 13.00314732 13.50144416
 13.99989349 14.4962188  14.9978385  15.50351837 16.00106914 16.49886539
 16.99528091 17.50086211 17.57482678 17.57482678 17.57482678 17.57482678]
Processed /remote/gpu01a/heneka/21cmlightcones/pure_simulations/run2499.npz with power spectra shape: (30, 10, 10)
Processed /remote/gpu01a/heneka/21cmlightcones/pure_simulations/run2499.npz with redshifts shape: [ 5.16271346  5.50064935  5.99950255  6.50000833  6.99954837  7.50044202
  7.99946234  8.49825811  9.00043792  9.50131849 10.00123544 10.50150231
 10.99811713 11.50028743 11.99844957 12.49636777 12.99920356 13.49658824
 14.00304114 14.49882786 14.99987218 15.50494096 16.00186048 16.49899583
 16.99472354 17.49957507 17.5364476  17.5364476  17.5364476  17.5364476 ]
Processed /remote/gpu01a/heneka/21cmlightcones/pure_simulations/run935.npz with power spectra shape: (30, 10, 10)
Processed /remote/gpu01a/heneka/21cmlightcones/pure_simulations/run935.npz with redshifts shape: [ 5.167117    5.49894999  5.99988704  6.50147575  7.00084225  7.50019479
  8.00033347  8.49923794  9.00049514  9.49918187 10.00131057 10.49697098
 11.00050113 11.50276442 12.00004333 12.49613914 12.99628825 13.49851961
 14.00066004 14.50033944 14.99500119 15.50313055 16.00253778 16.50177872
 16.99915549 17.50545822 17.99406649 18.31271662 18.31271662 18.31271662]
Processed /remote/gpu01a/heneka/21cmlightcones/pure_simulations/run2057.npz with power spectra shape: (30, 10, 10)
Processed /remote/gpu01a/heneka/21cmlightcones/pure_simulations/run2057.npz with redshifts shape: [ 5.18724657  5.49952516  6.0006445   6.49927926  7.00041262  7.50030477
  8.00033172  8.49881607  9.00045071  9.50049396 10.0000618  10.50147815
 11.00103661 11.50245975 12.00267713 12.49830852 13.00424347 13.49995971
 14.00186931 14.49782655 14.99610935 15.49506416 16.00532088 16.50065522
 17.00442725 17.50204799 18.00591846 18.50011593 18.99800603 19.49877537]
Processed /remote/gpu01a/heneka/21cmlightcones/pure_simulations/run66.npz with power spectra shape: (30, 10, 10)
Processed /remote/gpu01a/heneka/21cmlightcones/pure_simulations/run66.npz with redshifts shape: [ 5.17590685  5.50131342  5.99897342  6.50040924  7.00045288  7.49801046
  7.99811838  8.49949892  9.00158075  9.49897871  9.99782453 10.50049512
 10.99676955 11.49637448 11.99657064 12.50258391 13.00375884 13.4965276
 13.99641885 14.50228247 15.00216036 15.5042715  15.99534165 16.49648512
 16.99468839 17.50123938 18.0018781  18.4944257  19.00640826 19.49239578]
Processed /remote/gpu01a/heneka/21cmlightcones/pure_simulations/run946.npz with power spectra shape: (30, 10, 10)
Processed /remote/gpu01a/heneka/21cmlightcones/pure_simulations/run946.npz with redshifts shape: [ 5.18864195  5.50042291  5.99889175  6.50118062  6.99827615  7.50180548
  8.00097803  8.49810472  8.99787109  9.50153468  9.99847196 10.49663363
 10.99966912 11.4969236  12.00059765 12.49986305 13.00036198 13.49961693
 13.9949298  14.50517511 14.99614812 15.49886516 16.00062321 16.49947607
 16.99334865 17.49424277 18.0015744  18.49930855 19.00090211 19.50553652]
Processed /remote/gpu01a/heneka/21cmlightcones/pure_simulations/run741.npz with power spectra shape: (30, 10, 10)
Processed /remote/gpu01a/heneka/21cmlightcones/pure_simulations/run741.npz with redshifts shape: [ 5.18775664  5.50093799  6.00033966  6.50034686  6.9989736   7.50013311
  8.00154668  8.5015288   8.99916178  9.50050254 10.00146323 10.49744204
 10.99812259 11.50075301 12.00225398 12.49923348 12.99731205 13.50383622
 13.99701055 14.5049361  15.00493984 15.50568727 16.0053783  16.50207771
 16.99372287 17.50640566 17.99711255 18.50762649 19.00717292 19.49315889]
Processed /remote/gpu01a/heneka/21cmlightcones/pure_simulations/run4978.npz with power spectra shape: (30, 10, 10)
Processed /remote/gpu01a/heneka/21cmlightcones/pure_simulations/run4978.npz with redshifts shape: [ 5.15899469  5.49875933  5.99951747  6.50053246  6.99850874  7.49864158
  8.00197127  8.49801056  8.99784482  9.50210168 10.00129904 10.50155835
 10.99903615 11.50279725 11.99649604 12.49758346 12.99661613 13.49887142
 14.00237279 14.49575764 15.00426079 15.49777596 16.00393446 16.50063523
 16.91614573 16.91614573 16.91614573 16.91614573 16.91614573 16.91614573]
Processed /remote/gpu01a/heneka/21cmlightcones/pure_simulations/run1411.npz with power spectra shape: (30, 10, 10)
Processed /remote/gpu01a/heneka/21cmlightcones/pure_simulations/run1411.npz with redshifts shape: [ 5.18230059  5.50016094  6.00043845  6.4996147   6.99882843  7.5020687
  7.99797383  8.49788392  9.0022151   9.5005967   9.99925627 10.50053768
 11.00090992 11.49644638 11.99901946 12.49823566 12.99962086 13.50084974
 13.99937965 14.50299362 14.99923653 15.49656138 16.00535364 16.50010537
 17.00359922 17.50165868 18.00639064 18.50231806 19.00248618 19.50613316]
Processed /remote/gpu01a/heneka/21cmlightcones/pure_simulations/run2408.npz with power spectra shape: (30, 10, 10)
Processed /remote/gpu01a/heneka/21cmlightcones/pure_simulations/run2408.npz with redshifts shape: [ 5.15446456  5.50100351  6.00075318  6.49909568  6.99876161  7.49864363
  7.99896696  8.50155888  9.00083272  9.50043733 10.00086753 10.49783064
 10.99872994 11.50065497 12.00036074 12.50154373 13.00155742 13.49750813
 14.00327316 14.50020077 15.00349639 15.50225567 16.00418026 16.20094069
 16.20094069 16.20094069 16.20094069 16.20094069 16.20094069 16.20094069]
Processed /remote/gpu01a/heneka/21cmlightcones/pure_simulations/run934.npz with power spectra shape: (30, 10, 10)
Processed /remote/gpu01a/heneka/21cmlightcones/pure_simulations/run934.npz with redshifts shape: [ 5.21411277  5.49983661  6.00025927  6.50193747  6.99949137  7.49775474
  8.00010406  8.50070981  8.99930218  9.49676982 10.00269643 10.49862509
 11.00357496 11.49773246 12.00405869 12.50157253 12.99637782 13.49655006
 14.00050547 14.49414668 14.99962661 15.50311591 16.00237231 16.49500868
 16.99393996 17.49843836 18.00770151 18.50341168 19.00068255 19.49844859]
Processed /remote/gpu01a/heneka/21cmlightcones/pure_simulations/run2825.npz with power spectra shape: (30, 10, 10)
Processed /remote/gpu01a/heneka/21cmlightcones/pure_simulations/run2825.npz with redshifts shape: [ 5.18543705  5.50034615  5.99979788  6.50057462  7.00081137  7.50011255
  7.99988912  8.49852558  9.00071337  9.50179783 10.00292391 10.49958551
 11.00138889 11.49789542 12.00114165 12.50051786 13.00160843 13.50201231
 13.99910947 14.50078183 15.00556703 15.50008651 16.00558953 16.49610155
 16.99476261 17.50109764 18.00002011 18.50429459 18.99750034 19.49338062]
Processed /remote/gpu01a/heneka/21cmlightcones/pure_simulations/run1848.npz with power spectra shape: (30, 10, 10)
Processed /remote/gpu01a/heneka/21cmlightcones/pure_simulations/run1848.npz with redshifts shape: [ 5.16805496  5.49921661  6.00015218  6.50141653  7.00007564  7.49830861
  8.00118142  8.49838491  9.00247504  9.49877552  9.99796406 10.50245962
 11.00263318 11.50088231 12.00090336 12.49989552 13.0031238  13.49981164
 13.99564438 14.4979259  14.99529552 15.49566722 15.99757898 16.49944336
 16.99955135 17.49607742 18.00027152 18.48423803 18.48423803 18.48423803]
Processed /remote/gpu01a/heneka/21cmlightcones/pure_simulations/run2975.npz with power spectra shape: (30, 10, 10)
Processed /remote/gpu01a/heneka/21cmlightcones/pure_simulations/run2975.npz with redshifts shape: [ 5.18087267  5.49893715  6.00136369  6.50011278  6.99921192  7.49841949
  7.99924808  8.50025107  9.0007128   9.5008041  10.00172503 10.49915928
 11.00255466 11.5017996  12.00068327 12.49601431 13.00224853 13.49962867
 14.00407915 14.50392782 14.99627664 15.50099275 16.00595532 16.49681519
 16.99618089 17.50362028 18.00444206 18.49637545 18.99236587 19.5075593 ]
Processed /remote/gpu01a/heneka/21cmlightcones/pure_simulations/run4340.npz with power spectra shape: (30, 10, 10)
Processed /remote/gpu01a/heneka/21cmlightcones/pure_simulations/run4340.npz with redshifts shape: [ 5.17664203  5.50070981  6.00045906  6.50078705  6.99924231  7.49883415
  8.00117284  8.50007017  8.99906463  9.49840736  9.99935039 10.49775568
 11.00292497 11.49766067 12.00006947 12.50014666 13.00331829 13.49815885
 14.00026026 14.49825766 15.00005923 15.50419913 15.99734528 16.50070021
 17.00119311 17.4968452  17.99941809 18.49394782 18.99310197 19.49616976]
Processed /remote/gpu01a/heneka/21cmlightcones/pure_simulations/run3672.npz with power spectra shape: (30, 10, 10)
Processed /remote/gpu01a/heneka/21cmlightcones/pure_simulations/run3672.npz with redshifts shape: [ 5.19133556  5.49881389  6.00110979  6.49988562  7.0000767   7.50220678
  7.99896428  8.49790832  8.99925123  9.49806255 10.00200269 10.50061098
 11.00371045 11.50045057 12.00317145 12.50085093 12.99917697 13.49560289
 13.9978725  14.50459482 15.00263051 15.50077624 15.99716674 16.50305491
 17.00419525 17.49834712 17.99814673 18.502899   18.99563711 19.5073162 ]
Processed /remote/gpu01a/heneka/21cmlightcones/pure_simulations/run1385.npz with power spectra shape: (30, 10, 10)
Processed /remote/gpu01a/heneka/21cmlightcones/pure_simulations/run1385.npz with redshifts shape: [ 5.15674385  5.49881746  6.00047594  6.50032875  7.00105554  7.50144785
  8.00165386  8.49909923  9.00109947  9.49823146 10.00070271 10.49942046
 11.00186158 11.4984728  11.99865839 12.49996302 12.99966995 13.50301433
 13.99944334 14.50367402 14.9957085  15.50160862 16.00064031 16.50091351
 16.55543189 16.55543189 16.55543189 16.55543189 16.55543189 16.55543189]
Processed /remote/gpu01a/heneka/21cmlightcones/pure_simulations/run1952.npz with power spectra shape: (30, 10, 10)
Processed /remote/gpu01a/heneka/21cmlightcones/pure_simulations/run1952.npz with redshifts shape: [ 5.17257719  5.49959988  5.99941451  6.50114198  6.99886387  7.49869372
  7.99791849  8.49907356  9.00168058  9.50053384 10.00172502 10.50128434
 11.00157986 11.4990366  11.99737979 12.50177321 13.00179713 13.50301134
 14.00310583 14.49957133 15.00016999 15.50350036 15.99656713 16.50011764
 17.00140999 17.49853892 18.00302736 18.50027684 19.00269687 19.34352456]
Processed /remote/gpu01a/heneka/21cmlightcones/pure_simulations/run4806.npz with power spectra shape: (30, 10, 10)
Processed /remote/gpu01a/heneka/21cmlightcones/pure_simulations/run4806.npz with redshifts shape: [ 5.21489271  5.49835126  6.00048145  6.49989253  6.99910203  7.49918993
  7.99806015  8.50035632  9.00077307  9.50019759 10.00084166 10.49847742
 10.99684578 11.50137131 12.0002701  12.4993953  12.99589906 13.49788335
 14.00376005 14.49937438 14.99397455 15.4990382  15.99993448 16.49426494
 16.99498762 17.50137372 17.99579796 18.4928454  18.99152046 19.4907546 ]
Processed /remote/gpu01a/heneka/21cmlightcones/pure_simulations/run256.npz with power spectra shape: (30, 10, 10)
Processed /remote/gpu01a/heneka/21cmlightcones/pure_simulations/run256.npz with redshifts shape: [ 5.15495793  5.50022648  5.99882051  6.49861209  6.99988973  7.50153822
  7.99980948  8.49983316  9.00061984  9.50185774  9.99868211 10.5028587
 10.99963259 11.49677496 11.99788513 12.50056663 13.00216323 13.4997692
 13.99877405 14.49709849 15.00188414 15.50219352 15.99545489 16.27677361
 16.27677361 16.27677361 16.27677361 16.27677361 16.27677361 16.27677361]
Processed /remote/gpu01a/heneka/21cmlightcones/pure_simulations/run1816.npz with power spectra shape: (30, 10, 10)
Processed /remote/gpu01a/heneka/21cmlightcones/pure_simulations/run1816.npz with redshifts shape: [ 5.20718225  5.4993396   6.0011261   6.49823842  7.00102076  7.50228619
  7.99895246  8.50009137  9.00073235  9.50187358  9.9986403  10.50087957
 10.99752409 11.50103983 12.00014371 12.50056518 12.99963585 13.50525301
 14.00457783 14.49426103 14.99579491 15.49582702 16.00595562 16.49705918
 16.99480876 17.49853398 18.00749227 18.50398361 19.0026736  19.50256355]
Processed /remote/gpu01a/heneka/21cmlightcones/pure_simulations/run1443.npz with power spectra shape: (30, 10, 10)
Processed /remote/gpu01a/heneka/21cmlightcones/pure_simulations/run1443.npz with redshifts shape: [ 5.16181984  5.50033721  5.99915083  6.49991646  7.00007315  7.49816395
  7.99828629  8.49864151  8.99800408  9.50108144  9.99815441 10.50136324
 11.00154034 11.50109646 11.99650346 12.49911122 12.99927591 13.50233776
 13.99734328 14.49942245 14.99769114 15.49983096 16.00449116 16.4989666
 17.0036387  17.38453517 17.38453517 17.38453517 17.38453517 17.38453517]
Processed /remote/gpu01a/heneka/21cmlightcones/pure_simulations/run1913.npz with power spectra shape: (30, 10, 10)
Processed /remote/gpu01a/heneka/21cmlightcones/pure_simulations/run1913.npz with redshifts shape: [ 5.21287227  5.50017838  6.00137679  6.50018213  6.99914885  7.49940256
  7.99891911  8.50235034  8.99812617  9.49940875 10.00254495 10.50338748
 10.9973237  11.49707306 12.00038935 12.50475268 12.99683923 13.50521562
 13.99499673 14.49774815 15.00045696 15.50105182 15.99730797 16.50157649
 16.99788885 17.4996221  18.00597621 18.49874267 18.99295097 19.50621292]
Processed /remote/gpu01a/heneka/21cmlightcones/pure_simulations/run1060.npz with power spectra shape: (30, 10, 10)
Processed /remote/gpu01a/heneka/21cmlightcones/pure_simulations/run1060.npz with redshifts shape: [ 5.17572588  5.50077702  6.00093247  6.4986215   7.00172211  7.49887036
  7.99852387  8.49940711  9.00095003  9.49777484 10.00207827 10.49802236
 11.00052798 11.49984438 11.99972511 12.49713769 12.99748149 13.49858322
 13.9980586  14.50347656 15.00289066 15.50451222 15.99508114 16.49569086
 17.00605362 17.49930737 17.99934655 18.50561861 19.00260896 19.50340386]
Processed /remote/gpu01a/heneka/21cmlightcones/pure_simulations/run720.npz with power spectra shape: (30, 10, 10)
Processed /remote/gpu01a/heneka/21cmlightcones/pure_simulations/run720.npz with redshifts shape: [ 5.19437546  5.50092609  6.00149813  6.5009426   7.00111018  7.49787282
  8.00235552  8.49895065  9.00272453  9.49739459 10.00275724 10.50232707
 10.99839414 11.50282951 11.99657528 12.50189793 12.99868228 13.50307639
 14.00313711 14.49582518 15.00142848 15.49518551 15.99927889 16.49990312
 16.99488421 17.49655152 18.00427214 18.50149369 19.00204805 19.50506028]
Processed /remote/gpu01a/heneka/21cmlightcones/pure_simulations/run3258.npz with power spectra shape: (30, 10, 10)
Processed /remote/gpu01a/heneka/21cmlightcones/pure_simulations/run3258.npz with redshifts shape: [ 5.20551535  5.49840411  5.99951124  6.50031089  6.99913961  7.50090086
  7.99859384  8.50126473  8.9978841   9.50130579 10.00104729 10.49934144
 10.99989873 11.49945344 12.0034967  12.50003608 12.99501678 13.49627207
 14.00235977 14.49981085 14.99754748 15.49361055 15.99950451 16.50057334
 16.99444913 17.49408875 17.99875237 18.50762869 19.00243662 19.49828835]
Processed /remote/gpu01a/heneka/21cmlightcones/pure_simulations/run3379.npz with power spectra shape: (30, 10, 10)
Processed /remote/gpu01a/heneka/21cmlightcones/pure_simulations/run3379.npz with redshifts shape: [ 5.15406216  5.49964262  6.00059109  6.50057029  6.99903025  7.5012071
  8.00040574  8.50176189  8.99970567  9.49787983 10.00210692 10.49782004
 10.99737463 11.49786874 12.002911   12.5029023  13.00165613 13.49628853
 14.00064037 14.49611255 14.99786772 15.50482295 15.9952948  16.13945397
 16.13945397 16.13945397 16.13945397 16.13945397 16.13945397 16.13945397]
Processed /remote/gpu01a/heneka/21cmlightcones/pure_simulations/run3703.npz with power spectra shape: (30, 10, 10)
Processed /remote/gpu01a/heneka/21cmlightcones/pure_simulations/run3703.npz with redshifts shape: [ 5.21321044  5.50100079  5.99938239  6.49878773  6.99842814  7.49942866
  7.99976021  8.49818143  9.00079744  9.5030952   9.99996173 10.50143414
 10.99603891 11.49651166 12.00060325 12.49579874 12.99872293 13.49689485
 13.99872724 14.50247317 15.00621844 15.49438393 16.00524613 16.49592425
 16.99278522 17.49510254 18.00207586 18.4954736  19.00836374 19.50431928]
Processed /remote/gpu01a/heneka/21cmlightcones/pure_simulations/run2277.npz with power spectra shape: (30, 10, 10)
Processed /remote/gpu01a/heneka/21cmlightcones/pure_simulations/run2277.npz with redshifts shape: [ 5.17319825  5.49874224  6.00032576  6.50064953  7.00017732  7.5019929
  7.99893535  8.50203682  9.00155343  9.50224288  9.9994235  10.50066746
 11.00276629 11.50212914 12.00249256 12.50090026 13.00271008 13.49675332
 13.99835199 14.49639517 14.99866897 15.50376709 15.99864579 16.50412732
 16.9948893  17.49355579 17.99967547 18.49860087 19.00278268 19.46588493]
Processed /remote/gpu01a/heneka/21cmlightcones/pure_simulations/run4744.npz with power spectra shape: (30, 10, 10)
Processed /remote/gpu01a/heneka/21cmlightcones/pure_simulations/run4744.npz with redshifts shape: [ 5.21241981  5.49907839  5.99904821  6.50063423  6.9985566   7.49766341
  8.00135647  8.4980226   8.99872386  9.49896634 10.0009824  10.50063599
 11.0016677  11.50061443 12.00306332 12.49654404 12.99762617 13.50495486
 14.00533186 14.49528174 14.99679417 15.49614592 16.00518567 16.49403438
 17.00429044 17.5052234  17.994101   18.50263334 18.99593874 19.50822425]
Processed /remote/gpu01a/heneka/21cmlightcones/pure_simulations/run179.npz with power spectra shape: (30, 10, 10)
Processed /remote/gpu01a/heneka/21cmlightcones/pure_simulations/run179.npz with redshifts shape: [ 5.15373024  5.50094622  6.00092072  6.49981338  7.0003821   7.50156251
  7.99967647  8.4998514   9.00114171  9.4983145  10.00145106 10.50169931
 11.00040008 11.49997546 11.99719904 12.50297782 13.00063376 13.50216232
 13.99724484 14.5003435  15.00120069 15.49743139 15.99670042 16.08897589
 16.08897589 16.08897589 16.08897589 16.08897589 16.08897589 16.08897589]
Processed /remote/gpu01a/heneka/21cmlightcones/pure_simulations/run2126.npz with power spectra shape: (30, 10, 10)
Processed /remote/gpu01a/heneka/21cmlightcones/pure_simulations/run2126.npz with redshifts shape: [ 5.18385846  5.49881514  6.00013909  6.50011952  6.99985221  7.49899403
  7.99899052  8.49828373  9.00156782  9.49834478 10.00120525 10.50021447
 10.99769795 11.49735165 11.99620112 12.49959542 12.99629871 13.50169867
 14.00459808 14.50221659 15.00271889 15.50451244 16.00586607 16.50491483
 16.99966598 17.5018569  17.99652666 18.4963348  19.00057722 19.49232275]
Processed /remote/gpu01a/heneka/21cmlightcones/pure_simulations/run722.npz with power spectra shape: (30, 10, 10)
Processed /remote/gpu01a/heneka/21cmlightcones/pure_simulations/run722.npz with redshifts shape: [ 5.20132947  5.50052831  5.99838879  6.50028224  7.00157595  7.49778384
  8.00022176  8.4981193   9.0022055   9.50196347  9.99832257 10.50094394
 10.99915305 11.49674046 11.99912815 12.50405302 12.99902021 13.50067387
 13.99657665 14.4951268  14.99459183 15.50584682 16.00192122 16.50676695
 17.00533059 17.49519333 18.00534699 18.50408062 19.00568043 19.49152948]
Processed /remote/gpu01a/heneka/21cmlightcones/pure_simulations/run1923.npz with power spectra shape: (30, 10, 10)
Processed /remote/gpu01a/heneka/21cmlightcones/pure_simulations/run1923.npz with redshifts shape: [ 5.19626064  5.49979633  5.99837289  6.49866407  6.999398    7.50095714
  8.00071387  8.5021107   8.9993967   9.49871996 10.00241029 10.49965544
 11.00044589 11.50178279 12.00033031 12.50163918 13.00329459 13.50264244
 13.99680227 14.50533207 15.00447256 15.50320728 15.99958795 16.50512149
 17.00516373 17.49738644 17.99471553 18.49640435 19.00163855 19.49229549]
Processed /remote/gpu01a/heneka/21cmlightcones/pure_simulations/run4507.npz with power spectra shape: (30, 10, 10)
Processed /remote/gpu01a/heneka/21cmlightcones/pure_simulations/run4507.npz with redshifts shape: [ 5.15681924  5.4990675   6.00100669  6.5011671   6.99886022  7.49929451
  7.99955802  8.50142916  8.99916352  9.50145324  9.99898407 10.49783101
 11.00041552 11.49718157 11.99753602 12.49902227 12.99892281 13.50247448
 13.9991197  14.50358179 14.99585347 15.5020088  16.00130349 16.50185134
 16.56734078 16.56734078 16.56734078 16.56734078 16.56734078 16.56734078]
Processed /remote/gpu01a/heneka/21cmlightcones/pure_simulations/run3124.npz with power spectra shape: (30, 10, 10)
Processed /remote/gpu01a/heneka/21cmlightcones/pure_simulations/run3124.npz with redshifts shape: [ 5.16330536  5.49997127  6.00063437  6.49997045  7.00139379  7.50051254
  8.0014188   8.50225567  9.00174594  9.49933824 10.00098446 10.49707145
 11.00168139 11.49911335 11.99906144 12.49886967 13.00371846 13.50319559
 14.00288494 14.50050316 15.00348745 15.50022381 15.99876666 16.49760313
 16.99510312 17.50183585 17.63809533 17.63809533 17.63809533 17.63809533]
Processed /remote/gpu01a/heneka/21cmlightcones/pure_simulations/run2374.npz with power spectra shape: (30, 10, 10)
Processed /remote/gpu01a/heneka/21cmlightcones/pure_simulations/run2374.npz with redshifts shape: [ 5.18319632  5.49983107  5.99940086  6.5010044   6.99896622  7.50046963
  7.99874258  8.50124464  8.99741899  9.49794776  9.99892488 10.5027029
 10.99851952 11.49638958 12.00147638 12.50333349 12.99842572 13.50209223
 14.00317361 14.49890389 14.99741847 15.49713172 15.99632078 16.5058291
 16.99881966 17.49914902 18.00628025 18.50466017 19.0073967  19.49761174]
Processed /remote/gpu01a/heneka/21cmlightcones/pure_simulations/run3302.npz with power spectra shape: (30, 10, 10)
Processed /remote/gpu01a/heneka/21cmlightcones/pure_simulations/run3302.npz with redshifts shape: [ 5.16311135  5.49935266  5.99932478  6.50108399  6.99849867  7.50056285
  8.00085743  8.5010319   8.99981227  9.50190837  9.99748778 10.49875407
 11.00285998 11.49975967 11.99913826 12.49834312 13.00254859 13.50135634
 14.0003442  14.49723206 14.99944686 15.4953928  16.00394628 16.50241015
 16.99951619 17.50582544 17.60468873 17.60468873 17.60468873 17.60468873]
Processed /remote/gpu01a/heneka/21cmlightcones/pure_simulations/run1372.npz with power spectra shape: (30, 10, 10)
Processed /remote/gpu01a/heneka/21cmlightcones/pure_simulations/run1372.npz with redshifts shape: [ 5.19206559  5.50078877  5.99855727  6.49902358  7.00109688  7.5007901
  7.99937019  8.50030295  8.99805122  9.49871913  9.99804196 10.49831862
 11.00322265 11.50186141 11.99810028 12.49741343 12.99747627 13.49573066
 13.99994843 14.49764142 14.99725947 15.49707167 15.99520508 16.50295272
 17.00601659 17.50214371 18.00401936 18.49528863 19.00588421 19.50303446]
Processed /remote/gpu01a/heneka/21cmlightcones/pure_simulations/run2908.npz with power spectra shape: (30, 10, 10)
Processed /remote/gpu01a/heneka/21cmlightcones/pure_simulations/run2908.npz with redshifts shape: [ 5.17734491  5.49998875  5.99860101  6.50079131  7.00129995  7.49897613
  7.99885276  8.49959923  9.0005984   9.50209855  9.9992256  10.49965383
 11.00002368 11.49658863 12.00097292 12.50313221 12.99971225 13.49636265
 14.00040114 14.50041866 15.00435362 15.49947133 15.99439124 16.49964205
 17.00210462 17.49978879 18.00450479 18.50122273 19.00266457 19.49251992]
Processed /remote/gpu01a/heneka/21cmlightcones/pure_simulations/run4075.npz with power spectra shape: (30, 10, 10)
Processed /remote/gpu01a/heneka/21cmlightcones/pure_simulations/run4075.npz with redshifts shape: [ 5.154072    5.49967588  6.00066152  6.50068153  6.99918577  7.50141076
  8.00066063  8.50207133  9.00007261  9.49830735 10.00259872 10.49837809
 10.99800217 11.4985688  11.99684349 12.49651423 13.00259066 13.49730543
 14.00174353 14.49730344 14.99914965 15.49641027 15.996765   16.14095237
 16.14095237 16.14095237 16.14095237 16.14095237 16.14095237 16.14095237]
Processed /remote/gpu01a/heneka/21cmlightcones/pure_simulations/run1856.npz with power spectra shape: (30, 10, 10)
Processed /remote/gpu01a/heneka/21cmlightcones/pure_simulations/run1856.npz with redshifts shape: [ 5.16614638  5.50117039  5.99933916  6.50108208  7.00096773  7.50123299
  7.99845973  8.49882464  9.00202564  9.49784512 10.0026209  10.50155194
 11.00238343 11.50177593 12.00341729 12.49676165 13.0022217  13.50179649
 14.00113404 14.49788069 14.99957125 15.50491631 16.00145731 16.49770604
 17.00400067 17.49499395 18.00638386 18.13755095 18.13755095 18.13755095]
Processed /remote/gpu01a/heneka/21cmlightcones/pure_simulations/run1678.npz with power spectra shape: (30, 10, 10)
Processed /remote/gpu01a/heneka/21cmlightcones/pure_simulations/run1678.npz with redshifts shape: [ 5.19324337  5.50093702  5.99849199  6.49836448  6.99940668  7.50209499
  7.99899602  8.49769557  8.99836296  9.50219657  9.99822925 10.50164961
 11.0023281  11.50402262 12.00348571 12.49715456 13.00031423 13.5018195
 13.9988666  14.49959285 15.00240433 15.50555768 15.99434689 16.50519752
 16.99749946 17.49633372 18.00106835 18.49525162 18.99263462 19.49234753]
Processed /remote/gpu01a/heneka/21cmlightcones/pure_simulations/run835.npz with power spectra shape: (30, 10, 10)
Processed /remote/gpu01a/heneka/21cmlightcones/pure_simulations/run835.npz with redshifts shape: [ 5.16931408  5.50044114  5.99946458  6.50125255  7.00013398  7.49825891
  8.0006886   8.50169568  8.99979511  9.49971962 10.00282185 10.4990215
 11.0028101  11.49780477 12.00147113 12.49636209 13.00324014 13.50372961
 14.00355217 14.50027713 15.00155285 15.49528194 16.00099614 16.49508564
 16.99880464 17.49906942 17.99392507 18.49511965 18.7180272  18.7180272 ]
Processed /remote/gpu01a/heneka/21cmlightcones/pure_simulations/run4815.npz with power spectra shape: (30, 10, 10)
Processed /remote/gpu01a/heneka/21cmlightcones/pure_simulations/run4815.npz with redshifts shape: [ 5.21429778  5.50028354  6.00120502  6.49927056  7.00157963  7.5004823
  7.99805392  8.49892848  8.9978184   9.50249783 10.00189824 10.49820748
 11.00357225 11.49816199 11.99546989 12.50295802 12.99827192 13.49898278
 14.00350535 14.49772561 15.00382304 15.49437865 15.99366832 16.5011643
 17.00079383 17.5060205  17.99926061 18.49506667 18.99244577 19.50912865]
Processed /remote/gpu01a/heneka/21cmlightcones/pure_simulations/run571.npz with power spectra shape: (30, 10, 10)
Processed /remote/gpu01a/heneka/21cmlightcones/pure_simulations/run571.npz with redshifts shape: [ 5.17130641  5.50117003  6.00035528  6.49835085  6.99934597  7.49943783
  7.99931443  8.50153385  9.00052546  9.50103603  9.99847365 10.50036464
 10.99682678 11.49740592 11.99950313 12.50022805 12.99641091 13.50253236
 13.9988535  14.50128919 14.99822516 15.49769974 15.99819198 16.49805463
 16.9955182  17.5016082  18.00246304 18.49598794 18.99450319 19.09650274]
Processed /remote/gpu01a/heneka/21cmlightcones/pure_simulations/run4533.npz with power spectra shape: (30, 10, 10)
Processed /remote/gpu01a/heneka/21cmlightcones/pure_simulations/run4533.npz with redshifts shape: [ 5.18481836  5.49861269  5.99938073  6.49838286  7.00063582  7.49820234
  8.00081674  8.49782085  8.99823223  9.49741537 10.00289639 10.49786277
 10.99784338 11.50016717 12.00184122 12.49956279 12.99890049 13.49746299
 14.00280367 14.5029657  14.99495404 15.49902942 16.00277763 16.50432217
 17.00165644 17.50657887 18.00404513 18.50678479 18.99842835 19.49267784]
Processed /remote/gpu01a/heneka/21cmlightcones/pure_simulations/run3512.npz with power spectra shape: (30, 10, 10)
Processed /remote/gpu01a/heneka/21cmlightcones/pure_simulations/run3512.npz with redshifts shape: [ 5.20401538  5.50104035  5.9986741   6.49957728  6.99895051  7.50171289
  8.00096144  8.50007588  8.99899475  9.49875107 10.001628   10.49626201
 11.00091904 11.49683721 11.99699156 12.49904838 13.00041838 13.49826655
 14.00072786 14.49443495 15.00058837 15.50607414 15.99530132 16.50662703
 16.99713691 17.49322518 17.99415495 18.49911876 19.00723813 19.49964203]
Processed /remote/gpu01a/heneka/21cmlightcones/pure_simulations/run4077.npz with power spectra shape: (30, 10, 10)
Processed /remote/gpu01a/heneka/21cmlightcones/pure_simulations/run4077.npz with redshifts shape: [ 5.15901536  5.49882678  5.99966052  6.50075879  6.99882504  7.49905523
  7.99841763  8.498639    8.9985905   9.49784376 10.00229891 10.50269398
 11.00031269 11.49756253 11.99807198 12.49931822 12.99851432 13.50093961
 13.9958621  14.49817838 14.99722269 15.50057159 15.996361   16.50382561
 16.91950544 16.91950544 16.91950544 16.91950544 16.91950544 16.91950544]
Processed /remote/gpu01a/heneka/21cmlightcones/pure_simulations/run3784.npz with power spectra shape: (30, 10, 10)
Processed /remote/gpu01a/heneka/21cmlightcones/pure_simulations/run3784.npz with redshifts shape: [ 5.15749514  5.49882512  6.00021664  6.49946233  6.99921376  7.49821876
  8.00062236  8.50045     9.00032496  9.4998593   9.99948709 10.50058385
 10.99937539 11.49827646 12.00091206 12.49741038 12.9994279  13.49698806
 14.00420729 14.50203806 14.9964008  15.50480875 15.99596113 16.49846759
 16.67463526 16.67463526 16.67463526 16.67463526 16.67463526 16.67463526]
Processed /remote/gpu01a/heneka/21cmlightcones/pure_simulations/run1076.npz with power spectra shape: (30, 10, 10)
Processed /remote/gpu01a/heneka/21cmlightcones/pure_simulations/run1076.npz with redshifts shape: [ 5.21035927  5.50066652  5.99949788  6.50020456  7.00211697  7.5015186
  8.00055092  8.49804371  9.00007325  9.50223492  9.99953074 10.5019103
 10.99809358 11.50069243 11.9982113  12.49642635 13.00300035 13.49467751
 14.00117087 14.49825192 14.99501058 15.50272519 15.99316921 16.50582604
 16.99643861 17.49216958 17.99222499 18.49573788 19.00176778 19.49084334]
Processed /remote/gpu01a/heneka/21cmlightcones/pure_simulations/run4275.npz with power spectra shape: (30, 10, 10)
Processed /remote/gpu01a/heneka/21cmlightcones/pure_simulations/run4275.npz with redshifts shape: [ 5.21020253  5.50028035  5.99868292  6.49891656  7.0003133   7.49916224
  7.99760383  8.50028479  9.00211213  9.497289   10.00109644 10.50320393
 10.99909656 11.50137927 11.99856424 12.49642413 13.00261653 13.50486957
 13.99997517 14.49662317 15.00564223 15.50016431 16.00404651 16.50226026
 17.00752655 17.50334837 18.00348699 18.50707481 18.99539316 19.50230338]
Processed /remote/gpu01a/heneka/21cmlightcones/pure_simulations/run3936.npz with power spectra shape: (30, 10, 10)
Processed /remote/gpu01a/heneka/21cmlightcones/pure_simulations/run3936.npz with redshifts shape: [ 5.19265174  5.499346    5.99851931  6.50056065  7.00024237  7.50142507
  8.00162613  8.4989796   8.99817878  9.50041996 10.0014229  10.50349148
 11.00272932 11.50288581 12.00072592 12.50174001 13.00359476 13.50372133
 13.99932593 14.49852452 14.99972723 15.50119739 16.00105442 16.49728006
 17.00164446 17.49911396 18.00240712 18.495121   19.00727767 19.5060048 ]
Processed /remote/gpu01a/heneka/21cmlightcones/pure_simulations/run3415.npz with power spectra shape: (30, 10, 10)
Processed /remote/gpu01a/heneka/21cmlightcones/pure_simulations/run3415.npz with redshifts shape: [ 5.1575116   5.4988794   6.00033171  6.49964399  6.999468    7.49855098
  8.00103867  8.50095545  9.00092461  9.50055812 10.00029008 10.5014961
 11.00040113 11.49942028 12.00217946 12.49880413 13.0009539  13.49864928
 13.99733753 14.50398499 14.99849432 15.49704956 15.99836297 16.50103043
 16.67725549 16.67725549 16.67725549 16.67725549 16.67725549 16.67725549]
Processed /remote/gpu01a/heneka/21cmlightcones/pure_simulations/run4733.npz with power spectra shape: (30, 10, 10)
Processed /remote/gpu01a/heneka/21cmlightcones/pure_simulations/run4733.npz with redshifts shape: [ 5.17255284  5.49952658  5.99925954  6.5008968   6.99852146  7.49824601
  8.00177351  8.49839318  9.00087267  9.49959263 10.00064312 10.50005572
 11.00019808 11.4974964  12.00333461 12.4998956  12.99974218 13.50077314
 14.0006791  14.49695188 14.99735085 15.50047507 16.00479174 16.49666819
 16.99773964 17.49464429 17.99890031 18.49591561 18.99809409 19.33875533]
Processed /remote/gpu01a/heneka/21cmlightcones/pure_simulations/run2745.npz with power spectra shape: (30, 10, 10)
Processed /remote/gpu01a/heneka/21cmlightcones/pure_simulations/run2745.npz with redshifts shape: [ 5.17386456  5.50073771  6.00150151  6.50056037  6.99833866  7.50197564
  8.00089019  8.50132768  8.99755701  9.49992227  9.99889885 10.50208368
 10.99940762 11.50052283 12.00275499 12.50313486 12.99841143 13.50325017
 13.99758561 14.49753817 15.0018315  15.49801238 15.99455969 16.50182834
 16.99440403 17.4949918  18.00314098 18.50414508 18.99576412 19.50624149]
Processed /remote/gpu01a/heneka/21cmlightcones/pure_simulations/run1495.npz with power spectra shape: (30, 10, 10)
Processed /remote/gpu01a/heneka/21cmlightcones/pure_simulations/run1495.npz with redshifts shape: [ 5.16641403  5.49938765  6.00111203  6.50064117  7.00131778  7.49853967
  8.00061447  8.50199395  9.00129625  9.49788332  9.99774586 10.49716691
 10.9985366  11.49851074 12.00078068 12.5026045  13.00096576 13.501294
 14.00142547 14.49900217 15.00157045 15.49726847 16.00532662 16.50255842
 16.99784576 17.5019327  18.00137708 18.18561577 18.18561577 18.18561577]
Processed /remote/gpu01a/heneka/21cmlightcones/pure_simulations/run4551.npz with power spectra shape: (30, 10, 10)
Processed /remote/gpu01a/heneka/21cmlightcones/pure_simulations/run4551.npz with redshifts shape: [ 5.16826119  5.49985413  5.99854319  6.50027169  6.9994499   7.4982567
  8.00176305  8.49964501  8.99943097  9.50155254 10.00157114 10.50073421
 11.00142339 11.50022249 12.00083132 12.50044531 12.99598566 13.5017099
 13.99826102 14.50130316 14.99945789 15.50065115 16.00341843 16.49449657
 16.99501294 17.50465388 17.9966181  18.49476511 18.52224917 18.52224917]
Processed /remote/gpu01a/heneka/21cmlightcones/pure_simulations/run2679.npz with power spectra shape: (30, 10, 10)
Processed /remote/gpu01a/heneka/21cmlightcones/pure_simulations/run2679.npz with redshifts shape: [ 5.19200179  5.50061609  6.00156361  6.49844809  7.00029061  7.49973639
  7.99805243  8.49870293  9.00189921  9.50268901 10.00212867 10.50251734
 10.99997512 11.49824083 12.00260716 12.50201389 13.0021661  13.50050535
 14.00480478 14.50257429 15.00226488 15.50214586 16.00034384 16.49484966
 16.99739294 17.4929948  17.99432739 18.50069471 18.99507362 19.49165179]
Processed /remote/gpu01a/heneka/21cmlightcones/pure_simulations/run456.npz with power spectra shape: (30, 10, 10)
Processed /remote/gpu01a/heneka/21cmlightcones/pure_simulations/run456.npz with redshifts shape: [ 5.16565263  5.49961986  5.99898353  6.49913871  7.00084365  7.49955713
  7.99934636  8.49824988  8.99986206  9.49934065 10.00268158 10.50009355
 10.99930201 11.49697983 11.99680427 12.50383279 12.99993304 13.49786941
 13.99548949 14.50002379 15.00030102 15.50415289 15.99915947 16.50530175
 16.9984066  17.50017755 17.99723451 18.04934642 18.04934642 18.04934642]
Processed /remote/gpu01a/heneka/21cmlightcones/pure_simulations/run2404.npz with power spectra shape: (30, 10, 10)
Processed /remote/gpu01a/heneka/21cmlightcones/pure_simulations/run2404.npz with redshifts shape: [ 5.20609566  5.49986166  5.99898951  6.50119103  7.00155869  7.50017513
  7.99924417  8.49771815  9.00164743  9.50017699 10.0012744  10.50101558
 11.00311996 11.49570153 12.00095813 12.49876982 12.99509366 13.49778366
 14.00539485 14.50441574 15.00379333 15.5015609  15.99560368 16.4979214
 16.99308504 17.49408426 18.00017852 18.49377131 19.00687592 19.50429715]
Processed /remote/gpu01a/heneka/21cmlightcones/pure_simulations/run753.npz with power spectra shape: (30, 10, 10)
Processed /remote/gpu01a/heneka/21cmlightcones/pure_simulations/run753.npz with redshifts shape: [ 5.16896583  5.49937014  6.00017423  6.50096743  6.99875658  7.4996605
  8.00114726  8.50112951  8.99812846  9.5023153   9.99870087 10.49981172
 11.00259031 11.49652907 11.99905799 12.50070662 12.99838003 13.49755741
 13.99601131 14.50108414 15.00135044 15.50476761 15.99863847 16.50331198
 16.99410998 17.50587628 17.99997618 18.5003685  18.65295573 18.65295573]
Processed /remote/gpu01a/heneka/21cmlightcones/pure_simulations/run754.npz with power spectra shape: (30, 10, 10)
Processed /remote/gpu01a/heneka/21cmlightcones/pure_simulations/run754.npz with redshifts shape: [ 5.17595935  5.49869824  5.99930127  6.50092787  7.00117848  7.49895802
  7.99930451  8.50093953  8.99801982  9.50097052 10.00011249 10.50309546
 10.99969156 11.49963339 12.0001796  12.49829242 12.99937857 13.50126107
 14.00155127 14.49765821 14.99746202 15.499502   16.00218455 16.50378496
 17.00245332 17.49622053 17.99680489 18.50365417 19.00123531 19.50264982]
Processed /remote/gpu01a/heneka/21cmlightcones/pure_simulations/run818.npz with power spectra shape: (30, 10, 10)
Processed /remote/gpu01a/heneka/21cmlightcones/pure_simulations/run818.npz with redshifts shape: [ 5.17546883  5.50001533  5.99932236  6.49950107  6.99816407  7.49834516
  8.00168671  8.50208156  8.99782682  9.49932218 10.00298112 10.49824361
 11.00001136 11.49854881 11.99760462 12.50239296 13.00228569 13.50290115
 14.00185821 14.49657549 14.99491195 15.49541124 15.99648482 16.49641519
 17.00605369 17.49857784 17.99784751 18.50331099 18.99947848 19.49941599]
Processed /remote/gpu01a/heneka/21cmlightcones/pure_simulations/run3101.npz with power spectra shape: (30, 10, 10)
Processed /remote/gpu01a/heneka/21cmlightcones/pure_simulations/run3101.npz with redshifts shape: [ 5.2047783   5.49976646  5.99917515  6.49808598  6.99923047  7.49915165
  8.00008593  8.50103742  9.00194039  9.49724153 10.0019254  10.49846172
 10.99713712 11.50325337 11.99662114 12.5005583  13.00391111 13.50383012
 13.99723334 14.5044402  15.00060159 15.49501578 15.99914795 16.49839348
 17.00518065 17.50346924 18.00670132 18.49738425 19.0073417  19.50159458]
Processed /remote/gpu01a/heneka/21cmlightcones/pure_simulations/run2596.npz with power spectra shape: (30, 10, 10)
Processed /remote/gpu01a/heneka/21cmlightcones/pure_simulations/run2596.npz with redshifts shape: [ 5.20717491  5.49932127  6.00108726  6.4981773   7.00093507  7.50217416
  7.99881235  8.49992133  9.00053065  9.50163838  9.99837038 10.50057285
 10.99717948 11.50065521 11.99971793 12.50009659 12.99912311 13.50469426
 14.00397205 14.50555675 14.99509183 15.49507298 16.00514807 16.49619873
 16.99389379 17.49756251 18.006462   18.50289506 19.00152533 19.50135438]
Processed /remote/gpu01a/heneka/21cmlightcones/pure_simulations/run4022.npz with power spectra shape: (30, 10, 10)
Processed /remote/gpu01a/heneka/21cmlightcones/pure_simulations/run4022.npz with redshifts shape: [ 5.16679893  5.50059017  6.00072652  6.50141436  6.99978897  7.49805769
  8.00129082  8.49929508  8.99957299  9.50259028  9.99821612 10.49885639
 11.00152801 11.50287676 11.99919372 12.50211166 13.0016229  13.50316815
 14.00457741 14.50348508 14.99734047 15.5045983  16.00310661 16.50140795
 16.99780835 17.50307636 18.00373842 18.25505635 18.25505635 18.25505635]
Processed /remote/gpu01a/heneka/21cmlightcones/pure_simulations/run3589.npz with power spectra shape: (30, 10, 10)
Processed /remote/gpu01a/heneka/21cmlightcones/pure_simulations/run3589.npz with redshifts shape: [ 5.19969109  5.49944294  5.9999903   6.50172391  6.99896067  7.50013154
  7.99858205  8.49771947  8.99757706  9.49925592  9.99818898 10.49663532
 10.99828477 11.50004607 11.99848446 12.49920551 12.99971447 13.49727518
 13.9998899  14.49450866 15.00192449 15.49667261 16.00149906 16.50218886
 16.99647506 17.49698796 18.00304241 18.49760985 18.99486301 19.49387125]
Processed /remote/gpu01a/heneka/21cmlightcones/pure_simulations/run1250.npz with power spectra shape: (30, 10, 10)
Processed /remote/gpu01a/heneka/21cmlightcones/pure_simulations/run1250.npz with redshifts shape: [ 5.20937343  5.50152265  6.00170852  6.5002362   6.99973238  7.50141141
  7.99803883  8.49872853  8.99841057  9.49804701  9.9998863  10.49989701
 11.00181089 11.50225611 11.99750795 12.50313177 12.99731865 13.49728462
 14.00151991 14.49627086 15.0032495  15.49569764 15.99737543 16.4933202
 16.99619593 17.50533032 18.00357099 18.50517089 18.99148882 19.49624785]
Processed /remote/gpu01a/heneka/21cmlightcones/pure_simulations/run182.npz with power spectra shape: (30, 10, 10)
Processed /remote/gpu01a/heneka/21cmlightcones/pure_simulations/run182.npz with redshifts shape: [ 5.19020223  5.49873774  6.00128193  6.50072333  7.00201776  7.50126754
  7.99977703  8.50102563  8.99957269  9.50150738 10.00264549 10.4982837
 10.9981916  11.49954216 11.99917931 12.5025594  12.99798504 13.50130017
 14.00085256 14.50468753 14.99974457 15.49477376 16.0005355  16.50355017
 17.00171838 17.50714518 18.00432095 18.50630998 18.99624282 19.50489698]
Processed /remote/gpu01a/heneka/21cmlightcones/pure_simulations/run4513.npz with power spectra shape: (30, 10, 10)
Processed /remote/gpu01a/heneka/21cmlightcones/pure_simulations/run4513.npz with redshifts shape: [ 5.17376179  5.50042993  6.00085038  6.49953307  7.00063129  7.50009562
  7.99853862  8.49847292  8.99937763  9.50157632 10.00036943 10.49693308
 11.00045725 11.50133589 12.00331448 12.50342502 12.99841933 13.50295467
 13.99697763 14.49659921 15.00054355 15.49636642 16.00407734 16.49941474
 17.00416281 17.50486165 17.99947453 18.50003324 19.00592858 19.50119893]
Processed /remote/gpu01a/heneka/21cmlightcones/pure_simulations/run1700.npz with power spectra shape: (30, 10, 10)
Processed /remote/gpu01a/heneka/21cmlightcones/pure_simulations/run1700.npz with redshifts shape: [ 5.18804383  5.49877618  5.99871707  6.49933941  6.99865181  7.500571
  7.99800579  8.49847464  9.00227354  9.49858002 10.00018513 10.49685127
 10.99827406 11.50169766 12.00403685 12.50189259 13.00089371 13.49857131
 14.0025751  14.50070665 15.00127768 15.50262615 16.00294931 16.50030808
 17.0062303  17.50606375 17.99751301 18.49349777 18.9932655  19.49600003]
Processed /remote/gpu01a/heneka/21cmlightcones/pure_simulations/run3397.npz with power spectra shape: (30, 10, 10)
Processed /remote/gpu01a/heneka/21cmlightcones/pure_simulations/run3397.npz with redshifts shape: [ 5.15494956  5.5001982   5.99876083  6.49851783  6.99975766  7.50136529
  7.99959324  8.49957074  9.00030825  9.50149451  9.99826505 10.50238444
 10.99909953 11.5026696  11.99722698 12.49984216 13.00137007 13.49890575
 13.99783798 14.49608778 15.00079564 15.50102565 16.00450156 16.27547937
 16.27547937 16.27547937 16.27547937 16.27547937 16.27547937 16.27547937]
Processed /remote/gpu01a/heneka/21cmlightcones/pure_simulations/run2969.npz with power spectra shape: (30, 10, 10)
Processed /remote/gpu01a/heneka/21cmlightcones/pure_simulations/run2969.npz with redshifts shape: [ 5.16338402  5.50022202  6.00116534  6.50080878  6.99905897  7.49820616
  7.9991561   8.50005142  8.9996143   9.50256079  9.9990397  10.50127515
 10.99997701 11.49754751 11.9976475  12.49761983 13.00264645 13.50231134
 14.00220027 14.50002845 15.00323645 15.50020441 15.99899059 16.49808134
 16.99584523 17.50285747 17.65166278 17.65166278 17.65166278 17.65166278]
Processed /remote/gpu01a/heneka/21cmlightcones/pure_simulations/run1206.npz with power spectra shape: (30, 10, 10)
Processed /remote/gpu01a/heneka/21cmlightcones/pure_simulations/run1206.npz with redshifts shape: [ 5.19131958  5.49877068  6.00101795  6.49974082  6.99987402  7.50194151
  7.99863289  8.49750623  8.99877405  9.49750647 10.00136312 10.49988498
 11.00289337 11.49954005 12.00216279 12.4997415  12.9979633  13.50427631
 13.9964397  14.50304578 15.00096422 15.49898941 15.99525666 16.50101627
 17.00202623 17.4960463  17.99571007 18.5003218  18.99292029 19.50445101]
Processed /remote/gpu01a/heneka/21cmlightcones/pure_simulations/run2512.npz with power spectra shape: (30, 10, 10)
Processed /remote/gpu01a/heneka/21cmlightcones/pure_simulations/run2512.npz with redshifts shape: [ 5.20953272  5.49863016  5.99887052  6.50155188  7.00157224  7.49890864
  8.00104672  8.50238033  9.00274244  9.50309515  9.99846408 10.49876351
 11.00099004 11.5017694  11.99737354 12.50337882 12.99795923 13.49834392
 14.00302216 14.49822733 15.00569154 15.49863064 16.00082727 16.49730344
 17.00073691 17.49469191 17.99287945 18.49443491 18.99842159 19.50382999]
Processed /remote/gpu01a/heneka/21cmlightcones/pure_simulations/run4212.npz with power spectra shape: (30, 10, 10)
Processed /remote/gpu01a/heneka/21cmlightcones/pure_simulations/run4212.npz with redshifts shape: [ 5.15797609  5.50041277  6.00080255  6.49861617  6.99986876  7.50051793
  8.00067215  8.50208456  8.99893202  9.49993601 10.00114292 10.49809167
 10.99828611 11.49868388 12.00292044 12.50108983 12.99704371 13.49603002
 13.99608536 14.50419553 15.00020337 15.50033899 16.00331117 16.4967457
 16.75156964 16.75156964 16.75156964 16.75156964 16.75156964 16.75156964]
Processed /remote/gpu01a/heneka/21cmlightcones/pure_simulations/run5012.npz with power spectra shape: (30, 10, 10)
Processed /remote/gpu01a/heneka/21cmlightcones/pure_simulations/run5012.npz with redshifts shape: [ 5.1590521   5.49894701  5.99991533  6.50116174  6.99938812  7.49979181
  7.9993394   8.4997582   8.9999185   9.49939141  9.99857937 10.4988372
 11.00258605 11.50009662 12.0008786  12.50240766 13.00189499 13.49630082
 13.99985279 14.50249013 15.00186228 15.49544709 16.0016836  16.49846753
 16.92548938 16.92548938 16.92548938 16.92548938 16.92548938 16.92548938]
Processed /remote/gpu01a/heneka/21cmlightcones/pure_simulations/run1235.npz with power spectra shape: (30, 10, 10)
Processed /remote/gpu01a/heneka/21cmlightcones/pure_simulations/run1235.npz with redshifts shape: [ 5.17883118  5.49871389  6.00151551  6.50141639  6.99865543  7.50038923
  8.00013889  8.50035577  9.00037634  9.50041167 10.00168862 10.49997742
 10.99761883 11.49828286 11.99914756 12.49709021 12.99756878 13.49833734
 13.99693642 14.50103369 14.99844372 15.49748906 15.99652005 16.50615553
 17.00022174 17.50204353 17.99709362 18.49771926 19.00326498 19.49728174]
Processed /remote/gpu01a/heneka/21cmlightcones/pure_simulations/run1937.npz with power spectra shape: (30, 10, 10)
Processed /remote/gpu01a/heneka/21cmlightcones/pure_simulations/run1937.npz with redshifts shape: [ 5.17987756  5.49891557  5.99847121  6.50107221  7.00128627  7.5020781
  8.00039191  8.49865437  9.00154625  9.49887768 10.00305003 10.49777481
 10.99824791 11.50194424 11.9980382  12.49888498 13.00244644 13.49705581
 13.99855224 14.49533307 14.99541665 15.49727817 15.99925667 16.49955897
 16.99626521 17.50088689 17.99881543 18.50246693 18.99593907 19.49259464]
Processed /remote/gpu01a/heneka/21cmlightcones/pure_simulations/run2455.npz with power spectra shape: (30, 10, 10)
Processed /remote/gpu01a/heneka/21cmlightcones/pure_simulations/run2455.npz with redshifts shape: [ 5.16650906  5.49968446  5.99881154  6.49838838  6.99913361  7.50035604
  7.99862735  8.50013469  8.99958286  9.50170028 10.00213204 10.50214819
 10.997583   11.49778948 12.00030913 12.50239843 13.00103877 13.50166274
 14.0021047  14.50000484 15.00291458 15.49896347 15.99633437 16.50500756
 17.00068679 17.50518602 18.00505233 18.2027242  18.2027242  18.2027242 ]
Processed /remote/gpu01a/heneka/21cmlightcones/pure_simulations/run4195.npz with power spectra shape: (30, 10, 10)
Processed /remote/gpu01a/heneka/21cmlightcones/pure_simulations/run4195.npz with redshifts shape: [ 5.20714595  5.49924902  6.00093403  6.50196096  7.00059676  7.50173166
  7.99825946  8.49924999  8.99973415  9.50070983  9.99730461 10.49936183
 11.0039564  11.49913656 11.99803672 12.4982466  12.99709912 13.50248794
 14.00158039 14.50297352 15.00484546 15.50521748 16.00195972 16.50713782
 17.00523348 17.49372636 18.00239505 18.49859815 18.99699252 19.49658025]
Processed /remote/gpu01a/heneka/21cmlightcones/pure_simulations/run844.npz with power spectra shape: (30, 10, 10)
Processed /remote/gpu01a/heneka/21cmlightcones/pure_simulations/run844.npz with redshifts shape: [ 5.16574901  5.49992246  5.99962347  6.50015027  6.99870176  7.50140871
  8.00166378  8.50106203  8.99823272  9.49788711 10.00142365 10.49904677
 10.99848426 11.503347   11.99649499 12.50380686 13.0002007  13.49844705
 13.99639245 14.50127201 15.00190637 15.49560564 16.00152227 16.49656875
 17.00158428 17.50378547 18.00128224 18.06651426 18.06651426 18.06651426]
Processed /remote/gpu01a/heneka/21cmlightcones/pure_simulations/run2556.npz with power spectra shape: (30, 10, 10)
Processed /remote/gpu01a/heneka/21cmlightcones/pure_simulations/run2556.npz with redshifts shape: [ 5.19476044  5.49889451  6.00025529  6.50058709  7.00174055  7.49957543
  8.00026062  8.49768884  9.00238349  9.49802963  9.99773881 10.49797186
 11.00241121 11.49997407 12.00317619 12.50076134 12.99848015 13.50387566
 14.00498068 14.49874736 15.00550749 15.50044273 16.00578734 16.49421003
 17.0040049  17.50705838 18.00095371 18.49903421 19.00048953 19.50444347]
Processed /remote/gpu01a/heneka/21cmlightcones/pure_simulations/run3855.npz with power spectra shape: (30, 10, 10)
Processed /remote/gpu01a/heneka/21cmlightcones/pure_simulations/run3855.npz with redshifts shape: [ 5.19575352  5.5015331   5.99897832  6.50180737  7.00152516  7.50195245
  8.00047125  8.50051889  9.00221904  9.50043663 10.00292258 10.49889308
 10.9983158  11.49820077 12.00390195 12.50410436 13.00458406 13.50269456
 13.99556552 14.50270298 15.00041302 15.49765613 16.00547123 16.49638968
 16.9947544  17.49999787 17.99614045 18.49658268 19.00051195 19.5070479 ]
Processed /remote/gpu01a/heneka/21cmlightcones/pure_simulations/run2132.npz with power spectra shape: (30, 10, 10)
Processed /remote/gpu01a/heneka/21cmlightcones/pure_simulations/run2132.npz with redshifts shape: [ 5.20061876  5.49869739  6.00156322  6.49807158  7.00161406  7.50072754
  8.00160828  8.49782168  9.00006336  9.49785802  9.99905429 10.49991901
 10.99627274 11.50027479 12.00107725 12.50430916 12.99752172 13.49730272
 14.00227994 14.49933894 14.99722964 15.49407475 16.00114439 16.50416084
 17.00084193 17.50387774 17.99685975 18.49349018 18.99290254 19.49416246]
Processed /remote/gpu01a/heneka/21cmlightcones/pure_simulations/run4315.npz with power spectra shape: (30, 10, 10)
Processed /remote/gpu01a/heneka/21cmlightcones/pure_simulations/run4315.npz with redshifts shape: [ 5.18793481  5.5014315   6.00138185  6.49833461  7.00127468  7.49873205
  8.00050993  8.50089184  8.9989586   9.50077127 10.00223752 10.49874987
 11.00000161 11.50323752 11.99703667 12.50301377 13.00178362 13.49921646
 14.0029579  14.50081629 15.00109895 15.50214488 16.00215269 16.49918532
 17.0047625  17.50424202 17.99533116 18.50626082 19.00623135 19.49264643]
Processed /remote/gpu01a/heneka/21cmlightcones/pure_simulations/run2288.npz with power spectra shape: (30, 10, 10)
Processed /remote/gpu01a/heneka/21cmlightcones/pure_simulations/run2288.npz with redshifts shape: [ 5.21270916  5.49978185  6.00053741  6.49885824  7.00184758  7.50196443
  8.00131769  8.49867202  9.00012141  9.50116437  9.99670457 10.49675468
 10.99822229 11.49764031 12.0006008  12.50458581 12.99628247 13.50423518
 14.00526186 14.49588007 14.9981096  15.49820773 15.99395268 16.49768258
 16.99344672 17.49460741 18.00036523 18.492534   19.00409982 19.49872928]
Processed /remote/gpu01a/heneka/21cmlightcones/pure_simulations/run223.npz with power spectra shape: (30, 10, 10)
Processed /remote/gpu01a/heneka/21cmlightcones/pure_simulations/run223.npz with redshifts shape: [ 5.19682834  5.50129557  6.00153996  6.49984156  6.99797272  7.50088911
  8.00212482  8.49967438  8.99823878  9.49895054  9.99735289 10.50297588
 10.99772132 11.5003602  12.00028609 12.50306398 12.99651764 13.49696124
 14.00308626 14.5020574  15.00249637 15.50259357 16.00039388 16.49380534
 16.99481416 17.50285322 18.00185217 18.50528565 18.9956732  19.50481644]
Processed /remote/gpu01a/heneka/21cmlightcones/pure_simulations/run4771.npz with power spectra shape: (30, 10, 10)
Processed /remote/gpu01a/heneka/21cmlightcones/pure_simulations/run4771.npz with redshifts shape: [ 5.15809003  5.50078891  5.99881466  6.49987126  7.00162679  7.49909992
  7.99950164  8.50118957  8.99833651  9.49966829 10.00122857 10.49855232
 10.99914815 11.49997132 11.99763753 12.50329866 12.99974186 13.4992422
 13.99983414 14.49936523 14.99550403 15.49578498 15.99891661 16.50348913
 16.76986639 16.76986639 16.76986639 16.76986639 16.76986639 16.76986639]
Processed /remote/gpu01a/heneka/21cmlightcones/pure_simulations/run1958.npz with power spectra shape: (30, 10, 10)
Processed /remote/gpu01a/heneka/21cmlightcones/pure_simulations/run1958.npz with redshifts shape: [ 5.16805411  5.49921397  6.00014664  6.50140765  7.0000633   7.49829259
  8.00116129  8.49836046  9.00244594  9.49874176  9.99792529 10.50241535
 11.00258352 11.50082693 12.00084198 12.49982804 13.00305001 13.49973126
 13.99555726 14.49783177 14.99519426 15.49555847 15.9974627  16.49931945
 16.99941947 17.49593744 18.00012318 18.48408153 18.48408153 18.48408153]
Processed /remote/gpu01a/heneka/21cmlightcones/pure_simulations/run4510.npz with power spectra shape: (30, 10, 10)
Processed /remote/gpu01a/heneka/21cmlightcones/pure_simulations/run4510.npz with redshifts shape: [ 5.17823289  5.49978506  6.00096552  6.4990739   6.99817846  7.49813302
  8.00051619  8.49904173  9.0025762   9.50106045 10.00066494 10.4971771
 10.99994571 11.49904561 11.99824687 12.50280943 13.00190339 13.50120191
 13.99825454 14.50070589 14.99641191 15.50498203 16.00266362 16.49848721
 17.00344499 17.50370496 17.99714958 18.49608653 18.99986158 19.5077599 ]
Processed /remote/gpu01a/heneka/21cmlightcones/pure_simulations/run3488.npz with power spectra shape: (30, 10, 10)
Processed /remote/gpu01a/heneka/21cmlightcones/pure_simulations/run3488.npz with redshifts shape: [ 5.20154628  5.50108693  5.9995668   6.49822818  6.99986922  7.5011893
  7.99934008  8.49771267  9.00232147  9.50263778  9.99959008 10.50285059
 11.00173067 11.50002447 12.00316141 12.49941872 13.00464979 13.49663167
 14.00393395 14.5033968  15.00380844 15.50327991 15.99977539 16.50507211
 17.00410261 17.49444491 18.00511967 18.50438345 19.00653711 19.49294194]
Processed /remote/gpu01a/heneka/21cmlightcones/pure_simulations/run1817.npz with power spectra shape: (30, 10, 10)
Processed /remote/gpu01a/heneka/21cmlightcones/pure_simulations/run1817.npz with redshifts shape: [ 5.1764931   5.50027094  5.99953163  6.49932189  7.00098062  7.50030177
  7.99781953  8.50089654  8.99952427  9.49846924  9.99898356 10.49693329
 11.00161208 11.50322536 11.99770531 12.49721492 12.99978909 13.50324359
 13.99547048 14.50299881 15.00460311 15.49732159 16.001449   16.5045577
 17.0047903  17.50016936 18.00245068 18.49667866 18.99551346 19.49824499]
Processed /remote/gpu01a/heneka/21cmlightcones/pure_simulations/run2628.npz with power spectra shape: (30, 10, 10)
Processed /remote/gpu01a/heneka/21cmlightcones/pure_simulations/run2628.npz with redshifts shape: [ 5.15837855  5.49924296  6.00082438  6.49996008  6.99927436  7.50119122
  7.99867057  8.50123627  8.9993247   9.50167655  9.99884938 10.50279753
 10.99837393 11.50008726 11.99869253 12.49791717 13.00284872 13.50344986
 13.9964764  14.49676905 15.00331091 15.50489322 15.99885606 16.5043636
 16.81632593 16.81632593 16.81632593 16.81632593 16.81632593 16.81632593]
Processed /remote/gpu01a/heneka/21cmlightcones/pure_simulations/run3569.npz with power spectra shape: (30, 10, 10)
Processed /remote/gpu01a/heneka/21cmlightcones/pure_simulations/run3569.npz with redshifts shape: [ 5.21057143  5.50118935  6.00060155  6.50194903  7.00005318  7.49977594
  7.99916853  8.50288495  8.99952585  9.50216214  9.99996325 10.50288805
 10.99964334 11.5028548  12.0010125  12.49989859 12.99676266 13.49958737
 13.9952961  14.50472825 15.00230593 15.4975449  16.00219536 16.50120546
 17.0073163  17.50400278 18.00504839 18.49244439 18.99885656 19.50679063]
Processed /remote/gpu01a/heneka/21cmlightcones/pure_simulations/run2145.npz with power spectra shape: (30, 10, 10)
Processed /remote/gpu01a/heneka/21cmlightcones/pure_simulations/run2145.npz with redshifts shape: [ 5.18160966  5.50104956  5.99946361  6.50011167  7.00131392  7.49855672
  8.00150124  8.49975838  9.00227596  9.49872514 10.00158647 10.50108487
 10.99955541 11.50068695 12.0015756  12.49901355 12.9985092  13.49774736
 14.00418625 14.49561334 15.00059414 15.49607381 16.0028912  16.49563905
 16.99701064 17.50657499 17.99532995 18.50373505 19.00204735 19.50375413]
Processed /remote/gpu01a/heneka/21cmlightcones/pure_simulations/run1007.npz with power spectra shape: (30, 10, 10)
Processed /remote/gpu01a/heneka/21cmlightcones/pure_simulations/run1007.npz with redshifts shape: [ 5.18577867  5.50130336  5.99855743  6.50015418  7.00130052  7.50159661
  7.99770381  8.5022505   9.00012332  9.50210892  9.9977862  10.50188653
 10.9974759  11.50243828 11.99866236 12.49882995 13.00076364 13.5020577
 14.00008598 14.50274467 14.99731076 15.50415031 15.99845142 16.50243566
 17.00229776 17.49589549 17.99553214 18.50056261 18.99454018 19.50755851]
Processed /remote/gpu01a/heneka/21cmlightcones/pure_simulations/run3612.npz with power spectra shape: (30, 10, 10)
Processed /remote/gpu01a/heneka/21cmlightcones/pure_simulations/run3612.npz with redshifts shape: [ 5.20458874  5.49928716  6.001749    6.50046191  7.00136982  7.50101833
  8.00164393  8.50225203  9.00277809  9.4976743  10.0019134  10.49798129
 10.99615595 11.50173371 12.00361121 12.49789049 13.00062113 13.49989475
 14.00386799 14.49913183 14.99457358 15.5012028  16.00515073 16.50419769
 16.9959897  17.49343065 17.99578269 18.50223642 18.99460205 19.50587671]
Processed /remote/gpu01a/heneka/21cmlightcones/pure_simulations/run530.npz with power spectra shape: (30, 10, 10)
Processed /remote/gpu01a/heneka/21cmlightcones/pure_simulations/run530.npz with redshifts shape: [ 5.16428473  5.5005035   5.99857021  6.50079535  6.99836801  7.50030224
  8.00009249  8.49936083  9.00171128  9.50237665 10.00165943 10.500851
 11.00234797 11.50288165 11.99883427 12.50169729 13.00164577 13.50407022
 13.99781902 14.49822408 15.00416962 15.50397028 15.99481386 16.49651486
 16.99699799 17.49450603 17.80807404 17.80807404 17.80807404 17.80807404]
Processed /remote/gpu01a/heneka/21cmlightcones/pure_simulations/run4184.npz with power spectra shape: (30, 10, 10)
Processed /remote/gpu01a/heneka/21cmlightcones/pure_simulations/run4184.npz with redshifts shape: [ 5.16111381  5.50060393  6.00001874  6.49860605  6.99982361  7.49942367
  8.00152303  8.49989215  9.00193295  9.49784889  9.99802421 10.49896514
 11.00308861 11.5005052  12.0008145  12.50142744 12.99948898 13.50031849
 14.00188223 14.50195504 14.9981305  15.49805916 16.00039614 16.50367602
 16.99465116 17.26580493 17.26580493 17.26580493 17.26580493 17.26580493]
Processed /remote/gpu01a/heneka/21cmlightcones/pure_simulations/run4739.npz with power spectra shape: (30, 10, 10)
Processed /remote/gpu01a/heneka/21cmlightcones/pure_simulations/run4739.npz with redshifts shape: [ 5.18137555  5.50037844  6.00123518  6.50140665  6.99818187  7.49872456
  8.00101587  8.49857143  9.00032835  9.50181698  9.99797255 10.50326025
 11.00121714 11.50179422 12.00209168 12.49890661 12.99774116 13.49628388
 14.00198231 14.5031351  14.99683305 15.5029978  15.99743286 16.50186902
 17.00285686 17.49833324 18.00034348 18.49349554 19.00613043 19.50734007]
Processed /remote/gpu01a/heneka/21cmlightcones/pure_simulations/run830.npz with power spectra shape: (30, 10, 10)
Processed /remote/gpu01a/heneka/21cmlightcones/pure_simulations/run830.npz with redshifts shape: [ 5.18274386  5.50142443  5.99989992  6.50027466  7.00081024  7.50121043
  7.99828153  8.49946809  8.99971336  9.49914822  9.99894496 10.50145176
 11.00312728 11.50003207 11.99596139 12.49623519 12.99874766 13.50116754
 14.00094464 14.49532222 15.00348649 15.50223607 16.00041099 16.49616086
 17.00071995 17.49988154 18.00577883 18.50289786 19.00431443 19.49319671]
Processed /remote/gpu01a/heneka/21cmlightcones/pure_simulations/run4611.npz with power spectra shape: (30, 10, 10)
Processed /remote/gpu01a/heneka/21cmlightcones/pure_simulations/run4611.npz with redshifts shape: [ 5.1811679   5.49978325  5.99997552  6.49941754  6.99928884  7.49934489
  8.00109889  8.49807545  8.99920245  9.5000165  10.00171814 10.49998249
 10.9971421  11.49687706 11.99629281 12.50069747 12.99905118 13.49708423
 14.00223684 14.50282035 14.9959303  15.5014646  15.99525749 16.4990118
 16.9992963  17.49405172 17.99530616 18.50246259 18.99950358 19.49988452]
Processed /remote/gpu01a/heneka/21cmlightcones/pure_simulations/run3413.npz with power spectra shape: (30, 10, 10)
Processed /remote/gpu01a/heneka/21cmlightcones/pure_simulations/run3413.npz with redshifts shape: [ 5.17192265  5.50033691  6.00129126  6.5012472   7.00071349  7.49875715
  8.00043072  8.49983702  9.0005419   9.49736435 10.00231597 10.49997295
 10.99823888 11.5007507  11.99726574 12.49969917 12.99767307 13.49672773
 14.00402481 14.49862135 14.99724448 15.49849735 16.00085382 16.50265913
 17.00213493 17.49738514 17.99989001 18.49510891 18.99540247 19.21573813]
Processed /remote/gpu01a/heneka/21cmlightcones/pure_simulations/run3474.npz with power spectra shape: (30, 10, 10)
Processed /remote/gpu01a/heneka/21cmlightcones/pure_simulations/run3474.npz with redshifts shape: [ 5.17784999  5.49866915  5.99860168  6.49880973  7.00059254  7.49966601
  8.00107292  8.49854244  9.00092434  9.49818463 10.00262569 10.49817972
 10.99990977 11.49791219 12.00384397 12.49927351 12.9970782  13.50432383
 14.00045301 14.50191939 14.99660359 15.50407473 16.00063203 16.49528786
 16.99900875 17.49799628 18.00409054 18.50222048 19.00514233 19.49649629]
Processed /remote/gpu01a/heneka/21cmlightcones/pure_simulations/run2784.npz with power spectra shape: (30, 10, 10)
Processed /remote/gpu01a/heneka/21cmlightcones/pure_simulations/run2784.npz with redshifts shape: [ 5.20135763  5.50060089  5.99854184  6.50052447  7.0019151   7.49822614
  8.00077597  8.49879149  9.003004    9.50289388  9.99939039 10.50215736
 11.00051715 11.49826101 12.00081264 12.49646368 13.00104857 13.50288322
 13.99897041 14.49771147 14.9973731  15.49606991 16.00511501 16.49623065
 16.99441344 17.49903683 17.99364728 18.49198671 18.99318695 19.49630966]
Processed /remote/gpu01a/heneka/21cmlightcones/pure_simulations/run3980.npz with power spectra shape: (30, 10, 10)
Processed /remote/gpu01a/heneka/21cmlightcones/pure_simulations/run3980.npz with redshifts shape: [ 5.17178483  5.49991955  6.00040783  6.49985228  6.99876295  7.50024448
  8.00163546  8.50073005  9.00109287  9.49754718 10.00209621 10.49932885
 10.99714332 11.49917324 12.00281207 12.497087   13.00303001 13.50196603
 13.99966885 14.50357374 15.00203137 15.50310288 16.00526247 16.49494058
 17.00610754 17.50112091 18.00337127 18.49832595 18.99833872 19.18897557]
Processed /remote/gpu01a/heneka/21cmlightcones/pure_simulations/run623.npz with power spectra shape: (30, 10, 10)
Processed /remote/gpu01a/heneka/21cmlightcones/pure_simulations/run623.npz with redshifts shape: [ 5.16541737  5.49888111  6.00033157  6.49989426  7.00093618  7.49892456
  7.99792309  8.50056514  9.0016274   9.50050863  9.99748017 10.49992011
 10.99838953 11.50221043 12.00162439 12.50042339 13.00382337 13.50124702
 13.99832156 14.50226944 15.00193265 15.50513397 15.99947048 16.5048961
 16.99727292 17.49827306 17.99453722 18.00752399 18.00752399 18.00752399]
Processed /remote/gpu01a/heneka/21cmlightcones/pure_simulations/run2411.npz with power spectra shape: (30, 10, 10)
Processed /remote/gpu01a/heneka/21cmlightcones/pure_simulations/run2411.npz with redshifts shape: [ 5.17097851  5.50017196  6.00125578  6.4983591   6.99836118  7.50138641
  8.00044795  8.50177125  8.99979811  9.49926819 10.00150899 10.50262383
 10.99826003 11.49794894 11.99909658 12.49881897 13.00243666 13.49895435
 14.00353122 14.49534098 15.00138482 15.50003718 15.99966405 16.49862181
 16.99514459 17.50023746 18.00006566 18.50649422 19.00445012 19.03347973]
Processed /remote/gpu01a/heneka/21cmlightcones/pure_simulations/run2794.npz with power spectra shape: (30, 10, 10)
Processed /remote/gpu01a/heneka/21cmlightcones/pure_simulations/run2794.npz with redshifts shape: [ 5.16712171  5.49896468  5.99991819  6.50152505  7.00091121  7.50028488
  8.00044615  8.49937471  9.00065754  9.49937098 10.00152805 10.49721774
 11.00077879 11.50307433 12.00038618 12.49651632 12.99670091 13.49896929
 14.00114778 14.50086621 14.99556774 15.50373888 16.00318813 16.50247235
 16.99989329 17.50624189 17.99489569 18.31357576 18.31357576 18.31357576]
Processed /remote/gpu01a/heneka/21cmlightcones/pure_simulations/run1697.npz with power spectra shape: (30, 10, 10)
Processed /remote/gpu01a/heneka/21cmlightcones/pure_simulations/run1697.npz with redshifts shape: [ 5.21244885  5.49914901  5.99919779  6.50087085  6.99888705  7.49809524
  8.00189784  8.49867886  8.99950257  9.4998739  10.00202567 10.50182055
 11.00300012 11.50209991 11.99530196 12.49835244 12.99960545 13.49602937
 13.99600938 14.49780477 14.99950986 15.49905862 15.99423241 16.49735573
 16.99249705 17.49300273 17.99807365 18.50683658 19.0003703  19.49425507]
Processed /remote/gpu01a/heneka/21cmlightcones/pure_simulations/run4436.npz with power spectra shape: (30, 10, 10)
Processed /remote/gpu01a/heneka/21cmlightcones/pure_simulations/run4436.npz with redshifts shape: [ 5.19356249  5.49875312  6.00030119  6.50122366  6.99926216  7.49825065
  8.00059812  8.5002779   9.00199941  9.50072892  9.99749307 10.50171067
 11.00323592 11.49773733 11.99765799 12.50089783 12.99551998 13.49760444
 13.99526356 14.49664424 15.00015018 15.50403552 16.00640868 16.50523772
 16.9983604  17.49806065 18.00370612 18.49881402 18.99716057 19.49787414]
Processed /remote/gpu01a/heneka/21cmlightcones/pure_simulations/run4830.npz with power spectra shape: (30, 10, 10)
Processed /remote/gpu01a/heneka/21cmlightcones/pure_simulations/run4830.npz with redshifts shape: [ 5.15824866  5.49881642  5.99991962  6.49853193  7.00067515  7.49857677
  7.99945233  8.50165747  8.9993572   9.50128612  9.99801073 10.50147493
 11.00278054 11.4977223  12.00279314 12.50183637 12.99870834 13.49866568
 13.99974092 14.49977946 14.99644649 15.49728394 16.00099953 16.49519927
 16.79539054 16.79539054 16.79539054 16.79539054 16.79539054 16.79539054]
Processed /remote/gpu01a/heneka/21cmlightcones/pure_simulations/run611.npz with power spectra shape: (30, 10, 10)
Processed /remote/gpu01a/heneka/21cmlightcones/pure_simulations/run611.npz with redshifts shape: [ 5.19199597  5.5006003   6.00153034  6.49839555  7.00021704  7.49964023
  7.99793212  8.49855695  9.00172586  9.50248698 10.00189654 10.50225376
 10.99967868 11.49791055 12.00224103 12.50161112 13.00172534 13.50002538
 14.00428417 14.50201214 15.00166008 15.50149718 15.99965019 16.49411044
 16.99660625 17.50661866 17.99344335 18.49975954 18.99408741 19.50748225]
Processed /remote/gpu01a/heneka/21cmlightcones/pure_simulations/run3570.npz with power spectra shape: (30, 10, 10)
Processed /remote/gpu01a/heneka/21cmlightcones/pure_simulations/run3570.npz with redshifts shape: [ 5.16074237  5.49940175  6.00030798  6.50086635  7.00111195  7.49963903
  8.00055839  8.50212091  8.99832549  9.49797199 10.00252559 10.50258812
 10.99942378 11.50216396 12.00139099 12.50085529 12.99771019 13.49726328
 13.9974862  14.49616138 15.00063603 15.49950873 16.00073353 16.502848
 17.00427244 17.20379998 17.20379998 17.20379998 17.20379998 17.20379998]
Processed /remote/gpu01a/heneka/21cmlightcones/pure_simulations/run2228.npz with power spectra shape: (30, 10, 10)
Processed /remote/gpu01a/heneka/21cmlightcones/pure_simulations/run2228.npz with redshifts shape: [ 5.19789245  5.50099626  6.00053147  6.50150607  6.99834369  7.4994525
  7.99828691  8.49827069  8.99948206  9.50305618  9.99767695 10.49880937
 11.0037833  11.50129675 12.00402499 12.50049315 12.99650693 13.4996896
 13.99785206 14.49928496 15.00232043 15.50513765 16.00576861 16.50210462
 17.00620261 17.50258631 18.0042872  18.49442895 19.00380616 19.49863857]
Processed /remote/gpu01a/heneka/21cmlightcones/pure_simulations/run86.npz with power spectra shape: (30, 10, 10)
Processed /remote/gpu01a/heneka/21cmlightcones/pure_simulations/run86.npz with redshifts shape: [ 5.18180858  5.4987587   6.00066669  6.49847241  7.00007606  7.50203289
  8.00120539  8.49999913  8.99765735  9.5001708   9.99742151 10.49719256
 11.00311951 11.49742954 11.99867964 12.49650435 12.99641593 13.49609676
 14.00301192 14.49492651 15.00043438 15.49645628 16.00385349 16.49718935
 16.99918315 17.49570101 17.99881292 18.49309227 19.00694571 19.49340513]
Processed /remote/gpu01a/heneka/21cmlightcones/pure_simulations/run4328.npz with power spectra shape: (30, 10, 10)
Processed /remote/gpu01a/heneka/21cmlightcones/pure_simulations/run4328.npz with redshifts shape: [ 5.17828451  5.49993547  6.00128411  6.49957639  6.99888122  7.49905197
  8.00166763  8.50043852  8.99889432  9.49724843 10.00288525 10.49969662
 11.00278108 11.50220735 12.00174741 12.49828928 12.99727722 13.49647301
 14.00323259 14.49578064 15.00219624 15.49987176 15.99746625 16.505567
 16.99808082 17.49826178 18.00561679 18.50503616 18.99419851 19.5020276 ]
Processed /remote/gpu01a/heneka/21cmlightcones/pure_simulations/run3034.npz with power spectra shape: (30, 10, 10)
Processed /remote/gpu01a/heneka/21cmlightcones/pure_simulations/run3034.npz with redshifts shape: [ 5.19172947  5.49987947  6.00000509  6.4997229   7.00096036  7.49973998
  8.00222966  8.50250359  8.99953401  9.49941772  9.99789799 10.49727126
 11.0012049  11.49882871 12.00250341 12.50118479 13.00057066 13.49810766
 14.0015566  14.49844891 14.99722209 15.4961488  16.00607733 16.50012775
 17.00218146 17.49727453 17.99806648 18.50386134 18.99765655 19.49362394]
Processed /remote/gpu01a/heneka/21cmlightcones/pure_simulations/run83.npz with power spectra shape: (30, 10, 10)
Processed /remote/gpu01a/heneka/21cmlightcones/pure_simulations/run83.npz with redshifts shape: [ 5.20545694  5.5014822   5.99920013  6.49981908  6.9984522   7.50000147
  7.99746946  8.49989879  9.00240692  9.4994177   9.99887829 10.49687942
 10.99712978 11.49636574 12.00007512 12.49627395 13.00107202 13.50251163
 13.99749752 14.49456203 15.00432928 15.5005685  16.00664041 16.49366273
 17.00193071 17.50174176 18.00657695 18.49888604 18.99321799 19.50661453]
Processed /remote/gpu01a/heneka/21cmlightcones/pure_simulations/run379.npz with power spectra shape: (30, 10, 10)
Processed /remote/gpu01a/heneka/21cmlightcones/pure_simulations/run379.npz with redshifts shape: [ 5.16496758  5.500069    6.00023915  6.5015977   7.00139787  7.50190446
  7.99976374  8.50114911  9.00085229  9.49827768  9.99939984 10.50056826
 10.9976891  11.50006096 11.9979547  12.50290515 12.99685806 13.50115451
 13.99684583 14.49932211 14.9974585  15.4990552  16.00270588 16.49543365
 16.99798245 17.49763043 17.92795142 17.92795142 17.92795142 17.92795142]
Processed /remote/gpu01a/heneka/21cmlightcones/pure_simulations/run147.npz with power spectra shape: (30, 10, 10)
Processed /remote/gpu01a/heneka/21cmlightcones/pure_simulations/run147.npz with redshifts shape: [ 5.16496812  5.5000707   6.00024277  6.50160344  7.00140579  7.50191485
  7.99977674  8.50116485  9.00087099  9.49829947  9.99942479 10.50059671
 10.99772107 11.50009664 11.99799417 12.50294876 12.9969057  13.5012063
 13.99690208 14.4993828  14.99752382 15.49912524 16.00278078 16.49551367
 16.99806748 17.49772048 17.92804629 17.92804629 17.92804629 17.92804629]
Processed /remote/gpu01a/heneka/21cmlightcones/pure_simulations/run4554.npz with power spectra shape: (30, 10, 10)
Processed /remote/gpu01a/heneka/21cmlightcones/pure_simulations/run4554.npz with redshifts shape: [ 5.17939185  5.50033892  5.99866035  6.4998754   6.99857167  7.50192264
  7.99883573  8.50055717  9.0022056   9.49820866 10.00093687 10.50077322
 11.00006208 11.50248452 11.99724499 12.49666772 12.99871998 13.50114815
 14.00148238 14.49704843 14.99584606 15.49635438 15.99691784 16.49574938
 17.00390905 17.49395566 18.00431534 18.50681421 18.99910857 19.49453119]
Processed /remote/gpu01a/heneka/21cmlightcones/pure_simulations/run3366.npz with power spectra shape: (30, 10, 10)
Processed /remote/gpu01a/heneka/21cmlightcones/pure_simulations/run3366.npz with redshifts shape: [ 5.1777326   5.50112496  6.00100114  6.50112687  6.99898857  7.50174404
  7.9984482   8.50028798  9.00246879  9.49950855  9.99756357 10.49899724
 11.00044259 11.49814276 12.00374785 12.49883845 12.99628434 13.50314581
 13.99888134 14.49993191 15.00496099 15.5012047  15.99729937 16.50379966
 16.99469683 17.50656737 17.99872799 18.49631348 18.99867017 19.50508486]
Processed /remote/gpu01a/heneka/21cmlightcones/pure_simulations/run1533.npz with power spectra shape: (30, 10, 10)
Processed /remote/gpu01a/heneka/21cmlightcones/pure_simulations/run1533.npz with redshifts shape: [ 5.15404429  5.49958217  6.00046301  6.50036795  6.99874748  7.50083683
  7.99994251  8.50119923  8.99903859  9.50207054 10.00121272 10.5024986
 11.00230153 11.50304726 12.00150019 12.50134968 12.99995738 13.5024993
 13.99863464 14.50285567 14.99553746 15.50232072 16.00285507 16.13673039
 16.13673039 16.13673039 16.13673039 16.13673039 16.13673039 16.13673039]
Processed /remote/gpu01a/heneka/21cmlightcones/pure_simulations/run2103.npz with power spectra shape: (30, 10, 10)
Processed /remote/gpu01a/heneka/21cmlightcones/pure_simulations/run2103.npz with redshifts shape: [ 5.20325578  5.49910773  6.00172821  6.5010382   6.9986445   7.49945392
  8.00178472  8.49906563  9.0020819   9.50017238 10.00124368 10.50146914
 10.9965729  11.49883215 11.99721861 12.49739471 12.99678281 13.50316953
 14.00399707 14.49601188 15.00034205 15.50391913 16.00468556 16.50044081
 17.00352774 17.49802548 17.99727811 18.50047964 19.0067543  19.49730273]
Processed /remote/gpu01a/heneka/21cmlightcones/pure_simulations/run2453.npz with power spectra shape: (30, 10, 10)
Processed /remote/gpu01a/heneka/21cmlightcones/pure_simulations/run2453.npz with redshifts shape: [ 5.18685289  5.50137372  6.00161665  6.49927177  6.99931602  7.49802084
  8.00153882  8.4990476   8.99961856  9.49852183  9.99687324 10.49699264
 11.00253479 11.50297811 12.00215629 12.49669818 13.00146099 13.49597096
 13.99660186 14.50202885 14.9994551  15.49750635 15.99439374 16.50113969
 17.00386364 17.50040574 18.00314059 18.49618272 18.99286752 19.49238312]
Processed /remote/gpu01a/heneka/21cmlightcones/pure_simulations/run1461.npz with power spectra shape: (30, 10, 10)
Processed /remote/gpu01a/heneka/21cmlightcones/pure_simulations/run1461.npz with redshifts shape: [ 5.19813138  5.4985111   5.99838011  6.49974542  7.00126671  7.49862954
  7.99800918  8.49858845  9.0004448   9.49833703 10.00006276 10.50197694
 10.99999021 11.4978758  12.00101187 12.49791355 13.00420513 13.49807324
 13.99675973 14.49874925 15.00237171 15.50580422 15.99393822 16.50407264
 16.99455393 17.50596752 17.99289131 18.49931394 18.99273303 19.50514762]
Processed /remote/gpu01a/heneka/21cmlightcones/pure_simulations/run3720.npz with power spectra shape: (30, 10, 10)
Processed /remote/gpu01a/heneka/21cmlightcones/pure_simulations/run3720.npz with redshifts shape: [ 5.20041532  5.50132059  6.00044989  6.50021437  6.99915644  7.50221559
  7.99758926  8.49849781  9.00027271  9.4975676   9.99822428 10.49851442
 11.00213993 11.49761922 11.9977453  12.50026452 13.00267188 13.50221811
 13.99592501 14.50371964 15.00131366 15.49784236 16.00456866 16.49334756
 17.00353013 17.50616643 17.99873821 18.49493701 18.993897   19.49468439]
Processed /remote/gpu01a/heneka/21cmlightcones/pure_simulations/run1878.npz with power spectra shape: (30, 10, 10)
Processed /remote/gpu01a/heneka/21cmlightcones/pure_simulations/run1878.npz with redshifts shape: [ 5.20625509  5.50026218  5.99983581  6.49852195  6.99901731  7.49778914
  8.00230595  8.50143228  8.99989131  9.49868133 10.00006525 10.5001165
 11.002556   11.50410388 12.00112892 12.49934042 12.99608423 13.49922135
 13.99597771 14.49491375 14.99421729 15.50498794 15.99957047 16.50245636
 16.99819923 17.49980326 18.00652744 18.50075263 18.99708135 19.49452014]
Processed /remote/gpu01a/heneka/21cmlightcones/pure_simulations/run1774.npz with power spectra shape: (30, 10, 10)
Processed /remote/gpu01a/heneka/21cmlightcones/pure_simulations/run1774.npz with redshifts shape: [ 5.19383375  5.49947797  5.99843686  6.49988204  6.99850488  7.49814146
  8.00120285  8.50165207  8.99840358  9.49757554 10.00151241 10.4995768
 11.00167687 11.49678578 11.9973607  12.50129936 12.99664655 13.49950531
 13.99796926 14.50019781 15.00459201 15.4971071  15.99987126 16.49911483
 17.00667966 17.49283886 17.99898123 18.49460066 18.99348605 19.49476523]
Processed /remote/gpu01a/heneka/21cmlightcones/pure_simulations/run734.npz with power spectra shape: (30, 10, 10)
Processed /remote/gpu01a/heneka/21cmlightcones/pure_simulations/run734.npz with redshifts shape: [ 5.18440842  5.50036486  6.00018547  6.50171961  6.99920482  7.49982571
  8.00143728  8.50247295  9.00211603  9.50045756  9.99864221 10.49900083
 10.99792404 11.49911663 11.9995934  12.49606185 13.0032203  13.50089239
 13.99513476 14.50443797 14.995392   15.4983565  16.00094356 16.50128202
 16.99737212 17.50098253 17.99710929 18.4984479  19.00429322 19.49765806]
Processed /remote/gpu01a/heneka/21cmlightcones/pure_simulations/run711.npz with power spectra shape: (30, 10, 10)
Processed /remote/gpu01a/heneka/21cmlightcones/pure_simulations/run711.npz with redshifts shape: [ 5.16598486  5.50066316  6.00119028  6.49938982  6.99860071  7.49813815
  7.99883775  8.49873206  9.00142106  9.50204979 10.00088637 10.49920002
 10.99937705 11.4980827  11.99900062 12.49939706 12.99626669 13.50370673
 14.00264875 14.4989795  15.00022723 15.50510379 16.00116287 16.49690881
 17.00266886 17.50564101 18.00393095 18.10863427 18.10863427 18.10863427]
Processed /remote/gpu01a/heneka/21cmlightcones/pure_simulations/run4100.npz with power spectra shape: (30, 10, 10)
Processed /remote/gpu01a/heneka/21cmlightcones/pure_simulations/run4100.npz with redshifts shape: [ 5.1845624   5.50079886  6.00110296  6.4995759   7.0012311   7.49814312
  8.00003528  8.5013829   9.00136718  9.50007879  9.99866192 10.49944896
 10.99882711 11.50050378 12.00149043 12.4984906  12.99706535 13.50447372
 13.99931967 14.4986039  15.0008706  15.50452119 15.99556738 16.49608872
 17.00571885 17.49619773 18.00702224 18.49412666 19.00022787 19.49385581]
Processed /remote/gpu01a/heneka/21cmlightcones/pure_simulations/run1534.npz with power spectra shape: (30, 10, 10)
Processed /remote/gpu01a/heneka/21cmlightcones/pure_simulations/run1534.npz with redshifts shape: [ 5.1544023   5.50079301  6.00030845  6.50140708  7.00109655  7.50099015
  8.00131348  8.49960556  8.99851574  9.49773694  9.99776418 10.50001322
 11.00084854 11.50269987 12.00232232 12.50341269 13.00332453 13.49916517
 13.99630771 14.50160901 14.9954006  15.50338059 15.99489188 16.19141077
 16.19141077 16.19141077 16.19141077 16.19141077 16.19141077 16.19141077]
Processed /remote/gpu01a/heneka/21cmlightcones/pure_simulations/run3106.npz with power spectra shape: (30, 10, 10)
Processed /remote/gpu01a/heneka/21cmlightcones/pure_simulations/run3106.npz with redshifts shape: [ 5.20004921  5.50037133  5.99844705  6.50094148  6.99901792  7.50111866
  8.0005748   8.50079745  9.00181848  9.49830216  9.99807913 10.49742829
 11.00004581 11.50283332 12.00234765 12.50420512 12.99599447 13.50470172
 13.99762492 14.50456931 15.00128719 15.49690007 16.00264974 16.50429515
 16.99956326 17.50110882 17.99257361 18.50390977 19.00230156 19.50248875]
Processed /remote/gpu01a/heneka/21cmlightcones/pure_simulations/run2036.npz with power spectra shape: (30, 10, 10)
Processed /remote/gpu01a/heneka/21cmlightcones/pure_simulations/run2036.npz with redshifts shape: [ 5.16063417  5.49905144  5.99956568  6.49969324  6.99947048  7.50127063
  8.0019862   8.49885964  8.99927397  9.49864523  9.99734398 10.50263932
 10.99913448 11.50150881 12.00035141 12.49941081 13.00381586 13.50335477
 14.00355154 14.50218916 14.99686987 15.49522279 15.99590707 16.49746192
 16.99830986 17.18578838 17.18578838 17.18578838 17.18578838 17.18578838]
Processed /remote/gpu01a/heneka/21cmlightcones/pure_simulations/run4527.npz with power spectra shape: (30, 10, 10)
Processed /remote/gpu01a/heneka/21cmlightcones/pure_simulations/run4527.npz with redshifts shape: [ 5.19436106  5.5008876   6.00141678  6.50081415  7.00093059  7.50219748
  8.00206147  8.49859429  9.0023013   9.49690216 10.00219059 10.50168377
 10.99767126 11.50202263 12.00430048 12.50091492 12.99760744 13.50190499
 14.00186703 14.49445501 14.9999528  15.50592882 15.99758674 16.49809808
 17.00701006 17.49451422 18.00211244 18.49921144 18.99963997 19.50252339]
Processed /remote/gpu01a/heneka/21cmlightcones/pure_simulations/run2379.npz with power spectra shape: (30, 10, 10)
Processed /remote/gpu01a/heneka/21cmlightcones/pure_simulations/run2379.npz with redshifts shape: [ 5.21556611  5.49996666  6.00013511  6.50112022  7.00206186  7.49899031
  7.99944257  8.49750197  8.99928945  9.50019477 10.00243396 10.50176256
 11.00193096 11.49938208 11.9997419  12.50041695 12.9985482  13.5022637
 13.99813738 14.4950331  15.00401041 15.49749357 15.99989557 16.49577881
 16.99814119 17.50625326 18.002427   18.50129698 19.00186364 19.503054  ]
Processed /remote/gpu01a/heneka/21cmlightcones/pure_simulations/run3185.npz with power spectra shape: (30, 10, 10)
Processed /remote/gpu01a/heneka/21cmlightcones/pure_simulations/run3185.npz with redshifts shape: [ 5.20970485  5.49905425  5.99976878  6.4988995   6.9990735   7.501505
  7.99894596  8.50052316  9.0011564   9.50180774  9.99749868 10.49814924
 11.00075405 11.50193574 11.99796212 12.50442287 12.99947195 13.50035368
 14.00555636 14.50129836 14.99664822 15.50285124 16.00565741 16.502757
 17.00684324 17.50145903 18.00033286 18.50259941 19.00732028 19.49507774]
Processed /remote/gpu01a/heneka/21cmlightcones/pure_simulations/run2158.npz with power spectra shape: (30, 10, 10)
Processed /remote/gpu01a/heneka/21cmlightcones/pure_simulations/run2158.npz with redshifts shape: [ 5.15526044  5.49879494  6.00097154  6.49898213  7.00131559  7.50046507
  7.99965019  8.50067218  8.99788298  9.49992421  9.99761068 10.50272788
 11.00049165 11.49868615 12.00091798 12.49748629 12.9999134  13.49839308
 13.99832322 14.49761965 15.00343817 15.50481843 15.99918075 16.3235172
 16.3235172  16.3235172  16.3235172  16.3235172  16.3235172  16.3235172 ]
Processed /remote/gpu01a/heneka/21cmlightcones/pure_simulations/run4108.npz with power spectra shape: (30, 10, 10)
Processed /remote/gpu01a/heneka/21cmlightcones/pure_simulations/run4108.npz with redshifts shape: [ 5.16957819  5.5012536   6.00118088  6.50066111  7.0002896   7.49923365
  7.99822066  8.49982584  8.99857715  9.49921182  9.99722286 10.50009581
 10.99808317 11.50066896 11.99778404 12.50121587 13.00075893 13.50191017
 14.00243209 14.49988957 15.00194158 15.49647161 16.00304231 16.4980038
 17.00264709 17.50386467 17.99969619 18.5019129  18.76759586 18.76759586]
Processed /remote/gpu01a/heneka/21cmlightcones/pure_simulations/run1270.npz with power spectra shape: (30, 10, 10)
Processed /remote/gpu01a/heneka/21cmlightcones/pure_simulations/run1270.npz with redshifts shape: [ 5.17359998  5.49994519  5.99982498  6.5012984   6.99836644  7.50121327
  7.9992764   8.49879289  8.99924292  9.50095051  9.99922168 10.50164377
 10.99816414 11.49842079 11.99974448 12.49917201 13.00207112 13.49724696
 14.00005561 14.49935903 15.00296218 15.49842986 16.00575692 16.50070092
 17.00502873 17.50529195 17.99945655 18.49954309 19.00494322 19.49971102]
Processed /remote/gpu01a/heneka/21cmlightcones/pure_simulations/run1644.npz with power spectra shape: (30, 10, 10)
Processed /remote/gpu01a/heneka/21cmlightcones/pure_simulations/run1644.npz with redshifts shape: [ 5.20762802  5.5004522   5.99984521  6.50195597  7.00178526  7.49936492
  8.0021658   8.49893233  9.00058094  9.50281057 10.00073305 10.49656432
 11.00216562 11.49840233 11.99843459 12.49984632 12.99996244 13.49586116
 13.99578013 14.49805604 15.00086368 15.50221943 15.99998795 16.50625956
 17.00548204 17.49512632 18.00504168 18.50250738 19.00221566 19.50316578]
Processed /remote/gpu01a/heneka/21cmlightcones/pure_simulations/run2999.npz with power spectra shape: (30, 10, 10)
Processed /remote/gpu01a/heneka/21cmlightcones/pure_simulations/run2999.npz with redshifts shape: [ 5.1722563   5.50134716  6.00039931  6.5012654   7.00173784  7.50087829
  7.99933862  8.49965247  9.00134346  9.4992176   9.99935678 10.4978009
 10.99691442 11.50034004 11.99781502 12.50127642 13.00032435 13.50050921
 13.99952682 14.50483174 15.00474112 15.49639934 15.99964826 16.50238735
 17.00283353 17.49908576 18.00264762 18.49894738 19.00037141 19.28072847]
Processed /remote/gpu01a/heneka/21cmlightcones/pure_simulations/run4912.npz with power spectra shape: (30, 10, 10)
Processed /remote/gpu01a/heneka/21cmlightcones/pure_simulations/run4912.npz with redshifts shape: [ 5.1559219   5.50101052  6.00018227  6.5003169   7.00166177  7.49938625
  8.00068161  8.49967249  8.99899535  9.49830327  9.99806095 10.49966426
 10.99940955 11.49971844 11.99728581 12.50314233 13.0003413  13.50101914
 14.0032666  14.49597021 15.00390881 15.49758448 16.00412363 16.4263683
 16.4263683  16.4263683  16.4263683  16.4263683  16.4263683  16.4263683 ]
Processed /remote/gpu01a/heneka/21cmlightcones/pure_simulations/run2691.npz with power spectra shape: (30, 10, 10)
Processed /remote/gpu01a/heneka/21cmlightcones/pure_simulations/run2691.npz with redshifts shape: [ 5.15791115  5.50019834  6.00034889  6.50098141  6.99886679  7.49920729
  7.99903154  8.50009212  9.00130374  9.50227499  9.99797813 10.50033401
 11.00046449 11.50078848 11.997926   12.50301735 12.99886962 13.49774456
 13.99767909 14.49652456 15.00152805 15.50151649 16.00433236 16.49760538
 16.74115133 16.74115133 16.74115133 16.74115133 16.74115133 16.74115133]
Processed /remote/gpu01a/heneka/21cmlightcones/pure_simulations/run2717.npz with power spectra shape: (30, 10, 10)
Processed /remote/gpu01a/heneka/21cmlightcones/pure_simulations/run2717.npz with redshifts shape: [ 5.15815128  5.50099128  5.99924144  6.50054655  6.9991752   7.50033509
  8.00104814  8.49867671  9.00056324  9.50226503  9.99874466 10.50194065
 11.00295979 11.49759988 12.00234426 12.50104669 12.99756151 13.49714209
 13.99782272 14.49745012 15.00328376 15.5041309  15.99733731 16.5020379
 16.77971996 16.77971996 16.77971996 16.77971996 16.77971996 16.77971996]
Processed /remote/gpu01a/heneka/21cmlightcones/pure_simulations/run2657.npz with power spectra shape: (30, 10, 10)
Processed /remote/gpu01a/heneka/21cmlightcones/pure_simulations/run2657.npz with redshifts shape: [ 5.18001357  5.49930758  5.99930098  6.49887937  6.99926267  7.50025332
  7.99879316  8.50230138  9.00048387  9.49812093 10.00262899 10.49770776
 10.99856342 11.50266877 11.99918878 12.50048873 12.99560035 13.49962947
 14.00164583 14.49896328 14.99960787 15.50205301 16.00463602 16.50556095
 17.00290463 17.49462527 18.0068002  18.49646871 19.00533772 19.50272501]
Processed /remote/gpu01a/heneka/21cmlightcones/pure_simulations/run3150.npz with power spectra shape: (30, 10, 10)
Processed /remote/gpu01a/heneka/21cmlightcones/pure_simulations/run3150.npz with redshifts shape: [ 5.20622625  5.50018968  5.99968259  6.49828017  6.99867888  7.50217953
  8.00175152  8.50075967  8.99909399  9.4977524   9.99899764 10.49890412
 11.00119181 11.50258218 11.99944501 12.49748831 13.00426808 13.4970143
 14.0049096  14.50422481 15.00391209 15.50200285 15.99638049 16.49905299
 16.99458042 17.49596139 18.00245524 18.4964513  18.99254496 19.50784253]
Processed /remote/gpu01a/heneka/21cmlightcones/pure_simulations/run1141.npz with power spectra shape: (30, 10, 10)
Processed /remote/gpu01a/heneka/21cmlightcones/pure_simulations/run1141.npz with redshifts shape: [ 5.20426508  5.49846912  6.00001306  6.50169475  7.00191171  7.50079955
  8.00059327  8.50030211  8.99986331  9.50030975  9.9968825  10.4993345
 10.9967969  11.5016034  12.00266796 12.49610125 12.99792635 13.49625633
 13.99923308 14.50525882 15.00020623 15.50629728 15.9961372  16.49399061
 16.99930801 17.49609684 17.99776007 18.50348947 18.99512172 19.50560559]
Processed /remote/gpu01a/heneka/21cmlightcones/pure_simulations/run2734.npz with power spectra shape: (30, 10, 10)
Processed /remote/gpu01a/heneka/21cmlightcones/pure_simulations/run2734.npz with redshifts shape: [ 5.16432972  5.5006464   5.99887166  6.50127261  6.99903477  7.50117506
  8.00118485  8.50068655  8.99835967  9.49891218  9.9980861  10.49717252
 10.99856761 11.49900307 12.00215794 12.4976332  12.9974936  13.49983314
 14.00254518 14.50332892 14.99969799 15.49942669 16.00111417 16.50323613
 17.00414961 17.5020953  17.81594404 17.81594404 17.81594404 17.81594404]
Processed /remote/gpu01a/heneka/21cmlightcones/pure_simulations/run4804.npz with power spectra shape: (30, 10, 10)
Processed /remote/gpu01a/heneka/21cmlightcones/pure_simulations/run4804.npz with redshifts shape: [ 5.16879091  5.4988321   5.99903442  6.49916581  6.99986163  7.50033339
  8.00134348  8.50080792  9.00230886  9.50083365 10.0024186  10.49701737
 10.99907709 11.49933629 12.00150364 12.50276436 13.0000265  13.49876554
 13.9967565  14.50133473 15.0010863  15.50396101 15.99727626 16.50135822
 17.00377113 17.50267758 17.99613043 18.49584545 18.62038414 18.62038414]
Processed /remote/gpu01a/heneka/21cmlightcones/pure_simulations/run4536.npz with power spectra shape: (30, 10, 10)
Processed /remote/gpu01a/heneka/21cmlightcones/pure_simulations/run4536.npz with redshifts shape: [ 5.15801301  5.50053468  6.0010604   6.49902292  7.00043846  7.50126315
  8.00160494  8.49882987  9.00027484  9.50150165  9.99747912 10.50013425
 11.00058357 11.50124667 11.9987409  12.49678723 13.00046096 13.49975126
 14.00012037 14.49941744 14.9953121  15.49533536 15.99819663 16.5024863
 16.75749622 16.75749622 16.75749622 16.75749622 16.75749622 16.75749622]
Processed /remote/gpu01a/heneka/21cmlightcones/pure_simulations/run2368.npz with power spectra shape: (30, 10, 10)
Processed /remote/gpu01a/heneka/21cmlightcones/pure_simulations/run2368.npz with redshifts shape: [ 5.1604707   5.50105329  6.00127014  6.50105244  7.0004386   7.50180092
  8.00203603  8.49839093  8.99824181  9.5021853  10.00061582 10.49967742
 11.00177984 11.4970768  12.00225725 12.50090734 12.99690577 13.50394776
 14.00365571 14.50178082 14.9959288  15.50391286 16.00447701 16.49475982
 16.99497288 17.15864361 17.15864361 17.15864361 17.15864361 17.15864361]
Processed /remote/gpu01a/heneka/21cmlightcones/pure_simulations/run966.npz with power spectra shape: (30, 10, 10)
Processed /remote/gpu01a/heneka/21cmlightcones/pure_simulations/run966.npz with redshifts shape: [ 5.20375462  5.50037691  6.00084825  6.50132707  7.00021997  7.49766708
  8.00110223  8.49957536  8.99780265  9.49681677  9.99889828 10.5002114
 10.99646792 11.49997241 11.9996684  12.50123156 13.0020757  13.49936977
 14.00123997 14.49433602 14.99983206 15.50463073 16.00666744 16.50373452
 16.99349192 17.50411885 18.00485137 18.49300198 19.00022911 19.49174189]
Processed /remote/gpu01a/heneka/21cmlightcones/pure_simulations/run725.npz with power spectra shape: (30, 10, 10)
Processed /remote/gpu01a/heneka/21cmlightcones/pure_simulations/run725.npz with redshifts shape: [ 5.1988102   5.50028174  5.99864267  6.50181109  7.00105411  7.5001496
  8.00142219  8.49854146  9.00215409  9.50191887  9.9987982  10.50237722
 11.00215325 11.50190913 11.99822796 12.4966945  13.00467481 13.50028026
 14.00081011 14.50474368 14.99836547 15.50334693 16.00623631 16.50491167
 16.99711966 17.49543875 17.99918507 18.50760614 19.00304093 19.5001478 ]
Processed /remote/gpu01a/heneka/21cmlightcones/pure_simulations/run1970.npz with power spectra shape: (30, 10, 10)
Processed /remote/gpu01a/heneka/21cmlightcones/pure_simulations/run1970.npz with redshifts shape: [ 5.15593848  5.50106594  6.00029931  6.50050192  6.99857082  7.49972446
  8.00110527  8.50018663  8.99960523  9.499014    9.9988777  10.50059227
 11.0004533  11.50088279 11.99857453 12.49723182 13.00189424 13.50271075
 13.99651541 14.49794965 14.99658163 15.49987026 15.99620881 16.42895248
 16.42895248 16.42895248 16.42895248 16.42895248 16.42895248 16.42895248]
Processed /remote/gpu01a/heneka/21cmlightcones/pure_simulations/run872.npz with power spectra shape: (30, 10, 10)
Processed /remote/gpu01a/heneka/21cmlightcones/pure_simulations/run872.npz with redshifts shape: [ 5.15810336  5.50083286  5.99890739  6.50001798  6.99843628  7.4993683
  7.99983756  8.50159768  8.99882025  9.50023241 10.00187714 10.49928839
 10.99997619 11.5008951  11.99866001 12.49699338 13.00097383 13.50058373
 14.00128884 14.50093629 14.99719396 15.49759783 16.00085639 16.49458775
 16.7720068  16.7720068  16.7720068  16.7720068  16.7720068  16.7720068 ]
Processed /remote/gpu01a/heneka/21cmlightcones/pure_simulations/run2176.npz with power spectra shape: (30, 10, 10)
Processed /remote/gpu01a/heneka/21cmlightcones/pure_simulations/run2176.npz with redshifts shape: [ 5.19027381  5.49893242  5.99835462  6.50137592  6.99885273  7.49799615
  8.00126975  8.4975646   9.00172198  9.49788643  9.99895519 10.50155124
 11.00186626 11.50364175 12.00371844 12.49862405 13.00344999 13.49731146
 13.99684614 14.50066929 14.99572058 15.50281488 15.99651662 16.49954236
 16.99772705 17.50317595 18.00037884 18.50240064 18.99237026 19.50106793]
Processed /remote/gpu01a/heneka/21cmlightcones/pure_simulations/run3863.npz with power spectra shape: (30, 10, 10)
Processed /remote/gpu01a/heneka/21cmlightcones/pure_simulations/run3863.npz with redshifts shape: [ 5.16966977  5.4988618   5.99879109  6.50160047  7.00160359  7.50095074
  8.00036904  8.49772715  9.00167207  9.49735066 10.0013669  10.4985365
 10.99669712 11.49947282 11.99679031 12.50044164 13.00021646 13.50161417
 14.00239596 14.50012501 15.0024643  15.49729004 16.00417671 16.49945923
 17.00444235 17.50600982 18.00219942 18.50479063 18.7848212  18.7848212 ]
Processed /remote/gpu01a/heneka/21cmlightcones/pure_simulations/run4599.npz with power spectra shape: (30, 10, 10)
Processed /remote/gpu01a/heneka/21cmlightcones/pure_simulations/run4599.npz with redshifts shape: [ 5.2136345   5.49868152  6.00155718  6.4980733   6.99866262  7.5007078
  8.00217274  8.50181017  8.999354    9.50255916 10.00039211 10.5029075
 10.99860605 11.50025003 11.99612591 12.50206426 12.99578092 13.49479362
 13.99752198 14.50221572 14.99403922 15.49613206 15.99394909 16.4998799
 16.99790265 17.50143847 17.99296516 18.50436513 19.00056079 19.49721016]
Processed /remote/gpu01a/heneka/21cmlightcones/pure_simulations/run1116.npz with power spectra shape: (30, 10, 10)
Processed /remote/gpu01a/heneka/21cmlightcones/pure_simulations/run1116.npz with redshifts shape: [ 5.20391927  5.5007957   6.00173417  6.49876229  7.00217596  7.50022089
  7.99909518  8.49781183  9.0024061   9.50218059  9.99803071 10.49969624
 10.9963264  11.50023494 12.0003562  12.50237014 13.0036877  13.50147464
 14.00386497 14.49749345 15.00355754 15.49602008 15.99806895 16.49515975
 16.99966772 17.49562657 17.99641756 18.50123346 18.99194532 19.50144013]
Processed /remote/gpu01a/heneka/21cmlightcones/pure_simulations/run1327.npz with power spectra shape: (30, 10, 10)
Processed /remote/gpu01a/heneka/21cmlightcones/pure_simulations/run1327.npz with redshifts shape: [ 5.17269897  5.49996663  6.00019057  6.49900351  7.00057936  7.50093678
  8.00072537  8.49769088  9.00055223  9.49968215 10.0011749  10.50105782
 11.00170014 11.49952348 11.99825557 12.50306408 13.00352039 13.49615635
 13.99625197 14.50271062 15.00382193 15.49671993 16.00129624 16.50541917
 16.99480322 17.50503026 17.99659056 18.49393993 18.99647122 19.36743658]
Processed /remote/gpu01a/heneka/21cmlightcones/pure_simulations/run4857.npz with power spectra shape: (30, 10, 10)
Processed /remote/gpu01a/heneka/21cmlightcones/pure_simulations/run4857.npz with redshifts shape: [ 5.17290439  5.50058508  6.0014993   6.50106918  6.99976119  7.50065638
  8.00103373  8.49863435  9.00218742  9.50205142  9.99835227 10.49865021
 10.99974323 11.49804902 11.99729794 12.50266297 13.00370358 13.49694588
 13.99768825 14.50483307 14.99617037 15.50027893 16.00562907 16.49855776
 17.00074539 17.49880046 18.00426762 18.50251948 19.00598955 19.40784659]
Processed /remote/gpu01a/heneka/21cmlightcones/pure_simulations/run1113.npz with power spectra shape: (30, 10, 10)
Processed /remote/gpu01a/heneka/21cmlightcones/pure_simulations/run1113.npz with redshifts shape: [ 5.1796252   5.50101528  6.00008802  6.49863474  7.0017294   7.50183753
  7.99940933  8.50185124  8.99889345  9.50109494  9.99849695 10.49883053
 10.99865536 11.50165576 11.99702275 12.49709436 12.99983554 13.50298907
 14.00408081 14.50043109 15.00005176 15.50141943 16.00287507 16.50262787
 16.99876091 17.502773   18.00007243 18.50306121 18.995858   19.50760318]
Processed /remote/gpu01a/heneka/21cmlightcones/pure_simulations/run1030.npz with power spectra shape: (30, 10, 10)
Processed /remote/gpu01a/heneka/21cmlightcones/pure_simulations/run1030.npz with redshifts shape: [ 5.15849104  5.49961261  5.99881769  6.50119784  7.00100558  7.49972989
  8.0015041   8.50027768  8.99865579  9.50132512  9.99883687 10.49729547
 10.99911468 11.50124125 12.00027983 12.4999605  12.99750702 13.49818303
 14.00001777 14.50085265 14.99834793 15.50005813 16.00468844 16.49982118
 16.83449455 16.83449455 16.83449455 16.83449455 16.83449455 16.83449455]
Processed /remote/gpu01a/heneka/21cmlightcones/pure_simulations/run473.npz with power spectra shape: (30, 10, 10)
Processed /remote/gpu01a/heneka/21cmlightcones/pure_simulations/run473.npz with redshifts shape: [ 5.15810711  5.50084526  5.99893348  6.50005936  6.99849407  7.49944389
  7.99993228  8.50171267  8.9989566   9.50039141 10.00205992 10.49949582
 11.00020953 11.50115542 11.99894799 12.49731038 13.00132091 13.5009618
 14.00169879 14.50137915 14.99767021 15.49810866 16.00140286 16.49517022
 16.77260992 16.77260992 16.77260992 16.77260992 16.77260992 16.77260992]
Processed /remote/gpu01a/heneka/21cmlightcones/pure_simulations/run4911.npz with power spectra shape: (30, 10, 10)
Processed /remote/gpu01a/heneka/21cmlightcones/pure_simulations/run4911.npz with redshifts shape: [ 5.16642071  5.49940861  6.00115658  6.50071156  7.00141617  7.4986682
  8.00077547  8.50218946  9.00152811  9.49815324  9.99805613 10.49751919
 10.99893297 11.49895289 12.00127048 12.50314368 13.00155553 13.50193652
 14.00212216 14.49975419 15.00238005 15.49813646 15.99520157 16.50354923
 16.99889939 17.50305158 18.00256192 18.18682547 18.18682547 18.18682547]
Processed /remote/gpu01a/heneka/21cmlightcones/pure_simulations/run2427.npz with power spectra shape: (30, 10, 10)
Processed /remote/gpu01a/heneka/21cmlightcones/pure_simulations/run2427.npz with redshifts shape: [ 5.19878318  5.50021119  5.99849385  6.50157525  7.00072443  7.4997189
  8.00088293  8.49788772  9.00137763  9.50101413  9.99775953 10.50119664
 11.00082579 11.50042882 11.99659018 12.50421654 13.00270037 13.49813198
 13.99848065 14.50222651 14.99565933 15.50044226 16.00312876 16.5015981
 16.99359766 17.50666352 17.99522467 18.50341613 18.99862242 19.49549548]
Processed /remote/gpu01a/heneka/21cmlightcones/pure_simulations/run5003.npz with power spectra shape: (30, 10, 10)
Processed /remote/gpu01a/heneka/21cmlightcones/pure_simulations/run5003.npz with redshifts shape: [ 5.19084149  5.50047721  6.00162388  6.49912373  7.00199474  7.49849267
  7.99847752  8.50134602  9.00163643  9.49930951 10.00201    10.49930474
 11.00099328 11.49625774 11.99740363 12.50239859 12.99950514 13.50461907
 13.99555471 14.50083399 14.99738684 15.49398653 16.00142882 16.50619003
 17.00616078 17.49910821 17.99763934 18.50105907 18.99244796 19.50267488]
Processed /remote/gpu01a/heneka/21cmlightcones/pure_simulations/run3533.npz with power spectra shape: (30, 10, 10)
Processed /remote/gpu01a/heneka/21cmlightcones/pure_simulations/run3533.npz with redshifts shape: [ 5.17041518  5.50114248  6.00062327  6.49927996  7.00132505  7.49891166
  8.00041527  8.50003182  9.00133615  9.49922967  9.99976766 10.49906869
 10.99950774 11.4975901  11.99702786 12.50295436 12.99665512 13.50010525
 14.00304931 14.50303688 14.99742924 15.50504757 16.00323244 16.50068058
 16.99563367 17.49906127 17.99717459 18.50179861 18.92588809 18.92588809]
Processed /remote/gpu01a/heneka/21cmlightcones/pure_simulations/run2197.npz with power spectra shape: (30, 10, 10)
Processed /remote/gpu01a/heneka/21cmlightcones/pure_simulations/run2197.npz with redshifts shape: [ 5.19127035  5.49863741  6.00073517  6.49929472  6.99924994  7.50112483
  7.99761239  8.50156779  8.99730444  9.50195141  9.99939386 10.49764951
 11.0003778  11.49673669 11.99905706 12.49632564 13.00370545 13.50020277
 14.00254    14.49827738 14.99583448 15.50561949 16.00205947 16.49474035
 16.99534855 17.5033644  18.00319753 18.49238849 19.00074254 19.4956315 ]
Processed /remote/gpu01a/heneka/21cmlightcones/pure_simulations/run4609.npz with power spectra shape: (30, 10, 10)
Processed /remote/gpu01a/heneka/21cmlightcones/pure_simulations/run4609.npz with redshifts shape: [ 5.16586675  5.50029236  6.00040589  6.50138705  7.00043083  7.49977324
  8.00025022  8.49989603  9.00230934  9.50263854 10.00115247 10.4991202
 10.99892683 11.49724066 11.99774251 12.49770157 13.00234552 13.50106907
 13.99951185 14.49532584 14.99603174 15.50034282 15.99582678 16.50248355
 16.99611496 17.49844724 17.99608525 18.08753142 18.08753142 18.08753142]
Processed /remote/gpu01a/heneka/21cmlightcones/pure_simulations/run4003.npz with power spectra shape: (30, 10, 10)
Processed /remote/gpu01a/heneka/21cmlightcones/pure_simulations/run4003.npz with redshifts shape: [ 5.18848205  5.49998274  6.00127247  6.49971017  7.00026192  7.4991165
  7.9976145   8.49924862  8.99867184  9.50195945  9.99849668 10.50318465
 10.99880278 11.50345571 11.99873091 12.4974577  12.99739113 13.49605666
 14.00111878 14.50035274 15.00208711 15.5046558  16.00625028 16.50492592
 16.99860895 17.49929616 18.00640394 18.50390458 19.00524887 19.49305215]
Processed /remote/gpu01a/heneka/21cmlightcones/pure_simulations/run2386.npz with power spectra shape: (30, 10, 10)
Processed /remote/gpu01a/heneka/21cmlightcones/pure_simulations/run2386.npz with redshifts shape: [ 5.21612215  5.50130095  5.99917229  6.50138336  6.99905752  7.50207561
  7.99861243  8.49791426  9.0010552   9.50341109  9.99975186 10.50020323
 11.001577   11.50030529 12.00202696 12.50414096 13.00377811 13.49781599
 13.99474763 14.50521857 15.00294893 15.49766178 16.00137342 16.49860586
 17.00239131 17.49574823 17.99277726 18.49255191 18.99407039 19.49625793]
Processed /remote/gpu01a/heneka/21cmlightcones/pure_simulations/run4627.npz with power spectra shape: (30, 10, 10)
Processed /remote/gpu01a/heneka/21cmlightcones/pure_simulations/run4627.npz with redshifts shape: [ 5.16720213  5.49921456  6.00044798  6.49910244  6.99849337  7.5018165
  7.99808335  8.50170105  8.99840754  9.50258824  9.99944591 10.50141445
 10.99891651 11.50134162 11.99879396 12.50293187 13.00372248 13.49787131
 14.00023851 14.50015599 14.99506541 15.50346112 16.00314204 16.50266809
 17.00034027 17.49434483 17.99587532 18.32819436 18.32819436 18.32819436]
Processed /remote/gpu01a/heneka/21cmlightcones/pure_simulations/run4620.npz with power spectra shape: (30, 10, 10)
Processed /remote/gpu01a/heneka/21cmlightcones/pure_simulations/run4620.npz with redshifts shape: [ 5.15886593  5.50084413  5.99862525  6.49912156  6.99994811  7.49979682
  7.99873888  8.49850084  8.99795584  9.50179941 10.00055838 10.50034952
 10.99733391 11.50056767 12.00077671 12.50169807 13.00054692 13.5025997
 13.99713262 14.49903123 14.99763862 15.50052507 15.99583793 16.50279347
 16.8952178  16.8952178  16.8952178  16.8952178  16.8952178  16.8952178 ]
Processed /remote/gpu01a/heneka/21cmlightcones/pure_simulations/run4645.npz with power spectra shape: (30, 10, 10)
Processed /remote/gpu01a/heneka/21cmlightcones/pure_simulations/run4645.npz with redshifts shape: [ 5.21662806  5.49911847  6.00173079  6.50122435  7.00007911  7.4993294
  8.00233581  8.49715475  9.00143585  9.498056   10.00265541 10.4965185
 10.99883828 11.49857581 12.00138023 12.50464408 12.99477335 13.50078549
 13.99904335 14.49844898 14.99702171 15.50633325 15.99728287 16.49550202
 17.00033516 17.4947638  17.99291823 18.49386951 18.99661414 19.5000742 ]
Processed /remote/gpu01a/heneka/21cmlightcones/pure_simulations/run1755.npz with power spectra shape: (30, 10, 10)
Processed /remote/gpu01a/heneka/21cmlightcones/pure_simulations/run1755.npz with redshifts shape: [ 5.21191776  5.50118132  6.00017647  6.50066355  7.00191199  7.5001259
  7.99741345  8.49840957  8.99793398  9.49691194  9.99757198 10.50359861
 11.00362386 11.50149838 12.00279866 12.49508503 12.99488874 13.50085702
 13.99982792 14.50055224 15.00112875 15.49949756 15.99344739 16.49527202
 17.00437142 17.50412009 17.99179585 18.49903039 19.00894635 19.50191497]
Processed /remote/gpu01a/heneka/21cmlightcones/pure_simulations/run4668.npz with power spectra shape: (30, 10, 10)
Processed /remote/gpu01a/heneka/21cmlightcones/pure_simulations/run4668.npz with redshifts shape: [ 5.20540448  5.50134951  5.99892061  6.49937729  6.99783475  7.49919353
  8.00170253  8.49867183  9.00095035  9.49772183  9.99693008 10.50223809
 11.00271206 11.5021705  11.99700223 12.50252285 12.99737141 13.49848097
 14.00440954 14.50169259 14.99924996 15.49512325 16.00081246 16.5016677
 16.9953223  17.49472776 17.9991444  18.50776098 19.00230627 19.49788498]
Processed /remote/gpu01a/heneka/21cmlightcones/pure_simulations/run3883.npz with power spectra shape: (30, 10, 10)
Processed /remote/gpu01a/heneka/21cmlightcones/pure_simulations/run3883.npz with redshifts shape: [ 5.17473704  5.5005988   6.00088334  6.49906752  6.99928183  7.50151669
  7.99850365  8.50132783  9.00011982  9.49963989 10.00116622 10.50064126
 11.00042519 11.49686334 12.00144682 12.4961041  13.00218793 13.50067263
 13.9973979  14.49989178 14.99627868 15.49472463 16.00524971 16.50345634
 16.99860414 17.50191204 17.99921217 18.50259998 18.99665115 19.49437801]
Processed /remote/gpu01a/heneka/21cmlightcones/pure_simulations/run3083.npz with power spectra shape: (30, 10, 10)
Processed /remote/gpu01a/heneka/21cmlightcones/pure_simulations/run3083.npz with redshifts shape: [ 5.15520366  5.50105366  6.00056766  6.50137368  7.00042291  7.49929843
  7.99819041  8.49889933  9.00043318  9.50247848 10.00016052 10.49952651
 11.00300708 11.50117231 12.00336668 12.49989014 13.00226425 13.50068394
 14.00054648 14.49976823 14.99608864 15.49693324 16.00106218 16.31472779
 16.31472779 16.31472779 16.31472779 16.31472779 16.31472779 16.31472779]
Processed /remote/gpu01a/heneka/21cmlightcones/pure_simulations/run3273.npz with power spectra shape: (30, 10, 10)
Processed /remote/gpu01a/heneka/21cmlightcones/pure_simulations/run3273.npz with redshifts shape: [ 5.16562396  5.49952973  5.99879295  6.49883745  7.00042157  7.49900572
  7.99865608  8.50200908  8.99886792  9.49818196 10.00134903 10.49858127
 10.99760145 11.50201732 12.0020581  12.50151957 12.99740337 13.5037788
 14.00161805 14.49679769 14.99682901 15.50042667 15.99517708 16.50105078
 17.00587496 17.49537992 18.0051553  18.04423656 18.04423656 18.04423656]
Processed /remote/gpu01a/heneka/21cmlightcones/pure_simulations/run4410.npz with power spectra shape: (30, 10, 10)
Processed /remote/gpu01a/heneka/21cmlightcones/pure_simulations/run4410.npz with redshifts shape: [ 5.16919118  5.50006314  5.9986661   6.49998923  6.99836799  7.49992657
  8.00212859  8.49818623  9.00070283  9.50032273  9.99724544 10.49894188
 11.00235018 11.49694827 12.00018838 12.50258683 13.0010428  13.5010431
 14.00035589 14.49655401 14.99727723 15.50118275 15.99555995 16.50077813
 17.00437404 17.50450486 17.99921651 18.50025399 18.695025   18.695025  ]
Processed /remote/gpu01a/heneka/21cmlightcones/pure_simulations/run3378.npz with power spectra shape: (30, 10, 10)
Processed /remote/gpu01a/heneka/21cmlightcones/pure_simulations/run3378.npz with redshifts shape: [ 5.19698757  5.4986213   5.99897188  6.50124296  6.99993114  7.49883284
  8.00030088  8.49811005  9.00285524  9.49799167  9.9967365  10.50273382
 10.99787079 11.50093279 12.00130435 12.50455476 12.99849554 13.49945639
 13.99530284 14.50566042 14.99475826 15.49489765 16.00581378 16.49986543
 17.0015453  17.49545227 17.99455523 18.49810575 19.00528739 19.49790416]
Processed /remote/gpu01a/heneka/21cmlightcones/pure_simulations/run54.npz with power spectra shape: (30, 10, 10)
Processed /remote/gpu01a/heneka/21cmlightcones/pure_simulations/run54.npz with redshifts shape: [ 5.18797789  5.49859462  6.0016339   6.49873167  7.00183122  7.49945882
  8.00142014  8.50199676  9.00026852  9.5022987   9.99750223 10.50074201
 11.00224263 11.49787513 11.99980263 12.49723552 12.9957983  13.50284528
 13.99655759 14.50506643 15.00567281 15.49512548 15.99492733 16.50478028
 16.99712483 17.49639944 18.00202017 18.4980077  18.99777373 19.50050219]
Processed /remote/gpu01a/heneka/21cmlightcones/pure_simulations/run1640.npz with power spectra shape: (30, 10, 10)
Processed /remote/gpu01a/heneka/21cmlightcones/pure_simulations/run1640.npz with redshifts shape: [ 5.20894192  5.50045247  5.99944845  6.50073144  6.99921887  7.49978751
  8.00055331  8.50039956  8.99916324  9.49780675  9.99857556 10.49744848
 10.99815033 11.49731879 12.00049114 12.49544192 12.9985096  13.49749922
 14.00069701 14.49437917 15.00021151 15.50473052 16.00578297 16.50107088
 17.00324187 17.49590289 17.99273068 18.49286257 18.99536395 19.4992286 ]
Processed /remote/gpu01a/heneka/21cmlightcones/pure_simulations/run50.npz with power spectra shape: (30, 10, 10)
Processed /remote/gpu01a/heneka/21cmlightcones/pure_simulations/run50.npz with redshifts shape: [ 5.17240869  5.49909259  6.00137325  6.49944389  7.00019076  7.49964147
  7.99844727  8.49914233  9.0012496   9.49956958 10.00018858 10.49914216
 10.99879639 11.50279756 12.00087062 12.49686574 12.99611691 13.49652504
 13.99578427 14.50135293 15.00154193 15.50443856 15.99705958 16.50013354
 17.00093076 17.49754827 18.00149758 18.49819569 19.00003896 19.31051798]
Processed /remote/gpu01a/heneka/21cmlightcones/pure_simulations/run2534.npz with power spectra shape: (30, 10, 10)
Processed /remote/gpu01a/heneka/21cmlightcones/pure_simulations/run2534.npz with redshifts shape: [ 5.18879913  5.50085579  5.99980546  6.49895156  7.00029578  7.50001852
  7.99945975  8.50211709  9.00263109  9.50100592  9.99832861 10.49690419
 11.00038531 11.49810685 12.00228044 12.5020667  13.0031131  13.50293885
 13.99884189 14.49881156 15.00132438 15.50471162 15.99463457 16.49364109
 17.00132163 17.50297245 17.99628581 18.49422781 18.99604453 19.50091637]
Processed /remote/gpu01a/heneka/21cmlightcones/pure_simulations/run615.npz with power spectra shape: (30, 10, 10)
Processed /remote/gpu01a/heneka/21cmlightcones/pure_simulations/run615.npz with redshifts shape: [ 5.19479918  5.49899732  6.00047318  6.50093138  6.99804904  7.50020466
  8.00104828  8.49864403  8.9976898   9.49935044  9.99925649 10.49969548
 10.99669132 11.50213685 11.99693442 12.50339686 13.00136305 13.49684153
 13.99767937 14.50242369 14.99766901 15.50468724 15.9974069  16.49904777
 16.99507916 17.49785597 18.00674487 18.50515434 19.00694762 19.49413204]
Processed /remote/gpu01a/heneka/21cmlightcones/pure_simulations/run3483.npz with power spectra shape: (30, 10, 10)
Processed /remote/gpu01a/heneka/21cmlightcones/pure_simulations/run3483.npz with redshifts shape: [ 5.17939387  5.50034474  5.99867253  6.49989469  6.99859862  7.50195796
  7.99887989  8.50061077  9.00226919  9.49828275 10.00102208 10.50086998
 11.00017095 11.50260591 11.99737924 12.49681533 12.99888172 13.50132426
 14.00167337 14.4972546  14.99606794 15.49659238 15.99717241 16.49602089
 17.0041983  17.49426222 18.00464043 18.50715788 18.99947093 19.49491248]
Processed /remote/gpu01a/heneka/21cmlightcones/pure_simulations/run1370.npz with power spectra shape: (30, 10, 10)
Processed /remote/gpu01a/heneka/21cmlightcones/pure_simulations/run1370.npz with redshifts shape: [ 5.1790584   5.49937233  5.99976645  6.50013581  7.00174016  7.5002197
  8.0006089   8.50151973  9.00228644  9.49734948  9.99905742 10.49781334
 11.00300622 11.49716775 11.99861387 12.49717006 12.9983006  13.49975585
 13.99907259 14.503929   15.0021207  15.50198267 16.00186146 16.4999737
 16.99441044 17.4966312  18.00614379 18.49316565 18.99918063 19.49367756]
Processed /remote/gpu01a/heneka/21cmlightcones/pure_simulations/run4420.npz with power spectra shape: (30, 10, 10)
Processed /remote/gpu01a/heneka/21cmlightcones/pure_simulations/run4420.npz with redshifts shape: [ 5.174856    5.50095319  5.9985583   6.50024961  7.00093625  7.49957357
  8.00121045  8.49976452  8.99878144  9.49854958 10.00034728 10.50011449
 11.00021193 11.49698208 12.00192378 12.49695196 13.00343524 13.50233271
 13.99948803 14.50243579 14.99928925 15.49822143 15.99764966 16.49586291
 17.00367458 17.49436074 18.00541532 18.495129   19.00404968 19.50239707]
Processed /remote/gpu01a/heneka/21cmlightcones/pure_simulations/run4033.npz with power spectra shape: (30, 10, 10)
Processed /remote/gpu01a/heneka/21cmlightcones/pure_simulations/run4033.npz with redshifts shape: [ 5.21144567  5.50002587  6.00144322  6.50091901  7.00104517  7.49803878
  7.99939953  8.49942233  8.99789183  9.50253046 10.00246133 10.49988836
 10.99853936 11.50379883 12.00410801 12.4953609  13.00451904 13.49884008
 13.99658538 14.49602227 14.99525561 15.50562147 15.99874216 16.49967982
 16.99257381 17.50661073 17.9932971  18.49945971 19.00825472 19.50009896]
Processed /remote/gpu01a/heneka/21cmlightcones/pure_simulations/run3923.npz with power spectra shape: (30, 10, 10)
Processed /remote/gpu01a/heneka/21cmlightcones/pure_simulations/run3923.npz with redshifts shape: [ 5.18379924  5.49864833  5.99978538  6.4995609   6.99907083  7.49797297
  7.99771247  8.50182855  8.99972603  9.50211991  9.99873932 10.49741473
 11.00178184 11.50152911 12.00046751 12.50394712 13.00073022 13.49659919
 13.99906652 14.49624516 14.99629247 15.4976176  15.99849136 16.49705038
 17.00459328 17.50682899 18.00153903 18.50138433 19.00566054 19.49743546]
Processed /remote/gpu01a/heneka/21cmlightcones/pure_simulations/run880.npz with power spectra shape: (30, 10, 10)
Processed /remote/gpu01a/heneka/21cmlightcones/pure_simulations/run880.npz with redshifts shape: [ 5.17992803  5.49906087  5.99877887  6.50155939  6.99810863  7.49874357
  8.00150658  8.50000642  8.99776318  9.50074749  9.99898374 10.50021429
 11.0009918  11.49747729 12.00142694 12.50261465 12.99760488 13.5014994
 14.00337149 14.50053549 15.00101545 15.5032854  16.00568313 16.49393867
 17.00355501 17.49506639 18.00701367 18.49645571 19.00508006 19.50221926]
Processed /remote/gpu01a/heneka/21cmlightcones/pure_simulations/run1184.npz with power spectra shape: (30, 10, 10)
Processed /remote/gpu01a/heneka/21cmlightcones/pure_simulations/run1184.npz with redshifts shape: [ 5.17316838  5.49865282  6.00013603  6.50034984  6.9997581   7.50144438
  7.99824977  8.50120362  9.00056525  9.50109099  9.99810097 10.49916494
 11.00107594 11.50024403 12.00040506 12.49860396 13.00019644 13.50307302
 13.9953859  14.50320064 14.99522154 15.50006665 15.99469099 16.49990628
 17.00292951 17.5018461  17.99462943 18.49326771 18.99715321 19.45997803]
Processed /remote/gpu01a/heneka/21cmlightcones/pure_simulations/run36.npz with power spectra shape: (30, 10, 10)
Processed /remote/gpu01a/heneka/21cmlightcones/pure_simulations/run36.npz with redshifts shape: [ 5.17752422  5.5005142   5.99971092  6.49908925  6.99994926  7.49801753
  7.99832996  8.49955363  9.00107018  9.49740649 10.00084314 10.50190114
 11.00293684 11.50019742 11.99744286 12.49991303 12.99682494 13.50311122
 13.99825413 14.49867657 15.00304285 15.49860669 16.00577935 16.49974444
 17.00272543 17.50094444 18.00622381 18.50351668 19.00555932 19.4960215 ]
Processed /remote/gpu01a/heneka/21cmlightcones/pure_simulations/run4321.npz with power spectra shape: (30, 10, 10)
Processed /remote/gpu01a/heneka/21cmlightcones/pure_simulations/run4321.npz with redshifts shape: [ 5.21350786  5.49837587  6.00090791  6.50119669  7.00179801  7.49883566
  7.99982879  8.49896633  9.00236105  9.49862784 10.00323588 10.49777888
 11.00122514 11.50273392 11.99846176 12.50423469 12.99777612 13.49659822
 13.99912097 14.50359493 14.99519144 15.49703978 15.99460189 16.50026121
 16.99800422 17.501245   17.99247209 18.50354858 18.99941876 19.49573086]
Processed /remote/gpu01a/heneka/21cmlightcones/pure_simulations/run3210.npz with power spectra shape: (30, 10, 10)
Processed /remote/gpu01a/heneka/21cmlightcones/pure_simulations/run3210.npz with redshifts shape: [ 5.18617925  5.49949699  6.00092215  6.50027026  6.99855326  7.49970083
  8.00150034  8.50232433  9.00130458  9.49849248 10.00143142 10.50002179
 10.99657965 11.50259518 11.99991829 12.50125636 13.00442704 13.49728585
 13.99615486 14.49971241 14.99521141 15.50305649 15.99838533 16.50346465
 17.00445972 17.49922099 18.00007998 18.50639151 19.00166532 19.49969991]
Processed /remote/gpu01a/heneka/21cmlightcones/pure_simulations/run185.npz with power spectra shape: (30, 10, 10)
Processed /remote/gpu01a/heneka/21cmlightcones/pure_simulations/run185.npz with redshifts shape: [ 5.21409423  5.49979193  6.00016474  6.50178791  6.99928259  7.50249557
  7.99976238  8.50029505  8.99881046  9.50307754 10.00203742 10.49787761
 11.00273345 11.49679517 12.0030195  12.50042962 12.99512843 13.49518927
 13.9990293  14.50489424 14.99791149 15.50127526 16.00040401 16.4929115
 17.00715622 17.49606918 18.00518969 18.50075798 18.99788353 19.49550152]
Processed /remote/gpu01a/heneka/21cmlightcones/pure_simulations/run975.npz with power spectra shape: (30, 10, 10)
Processed /remote/gpu01a/heneka/21cmlightcones/pure_simulations/run975.npz with redshifts shape: [ 5.16160398  5.49964201  6.00052672  6.50074656  7.00029401  7.50151556
  8.0012455   8.50115958  9.0000345   9.50257435  9.99907137 10.50165297
 11.00116378 11.50001234 12.00185251 12.49649125 13.00384748 13.49801516
 14.00101652 14.50259823 15.00034376 15.50192697 15.99526274 16.49986985
 17.00389694 17.34811594 17.34811594 17.34811594 17.34811594 17.34811594]
Processed /remote/gpu01a/heneka/21cmlightcones/pure_simulations/run3740.npz with power spectra shape: (30, 10, 10)
Processed /remote/gpu01a/heneka/21cmlightcones/pure_simulations/run3740.npz with redshifts shape: [ 5.19059028  5.49979364  6.0001771   6.5005524   6.99880018  7.49879408
  7.99812897  8.50028831  8.9998193   9.50282137  9.998519   10.50193826
 11.00312747 11.49786183 11.99843393 12.50281396 12.99927965 13.50370692
 14.00441785 14.49846541 14.99424278 15.5021189  15.99661822 16.50049317
 16.99955452 17.50592885 18.00407661 18.50708697 18.99805472 19.50782232]
Processed /remote/gpu01a/heneka/21cmlightcones/pure_simulations/run3322.npz with power spectra shape: (30, 10, 10)
Processed /remote/gpu01a/heneka/21cmlightcones/pure_simulations/run3322.npz with redshifts shape: [ 5.19547724  5.50079896  6.00086223  6.49935962  6.99810298  7.50206362
  7.99986957  8.49914268  9.00000758  9.49733939  9.99887669 10.50106607
 10.99991377 11.49918199 12.00421786 12.50372215 13.0034642  13.50080259
 14.00361304 14.49914848 14.99597655 15.50469599 15.99914588 16.50262524
 17.00054979 17.5053209  18.00097461 18.50089917 19.00428208 19.4930704 ]
Processed /remote/gpu01a/heneka/21cmlightcones/pure_simulations/run3769.npz with power spectra shape: (30, 10, 10)
Processed /remote/gpu01a/heneka/21cmlightcones/pure_simulations/run3769.npz with redshifts shape: [ 5.16704218  5.49871743  5.99939404  6.50069591  6.99975181  7.49876962
  7.99854959  8.50170903  8.99792627  9.50157328  9.9978694  10.49923566
 11.00268458 11.49786129 12.0020327  12.49801647 12.99804205 13.50013907
 14.00213523 14.50166083 14.99616114 15.50411468 16.00333959 16.50238911
 16.99956616 17.5056563  17.99405097 18.29912637 18.29912637 18.29912637]
Processed /remote/gpu01a/heneka/21cmlightcones/pure_simulations/run4694.npz with power spectra shape: (30, 10, 10)
Processed /remote/gpu01a/heneka/21cmlightcones/pure_simulations/run4694.npz with redshifts shape: [ 5.18339322  5.50038922  6.0005811   6.49929955  7.00157488  7.49957642
  7.99832153  8.50134357  8.99807337  9.49920354 10.00082315 10.49851499
 11.00181696 11.50044042 11.99819006 12.50040413 12.99587458 13.49995196
 14.00146817 14.49765348 14.99664997 15.49687074 15.9965908  16.49395236
 17.0002266  17.50115834 17.99453732 18.49299138 18.9958174  19.50225014]
Processed /remote/gpu01a/heneka/21cmlightcones/pure_simulations/run4317.npz with power spectra shape: (30, 10, 10)
Processed /remote/gpu01a/heneka/21cmlightcones/pure_simulations/run4317.npz with redshifts shape: [ 5.16463302  5.49901304  6.00090217  6.50127562  6.99999135  7.49931292
  8.00011146  8.50047522  8.99907917  9.50063839 10.00088493 10.50111098
 10.9972325  11.49853061 12.00260793 12.49904447 12.99992726 13.50334614
 13.99812523 14.49962743 14.99674963 15.49727744 15.99980719 16.50281272
 17.00464644 17.50354553 17.86907381 17.86907381 17.86907381 17.86907381]
Processed /remote/gpu01a/heneka/21cmlightcones/pure_simulations/run2947.npz with power spectra shape: (30, 10, 10)
Processed /remote/gpu01a/heneka/21cmlightcones/pure_simulations/run2947.npz with redshifts shape: [ 5.1757897   5.50096624  6.00133244  6.499252    6.99883394  7.50002429
  7.99996803  8.50116074  8.99776551  9.50019868  9.99879144 10.50118592
 10.9971674  11.49645727 11.99631826 12.5019728  13.0027735  13.50434743
 14.00430807 14.50006699 14.99949891 15.50114441 16.00341125 16.50457665
 17.00279237 17.4960922  17.99618319 18.50251383 18.99956672 19.5004302 ]
Processed /remote/gpu01a/heneka/21cmlightcones/pure_simulations/run1492.npz with power spectra shape: (30, 10, 10)
Processed /remote/gpu01a/heneka/21cmlightcones/pure_simulations/run1492.npz with redshifts shape: [ 5.20760837  5.50040308  5.99974141  6.50179174  7.00155566  7.49906525
  8.0017903   8.49847706  9.00004069  9.50218056 10.00000971 10.50339478
 11.00124155 11.4973727  11.99729461 12.49859148 12.99858942 13.50520002
 14.00555867 14.49630574 14.9989795  15.50019804 15.99782687 16.50395287
 17.00302842 17.49252523 18.00228355 18.49959292 18.99914087 19.49992712]
Processed /remote/gpu01a/heneka/21cmlightcones/pure_simulations/run3992.npz with power spectra shape: (30, 10, 10)
Processed /remote/gpu01a/heneka/21cmlightcones/pure_simulations/run3992.npz with redshifts shape: [ 5.17160669  5.4993804   5.99926657  6.50139517  6.99992536  7.50097931
  8.00189893  8.50048208  9.00029071  9.5016859  10.00006579 10.50296974
 11.00049403 11.50220357 11.99787338 12.49939934 12.9964233  13.50344991
 14.00070447 14.50413037 15.00208981 15.50263655 16.00424623 16.50526749
 17.0039257  17.49832871 17.99993748 18.49423812 18.99356858 19.15447489]
Processed /remote/gpu01a/heneka/21cmlightcones/pure_simulations/run4757.npz with power spectra shape: (30, 10, 10)
Processed /remote/gpu01a/heneka/21cmlightcones/pure_simulations/run4757.npz with redshifts shape: [ 5.18993146  5.50098683  5.99971728  6.49825423  6.99856164  7.5012083
  7.99898251  8.49943114  9.00280818  9.49814069  9.99830606 10.49993373
 10.99922451 11.49991332 11.99884927 12.50148154 12.99613153 13.49861897
 13.99731107 14.50023973 14.99436954 15.50047668 16.00577494 16.49513856
 17.00595801 17.49652902 17.99256128 18.49336195 18.99817353 19.50617324]
Processed /remote/gpu01a/heneka/21cmlightcones/pure_simulations/run3276.npz with power spectra shape: (30, 10, 10)
Processed /remote/gpu01a/heneka/21cmlightcones/pure_simulations/run3276.npz with redshifts shape: [ 5.16735435  5.49968747  6.0014506   6.50068469  7.00070684  7.50078101
  8.00170654  8.5014581   8.99861128  9.49788461 10.00065248 10.49699068
 11.00125577 11.49729081 12.00239199 12.49934388 13.00039854 13.50358149
 13.99750189 14.4977445  15.00314181 15.50176238 16.00182749 16.50175673
 16.99984915 17.49428922 17.99627991 18.35590205 18.35590205 18.35590205]
Processed /remote/gpu01a/heneka/21cmlightcones/pure_simulations/run3886.npz with power spectra shape: (30, 10, 10)
Processed /remote/gpu01a/heneka/21cmlightcones/pure_simulations/run3886.npz with redshifts shape: [ 5.16647529  5.49957905  5.99858861  6.5012821   6.99864043  7.49971073
  8.00208169  8.49915448  8.99842003  9.50034416 10.00057361 10.50037831
 11.00214973 11.50254071 11.99785204 12.49969351 12.99807939 13.49843947
 13.99860976 14.49623148 14.99885219 15.50518075 16.00273277 16.50003576
 16.99539994 17.49957144 17.99910571 18.19664418 18.19664418 18.19664418]
Processed /remote/gpu01a/heneka/21cmlightcones/pure_simulations/run292.npz with power spectra shape: (30, 10, 10)
Processed /remote/gpu01a/heneka/21cmlightcones/pure_simulations/run292.npz with redshifts shape: [ 5.1968948   5.50147125  5.99845617  6.50042668  6.99879042  7.50195985
  7.99843446  8.50129972  9.00016607  9.50119731  9.99993326 10.49864596
 11.00101733 11.50403832 12.00435869 12.4983078  13.00141848 13.50229874
 13.99805607 14.49694442 14.99730433 15.49732644 15.99505612 16.50203187
 17.00356776 17.49732449 17.99626736 18.49964823 19.00665041 19.49908507]
Processed /remote/gpu01a/heneka/21cmlightcones/pure_simulations/run4119.npz with power spectra shape: (30, 10, 10)
Processed /remote/gpu01a/heneka/21cmlightcones/pure_simulations/run4119.npz with redshifts shape: [ 5.17342113  5.49940964  5.9986922   6.49950676  6.99958476  7.50201181
  7.99961619  8.49863074  8.99853721  9.49965985  9.9973115  10.49907084
 11.00172564 11.50167996 12.00267383 12.50174674 13.00426281 13.49903628
 14.0014116  14.50026057 15.0033807  15.49835012 16.0051432  16.49954366
 17.00329474 17.50296354 17.99651925 18.4959684  19.00070267 19.49479737]
Processed /remote/gpu01a/heneka/21cmlightcones/pure_simulations/run614.npz with power spectra shape: (30, 10, 10)
Processed /remote/gpu01a/heneka/21cmlightcones/pure_simulations/run614.npz with redshifts shape: [ 5.17120931  5.50087449  5.99973139  6.50070352  7.00164255  7.5016587
  8.00144047  8.49879452  9.0024065   9.49724937 10.0000403  10.5017477
 10.99801194 11.49837562 12.000241   12.50071903 12.99664237 13.50248394
 13.99851626 14.50064501 14.99726357 15.49640498 15.99655    16.49605237
 17.00553207 17.4988426  17.99929685 18.50638593 19.00501719 19.07781095]
Processed /remote/gpu01a/heneka/21cmlightcones/pure_simulations/run4379.npz with power spectra shape: (30, 10, 10)
Processed /remote/gpu01a/heneka/21cmlightcones/pure_simulations/run4379.npz with redshifts shape: [ 5.20917407  5.5010283   6.00066445  6.49859001  7.00190596  7.49840024
  7.99961208  8.49994703  8.99924056  9.49845503  9.99983727 10.4993607
 11.00075399 11.50064923 12.00459172 12.50033552 13.00424514 13.50410464
 13.99672795 14.50282426 14.99698517 15.50191455 16.00339758 16.49913349
 17.00178084 17.49493076 17.99227274 18.49294353 18.99600779 19.50045758]
Processed /remote/gpu01a/heneka/21cmlightcones/pure_simulations/run368.npz with power spectra shape: (30, 10, 10)
Processed /remote/gpu01a/heneka/21cmlightcones/pure_simulations/run368.npz with redshifts shape: [ 5.17494368  5.50121438  5.99910874  6.50112079  6.9984016   7.5011666
  7.99872886  8.50218507  9.00165226  9.50189539  9.99814815 10.49802047
 10.9982365  11.50245809 12.00022459 12.50362519 13.00206217 13.5011402
 13.99848713 14.50164007 14.99870788 15.49786656 15.99753233 16.49599318
 17.00406852 17.4950198  18.0063611  18.49635949 19.00558662 19.50424398]
Processed /remote/gpu01a/heneka/21cmlightcones/pure_simulations/run2546.npz with power spectra shape: (30, 10, 10)
Processed /remote/gpu01a/heneka/21cmlightcones/pure_simulations/run2546.npz with redshifts shape: [ 5.19782015  5.5008064   6.00013061  6.50087261  7.00169596  7.49829568
  8.0018927   8.50199319  8.99739765  9.50062457 10.00171133 10.50293574
 11.00021571 11.49732046 11.99961989 12.49564947 13.00100638 13.50424785
 14.00246289 14.50394399 14.99504627 15.49733245 15.99742108 16.49320613
 16.99673135 17.50742966 17.99364261 18.49929571 18.99193595 19.50351137]
Processed /remote/gpu01a/heneka/21cmlightcones/pure_simulations/run2530.npz with power spectra shape: (30, 10, 10)
Processed /remote/gpu01a/heneka/21cmlightcones/pure_simulations/run2530.npz with redshifts shape: [ 5.18603291  5.49908934  6.00005816  6.49890657  7.0006349   7.50157399
  7.99837797  8.49853393  9.00237893  9.49924737 10.0018364  10.50005401
 11.00353469 11.50180247 11.99867961 12.49954453 13.00221679 13.50428626
 14.00312185 14.49588508 15.00207132 15.49803423 16.00508478 16.4971664
 16.99749129 17.50558513 18.00630745 18.49729389 19.00758344 19.50544675]
Processed /remote/gpu01a/heneka/21cmlightcones/pure_simulations/run2248.npz with power spectra shape: (30, 10, 10)
Processed /remote/gpu01a/heneka/21cmlightcones/pure_simulations/run2248.npz with redshifts shape: [ 5.21273479  5.49984419  6.00066932  6.4990663   7.00213923  7.50234556
  8.00179444  8.49925002  9.00080737  9.50196406  9.99762226 10.49779677
 10.99939467 11.49894768 12.00204932 12.49621124 12.99802522 13.49503829
 13.99564479 14.49810213 15.00050161 15.50077341 15.99669495 16.50060886
 16.99655822 17.49791063 18.00386596 18.49623153 19.00800564 19.50284072]
Processed /remote/gpu01a/heneka/21cmlightcones/pure_simulations/run2656.npz with power spectra shape: (30, 10, 10)
Processed /remote/gpu01a/heneka/21cmlightcones/pure_simulations/run2656.npz with redshifts shape: [ 5.19067762  5.50003124  6.00067994  6.50134682  6.99991033  7.50024558
  7.9999453   8.5024947   9.00243632  9.49973249 10.00202225 10.498882
 11.00010337 11.50285153 12.00395983 12.49994642 12.99648318 13.50099215
 14.0017935  14.49593918 15.00336941 15.49981896 15.99444265 16.4984529
 16.99765684 17.50418424 18.00249086 18.50566959 18.99680946 19.50676399]
Processed /remote/gpu01a/heneka/21cmlightcones/pure_simulations/run2268.npz with power spectra shape: (30, 10, 10)
Processed /remote/gpu01a/heneka/21cmlightcones/pure_simulations/run2268.npz with redshifts shape: [ 5.2155338   5.49988916  5.99997116  6.50086103  7.00169931  7.49851712
  7.99885034  8.50274498  8.99843679  9.4992009  10.00129145 10.50046542
 11.00047245 11.49775634 11.9979417  12.49843589 12.99638122 13.49990241
 13.99557898 14.50469291 15.00103492 15.49430497 15.99648439 16.50704795
 16.99427169 17.50214211 17.99807483 18.49669718 18.99701043 19.49794185]
Processed /remote/gpu01a/heneka/21cmlightcones/pure_simulations/run3929.npz with power spectra shape: (30, 10, 10)
Processed /remote/gpu01a/heneka/21cmlightcones/pure_simulations/run3929.npz with redshifts shape: [ 5.15973173  5.50116877  5.99900075  6.49926025  6.99950698  7.49838591
  8.00002029  8.4982753   9.00052588  9.50224803  9.99831832 10.50075905
 11.00055561 11.50012152 12.00310087 12.49944708 13.00095339 13.49746933
 14.00328258 14.49904778 15.00042853 15.49609557 16.0045666  16.50363896
 17.00189222 17.03663728 17.03663728 17.03663728 17.03663728 17.03663728]
Processed /remote/gpu01a/heneka/21cmlightcones/pure_simulations/run4701.npz with power spectra shape: (30, 10, 10)
Processed /remote/gpu01a/heneka/21cmlightcones/pure_simulations/run4701.npz with redshifts shape: [ 5.20671849  5.50142629  5.9986724   6.4983876   7.00002668  7.50004527
  8.00064896  8.5007831   9.00033441  9.50030118 10.00295036 10.4967241
 11.0000854  11.50262003 12.00068713 12.50000625 12.99791595 13.50229536
 14.0003382  14.50062502 15.00133826 15.50050492 15.9960018  16.49986414
 16.99661481 17.49928384 18.00712929 18.50249193 19.00000548 19.49867394]
Processed /remote/gpu01a/heneka/21cmlightcones/pure_simulations/run3012.npz with power spectra shape: (30, 10, 10)
Processed /remote/gpu01a/heneka/21cmlightcones/pure_simulations/run3012.npz with redshifts shape: [ 5.19215501  5.50103063  5.9990671   6.49982964  6.9981084   7.49775773
  8.00121606  8.5025441   9.00070797  9.50181622 10.00160008 10.50235984
 11.00021174 11.49889706 12.00371296 12.50358882 13.00423454 13.50308826
 13.99736661 14.49516424 14.9948965  15.49483191 16.0058419  16.50098781
 17.00420243 17.50048645 18.00252931 18.49397019 19.00475278 19.50209273]
Processed /remote/gpu01a/heneka/21cmlightcones/pure_simulations/run2678.npz with power spectra shape: (30, 10, 10)
Processed /remote/gpu01a/heneka/21cmlightcones/pure_simulations/run2678.npz with redshifts shape: [ 5.19267792  5.49941647  5.99866837  6.5007966   7.0005723   7.50185657
  8.00216617  8.49963439  8.99895542  9.50132567 10.00246388 10.49756423
 10.99648141 11.49631268 12.00236719 12.5035464  12.9960226  13.49580861
 14.00165908 14.50104367 15.00243876 15.50410648 16.00416551 16.50059648
 17.00517482 17.50286    18.00637622 18.49931331 18.99538952 19.49373706]
Processed /remote/gpu01a/heneka/21cmlightcones/pure_simulations/run1718.npz with power spectra shape: (30, 10, 10)
Processed /remote/gpu01a/heneka/21cmlightcones/pure_simulations/run1718.npz with redshifts shape: [ 5.16091777  5.49996939  5.99867802  6.49962792  7.00031525  7.49933129
  8.00078941  8.49846991  8.99976595  9.50008406  9.99979363 10.50022928
 10.99746748 11.50064653 12.00034017 12.50030156 12.99768028 13.497789
 13.99859691 14.49788326 15.00300417 15.50254347 16.00446455 16.49613587
 16.99782537 17.23303896 17.23303896 17.23303896 17.23303896 17.23303896]
Processed /remote/gpu01a/heneka/21cmlightcones/pure_simulations/run4591.npz with power spectra shape: (30, 10, 10)
Processed /remote/gpu01a/heneka/21cmlightcones/pure_simulations/run4591.npz with redshifts shape: [ 5.16122731  5.50097145  6.00079535  6.49983178  7.0015404   7.50166824
  8.00020543  8.49882726  9.00114819  9.50256428  9.99786904 10.4991624
 10.99731339 11.50147662 12.00220634 12.50326191 13.00178506 13.50310001
 13.99629427 14.49644464 15.00248559 15.50297928 15.99519253 16.49860003
 17.00137766 17.2848204  17.2848204  17.2848204  17.2848204  17.2848204 ]
Processed /remote/gpu01a/heneka/21cmlightcones/pure_simulations/run4928.npz with power spectra shape: (30, 10, 10)
Processed /remote/gpu01a/heneka/21cmlightcones/pure_simulations/run4928.npz with redshifts shape: [ 5.15442236  5.50086077  6.00045156  6.49861981  7.00141312  7.50140407
  8.00183166  8.50023418  8.99926145  9.49860598  9.99876284 10.50114814
 11.00212543 11.49765656 11.99704052 12.49788928 12.99755788 13.5012332
 13.99854906 14.50403187 14.99800568 15.49636678 15.99788066 16.19447724
 16.19447724 16.19447724 16.19447724 16.19447724 16.19447724 16.19447724]
Processed /remote/gpu01a/heneka/21cmlightcones/pure_simulations/run866.npz with power spectra shape: (30, 10, 10)
Processed /remote/gpu01a/heneka/21cmlightcones/pure_simulations/run866.npz with redshifts shape: [ 5.18794063  5.50144753  6.00141579  6.49838807  7.00134955  7.49882989
  8.00063237  8.50104058  8.99913489  9.50097678 10.00247375 10.499018
 11.00030319 11.50357406 11.99740891 12.50342386 13.00223239 13.49970485
 14.00348762 14.5013881  15.00171439 15.50280528 16.00285887 16.49993825
 17.00556399 17.50509253 17.99623114 18.50721335 19.00723639 19.49370338]
Processed /remote/gpu01a/heneka/21cmlightcones/pure_simulations/run4639.npz with power spectra shape: (30, 10, 10)
Processed /remote/gpu01a/heneka/21cmlightcones/pure_simulations/run4639.npz with redshifts shape: [ 5.17933573  5.50017623  6.00146881  6.49933207  7.00165871  7.50092786
  8.00217971  8.49904718  9.0004133   9.50189962  9.99853797 10.49804895
 10.99699894 11.49906649 12.00142066 12.50092689 13.00305921 13.49618673
 13.99610284 14.50160189 15.00046283 15.50103086 16.00165039 16.50053389
 16.99576899 17.49883365 17.99516405 18.49713843 19.00410043 19.4995534 ]
Processed /remote/gpu01a/heneka/21cmlightcones/pure_simulations/run3161.npz with power spectra shape: (30, 10, 10)
Processed /remote/gpu01a/heneka/21cmlightcones/pure_simulations/run3161.npz with redshifts shape: [ 5.18802977  5.49873745  5.99863511  6.49920975  6.99847055  7.50033374
  7.99770919  8.49811452  9.00184579  9.49808214  9.99961278 10.50314089
 10.99754344 11.50088213 12.00313354 12.50089895 12.99980649 13.49738801
 14.00129107 14.4993206  14.99978594 15.50102581 16.00123753 16.49848324
 17.00428746 17.50400144 17.99533105 18.50652081 19.0067558  19.49343728]
Processed /remote/gpu01a/heneka/21cmlightcones/pure_simulations/run1199.npz with power spectra shape: (30, 10, 10)
Processed /remote/gpu01a/heneka/21cmlightcones/pure_simulations/run1199.npz with redshifts shape: [ 5.17983577  5.49879509  6.00137674  6.50066841  7.0007214   7.50133935
  7.99946808  8.49753393  9.00021578  9.49732822 10.00126768 10.50239291
 11.00305172 11.49940649 12.00321039 12.49579472 12.99906261 13.50277391
 14.00445124 14.50141057 15.00167326 15.50371341 16.00587006 16.49388054
 17.00323001 17.49447346 18.00613083 18.49528546 19.00360064 19.50042736]
Processed /remote/gpu01a/heneka/21cmlightcones/pure_simulations/run4798.npz with power spectra shape: (30, 10, 10)
Processed /remote/gpu01a/heneka/21cmlightcones/pure_simulations/run4798.npz with redshifts shape: [ 5.16051922  5.50121113  5.99877776  6.49844808  7.00117537  7.49899063
  7.9991318   8.4998536   8.99997738  9.49903329  9.99739238 10.50231905
 10.9984283  11.50038878 11.99879788 12.4974013  13.00132324 13.50036239
 14.00003753 14.49813446 15.00199197 15.50022287 16.00077192 16.50217891
 17.00286669 17.1666952  17.1666952  17.1666952  17.1666952  17.1666952 ]
Processed /remote/gpu01a/heneka/21cmlightcones/pure_simulations/run4235.npz with power spectra shape: (30, 10, 10)
Processed /remote/gpu01a/heneka/21cmlightcones/pure_simulations/run4235.npz with redshifts shape: [ 5.16857717  5.50083124  6.00060778  6.50025182  7.0004002   7.50026705
  8.00061551  8.49936622  9.00009751  9.497806    9.99851925 10.49843441
 10.99993606 11.49960086 12.0011339  12.50172445 12.99828612 13.4962875
 14.00278345 14.49726997 14.99617994 15.49817433 16.00178652 16.50542283
 16.99516586 17.50578385 17.99872926 18.49790707 18.5807091  18.5807091 ]
Processed /remote/gpu01a/heneka/21cmlightcones/pure_simulations/run581.npz with power spectra shape: (30, 10, 10)
Processed /remote/gpu01a/heneka/21cmlightcones/pure_simulations/run581.npz with redshifts shape: [ 5.20551352  5.4983995   5.99950138  6.50029537  6.99911794  7.50087242
  7.99855831  8.50122155  8.99783306  9.50124623 10.00097874 10.49926368
 10.99981127 11.49935595 12.00338864 12.49991728 13.00506249 13.49613065
 14.00220622 14.49964507 14.99736917 15.50644087 15.99929984 16.5003551
 16.9942171  17.49384253 17.99849151 18.50735269 19.00214559 19.49798181]
Processed /remote/gpu01a/heneka/21cmlightcones/pure_simulations/run4522.npz with power spectra shape: (30, 10, 10)
Processed /remote/gpu01a/heneka/21cmlightcones/pure_simulations/run4522.npz with redshifts shape: [ 5.18797588  5.49858892  6.00162185  6.49871268  7.00180464  7.49942397
  8.00137652  8.50194391  9.00020579  9.50222564  9.99741827 10.50064669
 11.00213542 11.49775566 11.99967014 12.49708978 12.99563894 13.50267155
 13.99636935 14.50486286 15.00545383 15.4948909  15.99467651 16.5045123
 16.99684009 17.49609704 18.00169981 18.49766923 18.99741664 19.50012605]
Processed /remote/gpu01a/heneka/21cmlightcones/pure_simulations/run823.npz with power spectra shape: (30, 10, 10)
Processed /remote/gpu01a/heneka/21cmlightcones/pure_simulations/run823.npz with redshifts shape: [ 5.2131259   5.50079527  5.9989489   6.49810322  7.00202895  7.49817638
  7.99819291  8.5021758   8.99854042  9.50046334  9.9969407  10.49800244
 11.00054968 11.50110642 11.99583944 12.50054302 13.00353339 13.50176519
 14.00365217 14.49515863 14.99834333 15.49943809 15.99621495 16.50103801
 16.99792073 17.50025514 18.00724039 18.50064484 18.99551562 19.49079321]
Processed /remote/gpu01a/heneka/21cmlightcones/pure_simulations/run1872.npz with power spectra shape: (30, 10, 10)
Processed /remote/gpu01a/heneka/21cmlightcones/pure_simulations/run1872.npz with redshifts shape: [ 5.19497253  5.49945789  6.00144991  6.49868113  7.0002038   7.49845124
  7.99959592  8.4975239   9.00276819  9.49899502  9.99932963 10.50022785
 10.99770906 11.50367743 11.99901473 12.49690831 13.00462199 13.50072185
 14.00221413 14.49638618 15.00358713 15.49897637 16.00480826 16.49372411
 17.0040569  17.49298319 18.00212506 18.50079738 19.00286992 19.50746585]
Processed /remote/gpu01a/heneka/21cmlightcones/pure_simulations/run3823.npz with power spectra shape: (30, 10, 10)
Processed /remote/gpu01a/heneka/21cmlightcones/pure_simulations/run3823.npz with redshifts shape: [ 5.16618494  5.50129154  5.99959471  6.5014864   7.00153335  7.49806677
  7.99938436  8.49994722  8.99837793  9.4993972   9.9986611  10.49743901
 10.99811845 11.49736096 11.99885323 12.49985806 12.99736519 13.49679611
 13.99599108 14.50220366 15.00422457 15.49935294 15.99575783 16.50339895
 16.9980304  17.50142132 18.00014805 18.14446896 18.14446896 18.14446896]
Processed /remote/gpu01a/heneka/21cmlightcones/pure_simulations/run688.npz with power spectra shape: (30, 10, 10)
Processed /remote/gpu01a/heneka/21cmlightcones/pure_simulations/run688.npz with redshifts shape: [ 5.18316073  5.49973037  5.99918791  6.50066752  6.99849562  7.49985389
  7.99797253  8.50030908  9.00179395  9.50255525  9.99743977 10.50101473
 10.99662298 11.5019359  11.99913283 12.5007538  12.99560528 13.49901866
 13.99984078 14.4953069  15.00464578 15.5046025  16.00403539 16.50108897
 16.99378102 17.49380079 18.00061097 18.49866875 19.0010736  19.50706051]
Processed /remote/gpu01a/heneka/21cmlightcones/pure_simulations/run3587.npz with power spectra shape: (30, 10, 10)
Processed /remote/gpu01a/heneka/21cmlightcones/pure_simulations/run3587.npz with redshifts shape: [ 5.17873891  5.50126008  6.00094745  6.50051953  7.00123675  7.49875035
  7.99808802  8.49786633  8.99742319  9.50272878  9.99773276 10.50208607
 10.99960318 11.50012887 12.00084199 12.49862101 12.99892258 13.49950166
 13.99789996 14.50178207 14.99896792 15.49777718 15.99656042 16.50593159
 16.99973055 17.50126975 17.99603068 18.49635334 19.0015822  19.4952792 ]
Processed /remote/gpu01a/heneka/21cmlightcones/pure_simulations/run4381.npz with power spectra shape: (30, 10, 10)
Processed /remote/gpu01a/heneka/21cmlightcones/pure_simulations/run4381.npz with redshifts shape: [ 5.19447878  5.50120223  5.99866854  6.50186403  6.99823239  7.49955504
  7.99949417  8.50150761  8.9999407   9.50092854 10.0001086  10.49976691
 11.00358202 11.50048634 12.0029798  12.49982301 12.99675965 13.50132045
 14.00155833 14.49443264 15.00023883 15.49420514 15.9985236  16.49938223
 16.99460598 17.49653012 18.00452131 18.50201854 19.00286076 19.50617256]
Processed /remote/gpu01a/heneka/21cmlightcones/pure_simulations/run895.npz with power spectra shape: (30, 10, 10)
Processed /remote/gpu01a/heneka/21cmlightcones/pure_simulations/run895.npz with redshifts shape: [ 5.17901332  5.49924167  5.9994898   6.49969869  7.00112798  7.49942011
  7.999608    8.50030454  9.00084451  9.50143807  9.99712842 10.50223268
 11.00054027 11.50190997 12.00351559 12.50222856 13.00351479 13.49576532
 14.00459345 14.49925336 14.99709049 15.4965871  15.99609149 16.49382115
 17.00081128 17.50317452 17.99877969 18.49998717 19.00614149 19.50077284]
Processed /remote/gpu01a/heneka/21cmlightcones/pure_simulations/run1921.npz with power spectra shape: (30, 10, 10)
Processed /remote/gpu01a/heneka/21cmlightcones/pure_simulations/run1921.npz with redshifts shape: [ 5.17156384  5.49925072  5.99899216  6.50096086  6.99931835  7.50018521
  8.00090468  8.49927597  8.99886     9.50001776  9.99814995 10.50079238
 10.99804688 11.49947327 12.00246807 12.49607448 13.00129603 13.49948456
 13.99640708 14.49948681 14.99709435 15.49727777 15.99851409 16.49915303
 16.99742149 17.50436327 18.00609292 18.50051086 18.99995827 19.14619033]
Processed /remote/gpu01a/heneka/21cmlightcones/pure_simulations/run4200.npz with power spectra shape: (30, 10, 10)
Processed /remote/gpu01a/heneka/21cmlightcones/pure_simulations/run4200.npz with redshifts shape: [ 5.17758272  5.50068562  6.00007297  6.49966111  7.00074982  7.49906325
  7.99963911  8.50114362  8.9976382   9.49960361  9.99723479 10.49821264
 10.99917361 11.49636535 12.0014263  12.49595768 13.0016218  13.4990522
 14.00391969 14.50479581 14.99886448 15.49439807 16.00154435 16.4954879
 16.9984515  17.49665742 18.00192792 18.49921636 19.00125853 19.50734132]
Processed /remote/gpu01a/heneka/21cmlightcones/pure_simulations/run3821.npz with power spectra shape: (30, 10, 10)
Processed /remote/gpu01a/heneka/21cmlightcones/pure_simulations/run3821.npz with redshifts shape: [ 5.17749248  5.50042116  5.99951442  6.49877902  6.99951483  7.50161853
  8.00216015  8.49869101  9.00004627  9.50193295  9.99947215 10.50034388
 11.00118504 11.49824494 12.00315903 12.49753418 13.00302578 13.50027473
 13.99518111 14.49535741 14.99946872 15.49477544 16.001678   16.49537347
 16.99807356 17.49600768 18.00099195 18.4979883  18.99972526 19.50548991]
Processed /remote/gpu01a/heneka/21cmlightcones/pure_simulations/run1083.npz with power spectra shape: (30, 10, 10)
Processed /remote/gpu01a/heneka/21cmlightcones/pure_simulations/run1083.npz with redshifts shape: [ 5.16362393  5.50098688  5.9999044   6.500174    6.99911954  7.49903213
  8.00081745  8.49807138  8.99823331  9.5018357   9.99901286 10.50200463
 11.00150646 11.49992245 12.00091891 12.50183337 12.99973357 13.49999031
 14.00050709 14.49899519 15.00290509 15.50060016 16.00014957 16.50003682
 16.998627   17.49417247 17.69313117 17.69313117 17.69313117 17.69313117]
Processed /remote/gpu01a/heneka/21cmlightcones/pure_simulations/run898.npz with power spectra shape: (30, 10, 10)
Processed /remote/gpu01a/heneka/21cmlightcones/pure_simulations/run898.npz with redshifts shape: [ 5.17394718  5.50098524  5.99896609  6.50138666  6.99949322  7.49940061
  7.99833068  8.49879736  9.00027817  9.49749001 10.00254507 10.4998008
 10.99721709 11.49843714 12.00078628 12.50129387 12.99670812 13.50169833
 13.99619263 14.49631634 15.00079293 15.49716448 16.00546206 16.50139627
 16.99419054 17.49501008 18.00340437 18.50465955 18.9965342  19.50728645]
Processed /remote/gpu01a/heneka/21cmlightcones/pure_simulations/run1015.npz with power spectra shape: (30, 10, 10)
Processed /remote/gpu01a/heneka/21cmlightcones/pure_simulations/run1015.npz with redshifts shape: [ 5.19942485  5.49875274  5.99852905  6.49941292  7.0000034   7.50058608
  7.99839481  8.50235735  9.00190302  9.49681059 10.00176775 10.49978267
 11.00095953 11.50221026 12.00010468 12.50024318 13.00013426 13.49704623
 13.99897131 14.50438563 14.99953009 15.50614251 15.99750269 16.49734232
 17.00516214 17.50536862 17.99546252 18.50531224 19.00219633 19.50081346]
Processed /remote/gpu01a/heneka/21cmlightcones/pure_simulations/run4211.npz with power spectra shape: (30, 10, 10)
Processed /remote/gpu01a/heneka/21cmlightcones/pure_simulations/run4211.npz with redshifts shape: [ 5.20442096  5.49886316  6.00084919  6.49904301  6.99938416  7.49842358
  7.99839626  8.49831023  8.99810197  9.49880447 10.00270442 10.49841245
 10.99620017 11.50135976 12.00279728 12.49661945 12.9988614  13.49762606
 14.00106273 14.4957769  15.00301184 15.49666942 15.99999212 16.49839855
 17.00429663 17.50167485 18.00395132 18.49366837 19.00258625 19.49579762]
Processed /remote/gpu01a/heneka/21cmlightcones/pure_simulations/run3406.npz with power spectra shape: (30, 10, 10)
Processed /remote/gpu01a/heneka/21cmlightcones/pure_simulations/run3406.npz with redshifts shape: [ 5.18721648  5.49944177  6.00046788  6.49900063  7.0000225   7.49979487
  7.99969362  8.49804194  8.99953185  9.49942312  9.99883148 10.50008057
 10.99946507 11.50070652 12.00073585 12.49617416 13.00190543 13.49741562
 13.99910999 14.49484855 15.00424488 15.50350246 16.00164073 16.49673261
 17.00025226 17.49761782 18.0012242  18.49515702 18.99277538 19.49326564]
Processed /remote/gpu01a/heneka/21cmlightcones/pure_simulations/run2881.npz with power spectra shape: (30, 10, 10)
Processed /remote/gpu01a/heneka/21cmlightcones/pure_simulations/run2881.npz with redshifts shape: [ 5.21149226  5.50013986  6.00168466  6.5013      7.00157813  7.49873444
  8.00027067  8.5004795   8.99914532  9.49719409  9.99685166 10.50179553
 11.00068339 11.49736044 11.99739091 12.49827245 12.99724074 13.50231183
 14.00034823 14.50008583 14.99962781 15.49691946 16.00376022 16.50503251
 16.99826334 17.49674956 17.9996942  18.50622635 18.99751219 19.50761869]
Processed /remote/gpu01a/heneka/21cmlightcones/pure_simulations/run3945.npz with power spectra shape: (30, 10, 10)
Processed /remote/gpu01a/heneka/21cmlightcones/pure_simulations/run3945.npz with redshifts shape: [ 5.15623761  5.49960275  5.99966423  6.50079733  6.99988974  7.49849366
  8.00076224  8.50080663  9.00126589  9.50179052  9.99744232 10.5000496
 11.00086193 11.50230451 12.00106279 12.50084645 12.99894893 13.5005894
 14.00385498 14.49760736 14.99719958 15.50150326 15.99888697 16.47577653
 16.47577653 16.47577653 16.47577653 16.47577653 16.47577653 16.47577653]
Processed /remote/gpu01a/heneka/21cmlightcones/pure_simulations/run3102.npz with power spectra shape: (30, 10, 10)
Processed /remote/gpu01a/heneka/21cmlightcones/pure_simulations/run3102.npz with redshifts shape: [ 5.17667544  5.5008084   6.00066735  6.50111619  6.99970216  7.49943543
  8.00192622  8.50098409  9.00014867  9.49967051 10.00080228 10.49940399
 10.99782516 11.49972825 12.00236006 12.50266735 12.99731281 13.5011619
 14.00351741 14.50177428 15.00384472 15.49704392 16.00168649 16.50533259
 17.00612179 17.50207384 18.00495802 18.49980048 18.99927648 19.50267551]
Processed /remote/gpu01a/heneka/21cmlightcones/pure_simulations/run2763.npz with power spectra shape: (30, 10, 10)
Processed /remote/gpu01a/heneka/21cmlightcones/pure_simulations/run2763.npz with redshifts shape: [ 5.19775027  5.50062313  5.99974352  6.50026089  7.00084     7.50181574
  8.0004928   8.5002942   9.00129893  9.49827707  9.99901355 10.49987132
 10.99677191 11.50174479 12.00413356 12.50024632 12.99588531 13.49866838
 13.99641574 14.49741198 14.99999062 15.50233272 16.0024726  16.49830393
 17.00187186 17.49771648 17.9988556  18.50453909 18.99720487 19.49143415]
Processed /remote/gpu01a/heneka/21cmlightcones/pure_simulations/run45.npz with power spectra shape: (30, 10, 10)
Processed /remote/gpu01a/heneka/21cmlightcones/pure_simulations/run45.npz with redshifts shape: [ 5.15750717  5.49886496  6.00030117  6.49959569  6.99940051  7.49846273
  8.00092817  8.50082128  9.00076536  9.50037254 10.00007684 10.50125394
 11.00012876 11.49911659 12.00184288 12.49843409 13.00054874 13.49820808
 13.9968593  14.50346796 14.99793841 15.4964532  15.99772527 16.50034977
 16.67655967 16.67655967 16.67655967 16.67655967 16.67655967 16.67655967]
Processed /remote/gpu01a/heneka/21cmlightcones/pure_simulations/run846.npz with power spectra shape: (30, 10, 10)
Processed /remote/gpu01a/heneka/21cmlightcones/pure_simulations/run846.npz with redshifts shape: [ 5.20354182  5.49983539  5.99970291  6.49951814  7.00204908  7.49913489
  8.00216237  8.50019146  8.99793584  9.50297491  9.99794674 10.49866116
 11.00228638 11.49712155 11.99611573 12.49694064 12.99701457 13.50413493
 13.99454578 14.49852416 15.0036941  15.4952449  15.99632239 16.50649958
 16.99585958 17.50605184 18.00633785 18.49403468 19.00077096 19.4917892 ]
Processed /remote/gpu01a/heneka/21cmlightcones/pure_simulations/run2388.npz with power spectra shape: (30, 10, 10)
Processed /remote/gpu01a/heneka/21cmlightcones/pure_simulations/run2388.npz with redshifts shape: [ 5.20727955  5.49958238  6.00164102  6.4990496   7.00215764  7.49891505
  8.00081031  8.50234726  8.99721328  9.49832692 10.00222228 10.49730892
 11.00209744 11.49748522 11.99661144 12.49706485 12.99617644 13.50184424
 14.00122804 14.50292955 15.00512547 15.50583568 16.00292845 16.49413142
 17.00695362 17.49583352 18.00491913 18.50154269 19.00037308 19.50041141]
Processed /remote/gpu01a/heneka/21cmlightcones/pure_simulations/run3289.npz with power spectra shape: (30, 10, 10)
Processed /remote/gpu01a/heneka/21cmlightcones/pure_simulations/run3289.npz with redshifts shape: [ 5.16611674  5.50107719  5.99914262  6.50077102  7.00053266  7.50066421
  8.00200092  8.49796132  9.00100022  9.50200654 10.00124764 10.49999267
 11.00062959 11.49982021 12.00125089 12.50218516 12.99961341 13.49895628
 13.99805485 14.50416093 14.99599324 15.50107564 15.99735157 16.50485283
 16.99934033 17.50257686 18.00114309 18.13223245 18.13223245 18.13223245]
Processed /remote/gpu01a/heneka/21cmlightcones/pure_simulations/run4257.npz with power spectra shape: (30, 10, 10)
Processed /remote/gpu01a/heneka/21cmlightcones/pure_simulations/run4257.npz with redshifts shape: [ 5.1947296   5.4988125   6.00008133  6.50031226  7.00135589  7.49907319
  7.99963188  8.50232136  9.00147765  9.49697546 10.00324809 10.4965963
 11.00086255 11.49824809 12.00126384 12.49865806 12.99617943 13.50136796
 14.00226152 14.49581355 15.00234736 15.49705553 16.00216237 16.50383493
 16.9998928  17.50269221 17.99633291 18.49415088 18.99533638 19.49901368]
Processed /remote/gpu01a/heneka/21cmlightcones/pure_simulations/run3721.npz with power spectra shape: (30, 10, 10)
Processed /remote/gpu01a/heneka/21cmlightcones/pure_simulations/run3721.npz with redshifts shape: [ 5.15490294  5.50004141  6.00115768  6.50101677  6.99902434  7.50040565
  7.99839299  8.49811366  8.99857905  9.49947824 10.00130531 10.49975258
 11.00224335 11.49936806 12.00045296 12.50310171 12.99696816 13.50221758
 14.00116881 14.49943286 15.00415038 15.50438578 15.99756779 16.26829663
 16.26829663 16.26829663 16.26829663 16.26829663 16.26829663 16.26829663]
Processed /remote/gpu01a/heneka/21cmlightcones/pure_simulations/run241.npz with power spectra shape: (30, 10, 10)
Processed /remote/gpu01a/heneka/21cmlightcones/pure_simulations/run241.npz with redshifts shape: [ 5.17998233  5.49921753  5.99911031  6.49857821  6.99884125  7.49970191
  7.99810358  8.50146323  8.99949017  9.50276216 10.00129766 10.50284291
 10.99686472 11.50077247 11.99709071 12.49817922 13.00199947 13.49687772
 13.99866154 14.49574156 14.99614053 15.49833259 16.00065576 16.50131531
 16.9983892  17.50339818 18.00172173 18.5057861  18.99967511 19.49676263]
Processed /remote/gpu01a/heneka/21cmlightcones/pure_simulations/run486.npz with power spectra shape: (30, 10, 10)
Processed /remote/gpu01a/heneka/21cmlightcones/pure_simulations/run486.npz with redshifts shape: [ 5.18613448  5.49937224  6.00065769  6.49985288  7.00196032  7.49893772
  8.00054449  8.50116395  8.99992866  9.50288483  9.99958899 10.49793025
 11.00155043 11.49997056 11.99701363 12.49805942 13.00092666 13.50320447
 14.00225996 14.49525281 15.00168764 15.49790645 16.00523095 16.49759039
 16.9982094  17.50661369 17.99305715 18.49896284 18.99383176 19.50781189]
Processed /remote/gpu01a/heneka/21cmlightcones/pure_simulations/run2714.npz with power spectra shape: (30, 10, 10)
Processed /remote/gpu01a/heneka/21cmlightcones/pure_simulations/run2714.npz with redshifts shape: [ 5.15565276  5.50010893  6.00101967  6.50034578  7.00079337  7.5012038
  8.00176356  8.49995311  8.99840662  9.50179895 10.00091831 10.50182628
 11.0008257  11.50033596 11.99705852 12.50200536 12.99826142 13.49794189
 13.99914124 14.49976897 14.99755643 15.49995034 15.99536535 16.38441236
 16.38441236 16.38441236 16.38441236 16.38441236 16.38441236 16.38441236]
Processed /remote/gpu01a/heneka/21cmlightcones/pure_simulations/run2141.npz with power spectra shape: (30, 10, 10)
Processed /remote/gpu01a/heneka/21cmlightcones/pure_simulations/run2141.npz with redshifts shape: [ 5.18201443  5.49934532  5.99871326  6.50043565  6.99892211  7.50135567
  8.00105014  8.50041175  8.99868158  9.50185695  9.99980536 10.5003198
 10.99987524 11.50216694 11.9962073  12.50300802 13.00386062 13.50451925
 14.00244555 14.49489676 15.00098347 15.49759994 16.00563204 16.49961075
 17.00228432 17.49949926 18.00334284 18.49836491 18.99758894 19.50025294]
Processed /remote/gpu01a/heneka/21cmlightcones/pure_simulations/run1267.npz with power spectra shape: (30, 10, 10)
Processed /remote/gpu01a/heneka/21cmlightcones/pure_simulations/run1267.npz with redshifts shape: [ 5.21658125  5.49900691  6.00149393  6.50085064  6.99955688  7.498647
  8.00148077  8.5021082   9.00020562  9.49662383 10.00100785 10.50262545
 10.99673648 11.49623209 11.99878372 12.50178553 13.00236158 13.4973817
 13.99535399 14.49446515 15.00582656 15.50173    16.00670489 16.50523346
 16.99475432 17.50512039 18.00358861 18.50485688 19.00792105 19.49270571]
Processed /remote/gpu01a/heneka/21cmlightcones/pure_simulations/run4592.npz with power spectra shape: (30, 10, 10)
Processed /remote/gpu01a/heneka/21cmlightcones/pure_simulations/run4592.npz with redshifts shape: [ 5.18832469  5.49954933  6.00035454  6.49826263  6.99823622  7.50088857
  7.99911595  8.50044661  8.99953756  9.50246075  9.99860994 10.50287509
 10.99805108 11.50222655 11.99700739 12.50405023 13.00392914 13.5025246
 13.99714344 14.49575515 14.99684045 15.49873545 15.99963484 16.4975969
 17.00416302 17.50466218 17.99679452 18.49349684 18.99401586 19.49753416]
Processed /remote/gpu01a/heneka/21cmlightcones/pure_simulations/run3637.npz with power spectra shape: (30, 10, 10)
Processed /remote/gpu01a/heneka/21cmlightcones/pure_simulations/run3637.npz with redshifts shape: [ 5.16255357  5.50013689  6.00128173  6.50146849  7.00064599  7.50113325
  7.99970731  8.49801695  8.9996678   9.49998247  9.99929733 10.49892533
 11.00127139 11.50313509 12.00096731 12.49853054 13.00098282 13.49796361
 14.00398104 14.49931785 14.99988443 15.50444814 16.00084844 16.49744239
 17.00437369 17.4968668  17.50913063 17.50913063 17.50913063 17.50913063]
Processed /remote/gpu01a/heneka/21cmlightcones/pure_simulations/run2863.npz with power spectra shape: (30, 10, 10)
Processed /remote/gpu01a/heneka/21cmlightcones/pure_simulations/run2863.npz with redshifts shape: [ 5.20184259  5.4986809   6.00117736  6.50076996  6.99910707  7.50111233
  8.00000769  8.49918713  8.99863689  9.49942434  9.99689061 10.5007171
 11.00020267 11.49914427 12.00297816 12.49996415 12.99598078 13.49876249
 13.9958432  14.49563938 14.99641373 15.49627589 16.00656628 16.49893562
 16.99843924 17.50445893 18.00048553 18.50030216 19.00303766 19.50775155]
Processed /remote/gpu01a/heneka/21cmlightcones/pure_simulations/run2454.npz with power spectra shape: (30, 10, 10)
Processed /remote/gpu01a/heneka/21cmlightcones/pure_simulations/run2454.npz with redshifts shape: [ 5.20526928  5.50100768  5.99820071  6.4982395   7.00063674  7.50192323
  7.99909603  8.50119332  8.99719966  9.49995394  9.99898826 10.49653433
 10.99629753 11.50359213 11.9981791  12.50343182 12.99800151 13.49881183
 14.00442153 14.50137504 14.99858683 15.49410048 15.99940716 16.49986826
 16.99311974 17.50754643 17.9960778  18.50423444 18.99831841 19.49342119]
Processed /remote/gpu01a/heneka/21cmlightcones/pure_simulations/run3490.npz with power spectra shape: (30, 10, 10)
Processed /remote/gpu01a/heneka/21cmlightcones/pure_simulations/run3490.npz with redshifts shape: [ 5.21264537  5.49962671  6.00020903  6.49834038  7.00112184  7.50101589
  8.00013111  8.49723349  8.99841421  9.49917426 10.00174781 10.50199317
 11.00365451 11.5032635  11.9969966  12.50061714 13.00246607 13.49950691
 14.00013474 14.50260689 15.00501466 15.50528827 16.00120557 16.50510894
 17.00104187 17.5023714  18.00829803 18.50062973 18.99438289 19.50715267]
Processed /remote/gpu01a/heneka/21cmlightcones/pure_simulations/run2558.npz with power spectra shape: (30, 10, 10)
Processed /remote/gpu01a/heneka/21cmlightcones/pure_simulations/run2558.npz with redshifts shape: [ 5.16808376  5.49930555  6.00034076  6.49843752  7.00049238  7.49885306
  8.00186383  8.49921229  8.99842048  9.49991997  9.99927881 10.49774397
 10.99769474 11.50275667 12.00297895 12.5021792  12.99728244 13.50253334
 13.99859356 14.50111231 14.99872325 15.49934443 16.00151281 16.50364036
 17.00401671 17.50081528 18.00529213 18.48953614 18.48953614 18.48953614]
Processed /remote/gpu01a/heneka/21cmlightcones/pure_simulations/run5029.npz with power spectra shape: (30, 10, 10)
Processed /remote/gpu01a/heneka/21cmlightcones/pure_simulations/run5029.npz with redshifts shape: [ 5.18926017  5.49914918  5.99916214  6.4994993   6.99810701  7.49887946
  7.99947366  8.49814705  8.99959669  9.4989877   9.99740683 10.49716224
 11.00191485 11.50097078 11.99817642 12.49896382 13.00107798 13.50203169
 13.99911483 14.50033487 15.00416445 15.49692159 16.00025139 16.50073839
 16.99629746 17.4989713  17.99333628 18.49238575 18.99536361 19.5014498 ]
Processed /remote/gpu01a/heneka/21cmlightcones/pure_simulations/run4542.npz with power spectra shape: (30, 10, 10)
Processed /remote/gpu01a/heneka/21cmlightcones/pure_simulations/run4542.npz with redshifts shape: [ 5.2156985   5.50028437  6.00080716  6.49799445  6.9989348   7.50092995
  8.00187055  8.50044664  9.00278481  9.49733717  9.9996826  10.49913322
 10.99943983 11.49704381 11.9975725  12.49843176 12.99676097 13.50069116
 13.99679029 14.49392579 15.0031627  15.49691091 15.99959605 16.49577178
 16.99844338 17.5068813  18.00338599 18.50260075 19.00352559 19.50508692]
Processed /remote/gpu01a/heneka/21cmlightcones/pure_simulations/run4661.npz with power spectra shape: (30, 10, 10)
Processed /remote/gpu01a/heneka/21cmlightcones/pure_simulations/run4661.npz with redshifts shape: [ 5.16674092  5.50040892  6.00034331  6.5008088   6.99894269  7.50087015
  7.99990495  8.5022419   8.99757855  9.50026368 10.00130835 10.50198306
 10.99811473 11.49906888 12.00238321 12.49747274 12.99654677 13.49763873
 13.99858089 14.49701026 15.00048575 15.49712316 15.99511389 16.50445136
 17.00080728 17.50602432 17.9935415  18.24456874 18.24456874 18.24456874]
Processed /remote/gpu01a/heneka/21cmlightcones/pure_simulations/run2977.npz with power spectra shape: (30, 10, 10)
Processed /remote/gpu01a/heneka/21cmlightcones/pure_simulations/run2977.npz with redshifts shape: [ 5.1996379   5.49930502  5.99969832  6.5012621   6.99831593  7.49928812
  7.99752725  8.50196787  9.00202845  9.49748547 10.00304248 10.50168685
 11.00353461 11.49714861 12.0041252  12.49567597 12.9958517  13.50349234
 13.99532917 14.50110314 14.99662271 15.50364191 15.99541818 16.49570291
 17.00399673 17.50469167 17.9952846  18.50567447 19.00310554 19.50229139]
Processed /remote/gpu01a/heneka/21cmlightcones/pure_simulations/run625.npz with power spectra shape: (30, 10, 10)
Processed /remote/gpu01a/heneka/21cmlightcones/pure_simulations/run625.npz with redshifts shape: [ 5.15353568  5.50028515  5.99952348  6.50060413  7.00059337  7.5011345
  7.99855642  8.49798104  8.99846522  9.49973629 10.00231829 10.50197341
 11.00004203 11.49894443 12.00227798 12.50047839 12.99734904 13.49804923
 14.00072844 14.50335258 15.00370883 15.49941582 15.99813082 16.05949439
 16.05949439 16.05949439 16.05949439 16.05949439 16.05949439 16.05949439]
Processed /remote/gpu01a/heneka/21cmlightcones/pure_simulations/run2016.npz with power spectra shape: (30, 10, 10)
Processed /remote/gpu01a/heneka/21cmlightcones/pure_simulations/run2016.npz with redshifts shape: [ 5.19584948  5.4987106   5.99951529  6.49884746  6.99851825  7.49891236
  8.00241517  8.49745242  8.99915855  9.49739446  9.99991101 10.50314734
 11.00309944 11.50353587 12.00112812 12.50141766 13.00199518 13.50021364
 14.00396224 14.50046898 14.99831696 15.49570738 16.00368296 16.49476565
 16.99330652 17.49873784 17.99507376 18.49572022 18.99986414 19.50662471]
Processed /remote/gpu01a/heneka/21cmlightcones/pure_simulations/run831.npz with power spectra shape: (30, 10, 10)
Processed /remote/gpu01a/heneka/21cmlightcones/pure_simulations/run831.npz with redshifts shape: [ 5.21664539  5.49915966  6.00181823  6.50136231  7.00027189  7.49958129
  8.00265139  8.49753704  9.00188999  9.49858462 10.00326358 10.49720801
 10.99961407 11.49944108 12.00233884 12.49555051 12.99592615 13.5020422
 14.00040549 14.49991986 14.99860406 15.49431659 15.99909818 16.49743779
 17.00239567 17.49694937 17.99523259 18.49631622 18.9991964  19.50279478]
Processed /remote/gpu01a/heneka/21cmlightcones/pure_simulations/run4378.npz with power spectra shape: (30, 10, 10)
Processed /remote/gpu01a/heneka/21cmlightcones/pure_simulations/run4378.npz with redshifts shape: [ 5.18111633  5.49963546  5.99966284  6.49892374  6.99859803  7.49844163
  7.99996764  8.50172603  8.99757469  9.49811886  9.99953683 10.49750638
 11.00148512 11.50134899 12.00089057 12.49691303 13.00389249 13.50204227
 13.99734598 14.49753795 15.0012226  15.49536849 16.00075923 16.50461505
 17.004998   17.49984824 18.00119626 18.49367084 19.00557358 19.50604058]
Processed /remote/gpu01a/heneka/21cmlightcones/pure_simulations/run2716.npz with power spectra shape: (30, 10, 10)
Processed /remote/gpu01a/heneka/21cmlightcones/pure_simulations/run2716.npz with redshifts shape: [ 5.20400887  5.50102369  5.99863902  6.49952184  6.99887296  7.5016113
  8.00083446  8.49992178  8.99881206  9.4985381  10.00138311 10.50350497
 11.00060635 11.49648884 11.9966058  12.49862377 12.99995354 13.49776057
 14.00017902 14.50561208 14.99995063 15.50538967 15.99457033 16.50584629
 16.9963072  17.49234485 17.99322241 18.49813252 19.00619683 19.49854619]
Processed /remote/gpu01a/heneka/21cmlightcones/pure_simulations/run1596.npz with power spectra shape: (30, 10, 10)
Processed /remote/gpu01a/heneka/21cmlightcones/pure_simulations/run1596.npz with redshifts shape: [ 5.1902711   5.49892511  5.99833913  6.50135137  6.99881845  7.4979514
  8.00121364  8.49749665  9.00164109  9.49779248  9.99884719 10.50142836
 11.00172815 11.50348768 12.00354788 12.49843646 13.00324467 13.4970879
 13.99660392 14.50040746 14.99543904 15.50251259 15.99619366 16.49919771
 16.99736048 17.50278663 17.99996666 18.50196468 19.00802219 19.50058352]
Processed /remote/gpu01a/heneka/21cmlightcones/pure_simulations/run4706.npz with power spectra shape: (30, 10, 10)
Processed /remote/gpu01a/heneka/21cmlightcones/pure_simulations/run4706.npz with redshifts shape: [ 5.2151731   5.49902382  5.99814104  6.49796893  7.00225413  7.498272
  7.99772637  8.50066391  9.00177134  9.50193508 10.00336919 10.50183789
 11.00108667 11.4975664  11.99689338 12.49648017 13.00411961 13.49598848
 14.00243029 14.49862894 14.99384224 15.49956217 16.00113924 16.4961699
 16.99763053 17.5047917  18.00000036 18.49786361 18.99738408 19.49749124]
Processed /remote/gpu01a/heneka/21cmlightcones/pure_simulations/run2081.npz with power spectra shape: (30, 10, 10)
Processed /remote/gpu01a/heneka/21cmlightcones/pure_simulations/run2081.npz with redshifts shape: [ 5.19410489  5.50020269  5.99996877  6.49852933  7.00189324  7.49801779
  8.00179144  8.4976304   9.00057964  9.50063087  9.99880942 10.49739871
 11.00007002 11.50389722 11.99700858 12.5016422  12.99771127 13.50134078
 14.00060627 14.50367932 14.9972018  15.50237267 16.00608953 16.50631392
 17.00087466 17.50209097 17.99411417 18.50605494 19.00608557 19.4914948 ]
Processed /remote/gpu01a/heneka/21cmlightcones/pure_simulations/run2043.npz with power spectra shape: (30, 10, 10)
Processed /remote/gpu01a/heneka/21cmlightcones/pure_simulations/run2043.npz with redshifts shape: [ 5.17062403  5.49909327  5.99897173  6.50141021  7.00064586  7.49879944
  8.00092823  8.50121981  8.99813957  9.50191841  9.99738428 10.49714911
 10.99808998 11.49670784 11.99671812 12.50326002 12.9975951  13.50172561
 13.99599236 14.49624727 15.00126889 15.49886565 15.99738763 16.49519531
 17.00287156 17.49436461 18.00629577 18.49798271 18.96568162 18.96568162]
Processed /remote/gpu01a/heneka/21cmlightcones/pure_simulations/run948.npz with power spectra shape: (30, 10, 10)
Processed /remote/gpu01a/heneka/21cmlightcones/pure_simulations/run948.npz with redshifts shape: [ 5.19875425  5.50013574  5.99833461  6.50132308  7.00037207  7.49925844
  8.00030645  8.50269373  9.00054753  9.50004694  9.99664924 10.49993477
 10.99940688 11.49884649 12.00364838 12.5022874  13.00058996 13.49583553
 13.99599067 14.49953607 15.00479626 15.49733773 15.99980738 16.49805645
 17.00418803 17.50266194 18.00656309 18.49893804 18.99390029 19.50797775]
Processed /remote/gpu01a/heneka/21cmlightcones/pure_simulations/run3735.npz with power spectra shape: (30, 10, 10)
Processed /remote/gpu01a/heneka/21cmlightcones/pure_simulations/run3735.npz with redshifts shape: [ 5.16305297  5.49916651  5.99893065  6.50046043  7.00112864  7.49942265
  7.99943025  8.49929937  8.99775772  9.49951217 10.00037273 10.50165365
 10.99934265 11.50266621 12.00203744 12.501228   12.99731825 13.50419175
 14.00314465 14.49999165 15.00215865 15.498051   15.99571078 16.50494092
 17.00197488 17.49590426 17.59465241 17.59465241 17.59465241 17.59465241]
Processed /remote/gpu01a/heneka/21cmlightcones/pure_simulations/run3156.npz with power spectra shape: (30, 10, 10)
Processed /remote/gpu01a/heneka/21cmlightcones/pure_simulations/run3156.npz with redshifts shape: [ 5.18255316  5.5008808   5.99875372  6.49846356  6.99827591  7.49789697
  7.99880611  8.49949885  8.99921042  9.49807282  9.99725796 10.49911161
 11.00009779 11.49628368 11.99955673 12.49950821 13.00167175 13.50371759
 14.00309811 14.49705997 15.00477266 15.503056   16.00074225 16.49598377
 17.00000286 17.49860832 18.00392043 18.50044288 19.00123681 19.5055391 ]
Processed /remote/gpu01a/heneka/21cmlightcones/pure_simulations/run957.npz with power spectra shape: (30, 10, 10)
Processed /remote/gpu01a/heneka/21cmlightcones/pure_simulations/run957.npz with redshifts shape: [ 5.1711438   5.50067503  5.99931034  6.50003778  7.00071072  7.50044059
  7.99991623  8.5016946   9.0002112   9.50020917  9.99710252 10.49840989
 11.0009981  11.50135434 12.00320438 12.50365947 12.99955276 13.49640459
 14.0013438  14.50342028 14.9999801  15.49905581 15.99912794 16.49855108
 16.99555733 17.50116237 18.00151745 18.49453181 19.00701989 19.06520966]
Processed /remote/gpu01a/heneka/21cmlightcones/pure_simulations/run196.npz with power spectra shape: (30, 10, 10)
Processed /remote/gpu01a/heneka/21cmlightcones/pure_simulations/run196.npz with redshifts shape: [ 5.17311506  5.50121953  5.99979688  6.49981393  6.99900861  7.50046357
  8.00145337  8.49971415  8.99879853  9.49903164 10.00171786 10.50287317
 10.99805392 11.4968744  11.99667357 12.50263055 13.00429191 13.4981776
 13.99960555 14.49746837 14.99954942 15.50444309 15.99911103 16.50436732
 16.99490052 17.50637664 17.9991889  18.49785256 19.00176026 19.44942181]
Processed /remote/gpu01a/heneka/21cmlightcones/pure_simulations/run3871.npz with power spectra shape: (30, 10, 10)
Processed /remote/gpu01a/heneka/21cmlightcones/pure_simulations/run3871.npz with redshifts shape: [ 5.20822394  5.4986722   5.99933765  6.49883283  6.99982109  7.4986809
  7.99758486  8.50118613  8.99826235  9.5017851  10.00108873 10.4983912
 10.99740797 11.50348542 11.99605713 12.49878626 13.00029429 13.49764827
 13.99910879 14.50300786 14.9949171  15.49743911 15.99642605 16.50399782
 17.00456195 17.49557855 18.00698198 18.50595615 19.00723579 19.49154246]
Processed /remote/gpu01a/heneka/21cmlightcones/pure_simulations/run3777.npz with power spectra shape: (30, 10, 10)
Processed /remote/gpu01a/heneka/21cmlightcones/pure_simulations/run3777.npz with redshifts shape: [ 5.19306626  5.50046076  6.0008768   6.50053438  7.00132283  7.49918893
  8.00029639  8.49863639  8.99890878  9.50231181  9.99788852 10.50081451
 11.00097056 11.50211123 12.00099366 12.50311836 12.99657735 13.49741447
 14.00438275 14.50492332 14.99583738 15.49821291 15.99901862 16.49623101
 17.00164385 17.50019143 18.00461949 18.49848666 18.99553639 19.49489874]
Processed /remote/gpu01a/heneka/21cmlightcones/pure_simulations/run1412.npz with power spectra shape: (30, 10, 10)
Processed /remote/gpu01a/heneka/21cmlightcones/pure_simulations/run1412.npz with redshifts shape: [ 5.19892631  5.5005845   5.99928172  6.49895424  6.99820875  7.50199849
  7.99865513  8.50134809  8.99953572  9.49940004 10.00325736 10.50010613
 11.00002929 11.49994774 11.99644255 12.50443099 13.00329043 13.49911455
 13.99987878 14.50406231 14.99794208 15.5032008  16.00637938 16.50535432
 16.99787019 17.49651337 18.00059971 18.49316892 19.00516951 19.50264741]
Processed /remote/gpu01a/heneka/21cmlightcones/pure_simulations/run4112.npz with power spectra shape: (30, 10, 10)
Processed /remote/gpu01a/heneka/21cmlightcones/pure_simulations/run4112.npz with redshifts shape: [ 5.15337315  5.49973292  6.00105781  6.49875832  7.00130574  7.50136357
  7.9982592   8.50136915  9.00157489  9.4975866   9.99946355 10.49837689
 11.00170781 11.50017156 12.00303223 12.50073474 12.99708009 13.49722266
 13.99931354 14.50132151 15.0010374  15.49608349 16.00429727 16.0349218
 16.0349218  16.0349218  16.0349218  16.0349218  16.0349218  16.0349218 ]
Processed /remote/gpu01a/heneka/21cmlightcones/pure_simulations/run369.npz with power spectra shape: (30, 10, 10)
Processed /remote/gpu01a/heneka/21cmlightcones/pure_simulations/run369.npz with redshifts shape: [ 5.2107047   5.50151772  6.00129473  6.49895112  7.00158371  7.50177641
  8.00167136  8.50009366  9.00312986  9.49958898  9.99752556 10.50060479
 10.99752947 11.50092941 11.99929012 12.49839542 12.99549342 13.49857037
 13.99454279 14.50426117 15.00213321 15.49767949 16.00265734 16.5020053
 16.99326417 17.50552282 18.00694866 18.49472747 19.0015503  19.49142153]
Processed /remote/gpu01a/heneka/21cmlightcones/pure_simulations/run810.npz with power spectra shape: (30, 10, 10)
Processed /remote/gpu01a/heneka/21cmlightcones/pure_simulations/run810.npz with redshifts shape: [ 5.15576902  5.50049827  5.99910058  6.4986078   6.99926854  7.49992256
  8.00075578  8.49924603  8.99802831  9.50178028 10.00128286 10.50260156
 11.00203554 11.50200563 11.99920964 12.49734771 13.00145455 13.50168981
 14.00346832 14.49568822 15.00310395 15.49624808 16.00221847 16.40251199
 16.40251199 16.40251199 16.40251199 16.40251199 16.40251199 16.40251199]
Processed /remote/gpu01a/heneka/21cmlightcones/pure_simulations/run1657.npz with power spectra shape: (30, 10, 10)
Processed /remote/gpu01a/heneka/21cmlightcones/pure_simulations/run1657.npz with redshifts shape: [ 5.19844106  5.49931871  6.00009063  6.49859223  7.00080414  7.49892278
  7.99912994  8.50060607  8.99749142  9.50234012  9.9983084  10.50090044
 10.99963498 11.49828913 12.00224906 12.50001    12.9973899  13.50203336
 14.00171456 14.50474844 14.99744524 15.50143674 16.00329675 16.50090929
 17.00636246 17.50413686 18.00730035 18.49892465 18.99310323 19.5063362 ]
Processed /remote/gpu01a/heneka/21cmlightcones/pure_simulations/run1018.npz with power spectra shape: (30, 10, 10)
Processed /remote/gpu01a/heneka/21cmlightcones/pure_simulations/run1018.npz with redshifts shape: [ 5.18736937  5.49986517  6.00136489  6.50041585  7.00200398  7.49798741
  7.99814476  8.50197445  8.99858994  9.49882791  9.99861042 10.50026236
 11.00007504 11.50177224 12.0022818  12.49822069 13.00448785 13.50054696
 14.00282105 14.49915539 14.99783351 15.4972004  15.99546199 16.50367136
 16.99436095 17.50600387 17.99567468 18.50506937 19.00347932 19.50478641]
Processed /remote/gpu01a/heneka/21cmlightcones/pure_simulations/run4619.npz with power spectra shape: (30, 10, 10)
Processed /remote/gpu01a/heneka/21cmlightcones/pure_simulations/run4619.npz with redshifts shape: [ 5.21083354  5.49852772  5.99827057  6.50000717  6.99855242  7.49877098
  7.99871034  8.49719506  9.00031223  9.49686823 10.0021847  10.49812967
 11.00348007 11.49876431 11.99730258 12.49660088 13.00433955 13.49720688
 14.0049866  14.50338883 15.00152503 15.49734754 16.00262048 16.50227344
 16.99384529 17.50644312 18.00821415 18.49634083 19.0035376  19.49378205]
Processed /remote/gpu01a/heneka/21cmlightcones/pure_simulations/run2213.npz with power spectra shape: (30, 10, 10)
Processed /remote/gpu01a/heneka/21cmlightcones/pure_simulations/run2213.npz with redshifts shape: [ 5.19937333  5.49861924  6.00174388  6.49896599  6.99937793  7.49976817
  8.00246465  8.50111449  9.00042899  9.50150905  9.99979449 10.49754299
 10.99844015 11.49939986 11.99699432 12.49682065 12.996389   13.50337818
 13.99455046 14.49960746 14.99439214 15.50062642 16.00482606 16.50486131
 16.99846994 17.49826551 18.00356323 18.49736076 18.99380981 19.49198191]
Processed /remote/gpu01a/heneka/21cmlightcones/pure_simulations/run2566.npz with power spectra shape: (30, 10, 10)
Processed /remote/gpu01a/heneka/21cmlightcones/pure_simulations/run2566.npz with redshifts shape: [ 5.19472636  5.49880384  6.00006297  6.50028325  7.0013153   7.49902021
  7.99956549  8.50224072  9.00138206  9.5031318  10.0031199  10.49645105
 11.00069911 11.49806583 12.00106194 12.49843605 12.99593662 13.5011034
 14.00197452 14.49550385 15.0020138  15.49669804 16.0017797  16.50342655
 16.99945875 17.5022314  17.99584511 18.49363547 18.99479242 19.49844066]
Processed /remote/gpu01a/heneka/21cmlightcones/pure_simulations/run4608.npz with power spectra shape: (30, 10, 10)
Processed /remote/gpu01a/heneka/21cmlightcones/pure_simulations/run4608.npz with redshifts shape: [ 5.18761977  5.50055875  5.9995388   6.49908201  7.00122707  7.49782054
  7.99865107  8.49801459  9.00061082  9.50168724 10.00235976 10.49803039
 10.99837733 11.50065033 12.00177277 12.49835607 12.99601676 13.50209499
 14.00513115 14.50225312 15.00175691 15.50198456 16.00113781 16.49728441
 17.001923   17.5004391  18.00525557 18.50041881 18.99931963 19.50114306]
Processed /remote/gpu01a/heneka/21cmlightcones/pure_simulations/run1954.npz with power spectra shape: (30, 10, 10)
Processed /remote/gpu01a/heneka/21cmlightcones/pure_simulations/run1954.npz with redshifts shape: [ 5.17582332  5.50106589  6.00154311  6.49958413  6.99929853  7.50063213
  8.00072889  8.50208467  8.99886041  9.50147572 10.00025818 10.50285274
 10.99904028 11.49854598 11.99863118 12.49626162 12.99683889 13.49818871
 13.99792518 14.50362148 15.00332365 15.50524817 15.99612602 16.49706347
 16.99505205 17.5013752  18.00177925 18.49408685 19.00581032 19.50700682]
Processed /remote/gpu01a/heneka/21cmlightcones/pure_simulations/run4686.npz with power spectra shape: (30, 10, 10)
Processed /remote/gpu01a/heneka/21cmlightcones/pure_simulations/run4686.npz with redshifts shape: [ 5.18392395  5.49899969  6.00053048  6.50073784  7.00071705  7.50012426
  8.00040514  8.50000042  8.99809922  9.50071863  9.99758229 10.50331368
 11.00118149 11.50123679 12.0005022  12.49569603 13.00147879 13.49772953
 14.0006022  14.49819986 14.99868644 15.50046947 16.00181806 16.5008668
 16.99562289 17.49782381 18.00693278 18.50733476 18.996603   19.50454211]
Processed /remote/gpu01a/heneka/21cmlightcones/pure_simulations/run2785.npz with power spectra shape: (30, 10, 10)
Processed /remote/gpu01a/heneka/21cmlightcones/pure_simulations/run2785.npz with redshifts shape: [ 5.17404217  5.50126976  5.99956596  6.49894438  7.00082042  7.50113599
  8.00050187  8.5014335   8.99819284  9.50113418 10.00072142 10.49813031
 11.00256617 11.49711992 11.99966911 12.50039044 12.99603011 13.50126414
 13.99601059 14.49640288 15.00116353 15.49782759 15.9948807  16.50268917
 16.99581096 17.49697563 18.00573262 18.49315611 18.99960609 19.495446  ]
Processed /remote/gpu01a/heneka/21cmlightcones/pure_simulations/run4561.npz with power spectra shape: (30, 10, 10)
Processed /remote/gpu01a/heneka/21cmlightcones/pure_simulations/run4561.npz with redshifts shape: [ 5.17386234  5.50073108  6.00148745  6.50053826  6.99830782  7.50193521
  8.00083958  8.5012662   8.9974842   9.49983736  9.99880128 10.50197279
 10.99928301 11.50038372 12.00260096 12.50296537 12.99822599 13.5030483
 13.99736678 14.49730182 15.00157712 15.49773962 15.99426803 16.50151686
 16.99407292 17.49464048 18.00276858 18.50375124 18.99534895 19.5058038 ]
Processed /remote/gpu01a/heneka/21cmlightcones/pure_simulations/run2209.npz with power spectra shape: (30, 10, 10)
Processed /remote/gpu01a/heneka/21cmlightcones/pure_simulations/run2209.npz with redshifts shape: [ 5.1867975   5.50121932  6.00129056  6.49875782  6.99859694  7.50146522
  8.00036114  8.49761963  8.99792427  9.5025632  10.00105428 10.50131043
 10.99963543 11.49974437 11.9985764  12.5015293  12.99715104 13.50103943
 14.0017848  14.4965328  15.00485833 15.50301469 16.00000414 16.49390503
 16.99616433 17.50630876 17.99448614 18.50226571 18.9990365  19.49863622]
Processed /remote/gpu01a/heneka/21cmlightcones/pure_simulations/run3560.npz with power spectra shape: (30, 10, 10)
Processed /remote/gpu01a/heneka/21cmlightcones/pure_simulations/run3560.npz with redshifts shape: [ 5.19643782  5.50026421  5.99936117  6.50022647  7.00158516  7.49921046
  7.99927465  8.50101404  8.99867233  9.49840158 10.00253312 10.5002443
 11.00153389 11.50340023 12.00250252 12.50439778 12.99693326 13.49639384
 14.00147269 14.49936233 14.99866693 15.49758201 15.99415848 16.4999076
 17.00017914 17.49264285 18.00562162 18.49219552 18.9977231  19.50593065]
Processed /remote/gpu01a/heneka/21cmlightcones/pure_simulations/run528.npz with power spectra shape: (30, 10, 10)
Processed /remote/gpu01a/heneka/21cmlightcones/pure_simulations/run528.npz with redshifts shape: [ 5.18855114  5.50017293  5.99836422  6.50034555  7.00115108  7.50027834
  7.9990677   8.50101372  9.00076543  9.49832931 10.0013004  10.4994113
 11.00238413 11.49956511 12.00315379 12.50232348 13.00271597 13.5018543
 13.99704117 14.49625515 14.99797485 15.50053415 16.00212479 16.50080202
 16.99449144 17.49519045 18.00231539 18.49983765 19.00120901 19.50561069]
Processed /remote/gpu01a/heneka/21cmlightcones/pure_simulations/run2670.npz with power spectra shape: (30, 10, 10)
Processed /remote/gpu01a/heneka/21cmlightcones/pure_simulations/run2670.npz with redshifts shape: [ 5.21091111  5.49871752  5.99867244  6.50064316  6.99944136  7.49993326
  8.00016495  8.49895962  9.00240768  9.49930778  9.99772042 10.50131408
 10.99877927 11.50275871 12.00172422 12.50146574 12.99922711 13.50300506
 13.99969721 14.49801832 14.99607781 15.50518457 15.99703242 16.49662186
 17.00335164 17.50067633 18.00239597 18.50764145 18.99762947 19.50633698]
Processed /remote/gpu01a/heneka/21cmlightcones/pure_simulations/run3514.npz with power spectra shape: (30, 10, 10)
Processed /remote/gpu01a/heneka/21cmlightcones/pure_simulations/run3514.npz with redshifts shape: [ 5.18713665  5.49922079  5.99999963  6.49826199  6.99898836  7.49844304
  7.99800188  8.50117635  9.00269786  9.50261074 10.00203119 10.50328293
 11.00266088 11.50388687 12.0038919  12.49929754 12.995709   13.50044765
 14.00208413 14.49775732 14.99574074 15.49438168 16.00430383 16.49929963
 17.00271443 17.49996902 18.00345567 18.49726408 18.99475017 19.49510053]
Processed /remote/gpu01a/heneka/21cmlightcones/pure_simulations/run3089.npz with power spectra shape: (30, 10, 10)
Processed /remote/gpu01a/heneka/21cmlightcones/pure_simulations/run3089.npz with redshifts shape: [ 5.15647772  5.50040308  6.00135849  6.50042284  7.00027505  7.49971117
  7.99888176  8.49956369  9.00071924  9.50199695  9.99844905 10.50192236
 10.99748619 11.49950714 11.99888311 12.49932763 12.99812962 13.50051505
 13.99595275 14.49913104 14.99958176 15.50479024 16.00310343 16.50262082
 16.51348741 16.51348741 16.51348741 16.51348741 16.51348741 16.51348741]
Processed /remote/gpu01a/heneka/21cmlightcones/pure_simulations/run2498.npz with power spectra shape: (30, 10, 10)
Processed /remote/gpu01a/heneka/21cmlightcones/pure_simulations/run2498.npz with redshifts shape: [ 5.16560908  5.49948299  5.99869418  6.49868129  7.00020291  7.49871996
  7.99829857  8.5015745   8.99835279  9.49758169 10.00065871 10.49779768
 11.0032425  11.50103366 12.00096896 12.50032115 12.99609277 13.50235013
 14.00006944 14.5047017  14.9950305  15.49849631 16.00411279 16.49884876
 17.00353069 17.50538381 18.00251985 18.04158978 18.04158978 18.04158978]
Processed /remote/gpu01a/heneka/21cmlightcones/pure_simulations/run4923.npz with power spectra shape: (30, 10, 10)
Processed /remote/gpu01a/heneka/21cmlightcones/pure_simulations/run4923.npz with redshifts shape: [ 5.19498978  5.49950367  6.0015471   6.4988342   7.00041816  7.49873122
  7.99994662  8.49794921  8.99743964  9.49958329 10.0000056  10.50099578
 10.99857196 11.49648934 12.00008083 12.49808092 12.99624404 13.50212012
 14.0037304  14.4980224  15.00534976 15.50086573 15.99389893 16.49587788
 17.00635135 17.49541534 18.00470361 18.50352257 19.00574598 19.49336453]
Processed /remote/gpu01a/heneka/21cmlightcones/pure_simulations/run3010.npz with power spectra shape: (30, 10, 10)
Processed /remote/gpu01a/heneka/21cmlightcones/pure_simulations/run3010.npz with redshifts shape: [ 5.18353106  5.50077993  6.00140754  6.50060345  6.99946539  7.50196234
  8.00130622  8.49987988  9.00237164  9.49830239 10.00024284 10.49827756
 11.00195012 11.5009642  11.99912675 12.5017799  12.99770567 13.50226805
 14.0042884  14.50099302 15.0005326  15.5013179  16.00162203 16.49958447
 17.00649003 17.49423507 18.00209765 18.50122971 19.00475836 19.49577755]
Processed /remote/gpu01a/heneka/21cmlightcones/pure_simulations/run2389.npz with power spectra shape: (30, 10, 10)
Processed /remote/gpu01a/heneka/21cmlightcones/pure_simulations/run2389.npz with redshifts shape: [ 5.18887085  5.50105323  6.00022236  6.49960974  7.00121743  7.50122315
  8.00096705  8.4987123   8.99914915  9.49745457 10.00123426 10.50020312
 10.99666858 11.502246   11.99848787 12.49824613 12.99927111 13.49908173
 13.99497581 14.49494279 14.99745895 15.50085548 16.00332039 16.50290415
 16.99752777 17.49921078 18.0073695  18.50594148 18.99241124 19.49733739]
Processed /remote/gpu01a/heneka/21cmlightcones/pure_simulations/run547.npz with power spectra shape: (30, 10, 10)
Processed /remote/gpu01a/heneka/21cmlightcones/pure_simulations/run547.npz with redshifts shape: [ 5.16913895  5.49990261  6.0013025   6.49945288  7.00124859  7.49894554
  8.00089959  8.50138976  8.99893415  9.49826148 10.00072309 10.50250099
 10.99932372 11.50065512 11.99645272 12.49847426 12.9965434  13.49614321
 14.00435208 14.50059433 15.00135813 15.50530015 15.99970905 16.50495569
 16.99633334 17.49597009 18.00345472 18.5045047  18.68527058 18.68527058]
Processed /remote/gpu01a/heneka/21cmlightcones/pure_simulations/run3394.npz with power spectra shape: (30, 10, 10)
Processed /remote/gpu01a/heneka/21cmlightcones/pure_simulations/run3394.npz with redshifts shape: [ 5.20044898  5.50140787  6.00063409  6.5005052   6.99956305  7.49804803
  7.99825414  8.49930507  9.00123089  9.49868348  9.99950679 10.49997076
 11.00377923 11.49944564 11.99976771 12.50249101 12.99518057 13.50487214
 13.99879972 14.49525951 15.00465718 15.50142695 15.99511583 16.49743408
 16.99340371 17.49569749 18.0036293  18.50010485 18.99934888 19.50042739]
Processed /remote/gpu01a/heneka/21cmlightcones/pure_simulations/run2011.npz with power spectra shape: (30, 10, 10)
Processed /remote/gpu01a/heneka/21cmlightcones/pure_simulations/run2011.npz with redshifts shape: [ 5.17170125  5.49966659  5.99987229  6.49900681  7.00126536  7.49869754
  7.9996983   8.49837977  8.99830427  9.49983251  9.99836098 10.50143091
 10.99913516 11.50104137 11.9969205  12.49867285 12.99593549 13.50322012
 14.00074172 14.50445157 15.00270544 15.50356146 16.00549429 16.49494089
 17.00585575 17.5006148  18.00259724 18.49727788 18.99700433 19.17277687]
Processed /remote/gpu01a/heneka/21cmlightcones/pure_simulations/run2285.npz with power spectra shape: (30, 10, 10)
Processed /remote/gpu01a/heneka/21cmlightcones/pure_simulations/run2285.npz with redshifts shape: [ 5.16842497  5.50036049  5.99961301  6.4986811   6.99820251  7.50135152
  8.00132956  8.49967523  8.9999651   9.50263044  9.99740569 10.50300311
 10.99770878 11.49677096 11.9976688  12.49759545 13.00182524 13.49955832
 13.99649031 14.4999411  14.99852277 15.50016755 16.00340947 16.49497231
 16.99600355 17.50618985 17.99870086 18.49742131 18.55251237 18.55251237]
Processed /remote/gpu01a/heneka/21cmlightcones/pure_simulations/run1520.npz with power spectra shape: (30, 10, 10)
Processed /remote/gpu01a/heneka/21cmlightcones/pure_simulations/run1520.npz with redshifts shape: [ 5.17938811  5.500328    5.9986373   6.49983898  6.99852074  7.50185598
  7.9987524   8.50045592  9.00208537  9.49806876 10.00077608 10.5005905
 10.99985672 11.50225531 11.99699144 12.49638862 12.99841455 13.50081544
 14.00112163 14.49665911 14.99542714 15.49590494 15.99643725 16.49523671
 17.00336312 17.4933769  18.00370149 18.5061651  18.9984245  19.49381081]
Processed /remote/gpu01a/heneka/21cmlightcones/pure_simulations/run3003.npz with power spectra shape: (30, 10, 10)
Processed /remote/gpu01a/heneka/21cmlightcones/pure_simulations/run3003.npz with redshifts shape: [ 5.18730555  5.49968848  6.00099056  6.49982525  7.001177    7.50130409
  8.00158227  8.50033306  9.00225144  9.50259257 10.00247284 10.49730342
 10.99674748 11.49806003 11.99817118 12.50249175 12.99953627 13.4951586
 13.99697696 14.50366394 15.00238977 15.50179997 16.00010011 16.49536162
 16.99906357 17.49661819 18.00042493 18.49456305 18.99239679 19.49311235]
Processed /remote/gpu01a/heneka/21cmlightcones/pure_simulations/run4732.npz with power spectra shape: (30, 10, 10)
Processed /remote/gpu01a/heneka/21cmlightcones/pure_simulations/run4732.npz with redshifts shape: [ 5.17214395  5.50100693  5.99968144  6.50013079  7.00015031  7.49880387
  8.00114871  8.50127852  8.9976049   9.50040996 10.00030024 10.4984757
 10.99730012 11.50041429 11.9975621  12.50067332 12.99935561 13.4991558
 13.9977716  14.50265158 15.00212344 15.50426337 15.99610909 16.49835724
 16.99829846 17.49403429 17.99705595 18.50685471 18.9936626  19.25880963]
Processed /remote/gpu01a/heneka/21cmlightcones/pure_simulations/run759.npz with power spectra shape: (30, 10, 10)
Processed /remote/gpu01a/heneka/21cmlightcones/pure_simulations/run759.npz with redshifts shape: [ 5.15345786  5.50002065  5.99896454  6.49972003  6.99935634  7.49951665
  8.00046292  8.49978525  9.00015069  9.501287    9.99841116 10.49753633
 11.00109788 11.4998065  12.00293026 12.5009091  12.99754541 13.49799601
 14.00041147 14.50275881 15.00282687 15.4982358  15.99663897 16.04771959
 16.04771959 16.04771959 16.04771959 16.04771959 16.04771959 16.04771959]
Processed /remote/gpu01a/heneka/21cmlightcones/pure_simulations/run4998.npz with power spectra shape: (30, 10, 10)
Processed /remote/gpu01a/heneka/21cmlightcones/pure_simulations/run4998.npz with redshifts shape: [ 5.17204202  5.50069832  5.99903017  6.49910149  6.99871037  7.50096387
  7.99879151  8.49841745  8.99936685  9.50199993 10.00170088 10.49966986
 10.99827027 11.50114105 11.99803191 12.50086648 12.99925822 13.4987517
 13.99704588 14.50158481 15.0007041  15.50247477 16.0053684  16.49579431
 16.99532487 17.5036083  18.00672214 18.50255821 19.00349209 19.23895329]
Processed /remote/gpu01a/heneka/21cmlightcones/pure_simulations/run3403.npz with power spectra shape: (30, 10, 10)
Processed /remote/gpu01a/heneka/21cmlightcones/pure_simulations/run3403.npz with redshifts shape: [ 5.18206292  5.49948354  5.99900552  6.50089813  6.99956844  7.49792708
  8.00210893  8.50169657  9.0002048   9.49776843 10.00184607 10.50263768
 11.00248161 11.49745721 11.99942381 12.49800091 12.99870795 13.4992231
 13.99700863 14.49983619 14.99527069 15.5033041  15.99964933 16.50611941
 16.99604146 17.50684922 17.99684595 18.50659297 19.00626945 19.49338935]
Processed /remote/gpu01a/heneka/21cmlightcones/pure_simulations/run2500.npz with power spectra shape: (30, 10, 10)
Processed /remote/gpu01a/heneka/21cmlightcones/pure_simulations/run2500.npz with redshifts shape: [ 5.16535027  5.50127695  5.99988466  6.49918854  6.99994806  7.5015202
  8.00054012  8.4986031   8.99929886  9.49779556 10.00007894 10.50248931
 11.00091975 11.49776804 11.99670576 12.50278132 12.99789811 13.5034461
 14.00042916 14.50427583 15.00383042 15.49641113 16.00112759 16.49494697
 16.99865825 17.49951059 17.99562076 17.99562076 17.99562076 17.99562076]
Processed /remote/gpu01a/heneka/21cmlightcones/pure_simulations/run2334.npz with power spectra shape: (30, 10, 10)
Processed /remote/gpu01a/heneka/21cmlightcones/pure_simulations/run2334.npz with redshifts shape: [ 5.17083076  5.4997224   6.00030374  6.50018818  6.99992735  7.49863754
  8.00138063  8.50233576  8.99996428  9.49900302 10.00077889 10.50139908
 11.00324295 11.50280418 11.99621966 12.50335919 12.99831069 13.50310307
 13.99805088 14.4990265  15.00480765 15.50318371 16.00251658 16.50116353
 16.99736079 17.50210546 18.00157297 18.49367748 19.00518372 19.00518372]
Processed /remote/gpu01a/heneka/21cmlightcones/pure_simulations/run2890.npz with power spectra shape: (30, 10, 10)
Processed /remote/gpu01a/heneka/21cmlightcones/pure_simulations/run2890.npz with redshifts shape: [ 5.19093466  5.50073079  5.99880809  6.49996956  6.99908747  7.50003948
  8.0004136   8.49840621  8.99871209  9.50255988  9.99915398 10.49650075
 10.99825349 11.50157431 12.00329212 12.49991927 12.99713379 13.50236824
 14.00392572 14.49885197 14.99555389 15.50442095 15.9999269  16.50486922
 17.0050291  17.49817237 17.99691042 18.50054847 18.99215899 19.50262526]
Processed /remote/gpu01a/heneka/21cmlightcones/pure_simulations/run2429.npz with power spectra shape: (30, 10, 10)
Processed /remote/gpu01a/heneka/21cmlightcones/pure_simulations/run2429.npz with redshifts shape: [ 5.17938793  5.50032747  5.99863616  6.49983718  6.99851823  7.5018527
  7.99874824  8.50045094  9.00207945  9.49806185 10.00076815 10.50058154
 10.99984664 11.50224403 11.99697895 12.49637487 12.99839951 13.50079905
 14.00110386 14.49663991 14.99540637 15.49588282 15.99641358 16.49521142
 17.00333624 17.49334827 18.00367143 18.50613321 18.99839065 19.49377536]
Processed /remote/gpu01a/heneka/21cmlightcones/pure_simulations/run3401.npz with power spectra shape: (30, 10, 10)
Processed /remote/gpu01a/heneka/21cmlightcones/pure_simulations/run3401.npz with redshifts shape: [ 5.19062305  5.49988272  6.00036558  6.50085017  6.9992163   7.49933809
  7.99880977  8.50111528  9.00080021  9.49782733  9.9998319  10.5034306
 10.99730771 11.49973175 12.0005049  12.49614773 13.00177392 13.49646457
 13.99688413 14.50164555 14.99766288 15.50579163 16.00054332 16.50468147
 17.00401003 17.49630018 17.99414227 18.49684206 19.00364038 19.49695378]
Processed /remote/gpu01a/heneka/21cmlightcones/pure_simulations/run1932.npz with power spectra shape: (30, 10, 10)
Processed /remote/gpu01a/heneka/21cmlightcones/pure_simulations/run1932.npz with redshifts shape: [ 5.1565607   5.50067977  5.99918692  6.50134739  7.00156855  7.50140214
  8.00099791  8.50213341  8.99907498  9.50050242 10.00253232 10.50077531
 11.00270173 11.49876896 11.99837237 12.49905939 12.99811738 13.50077502
 13.99649491 14.49997369 15.00073663 15.49632699 16.00492437 16.50479249
 16.52655131 16.52655131 16.52655131 16.52655131 16.52655131 16.52655131]
Processed /remote/gpu01a/heneka/21cmlightcones/pure_simulations/run19.npz with power spectra shape: (30, 10, 10)
Processed /remote/gpu01a/heneka/21cmlightcones/pure_simulations/run19.npz with redshifts shape: [ 5.19593792  5.4989441   6.00001025  6.49962905  6.99961162  7.50034226
  7.99919998  8.4996234   9.00173572  9.50039649 10.00336283 10.49983975
 10.9998038  11.5002618  11.99788466 12.49821453 12.9988412  13.49711739
 14.00093352 14.49751515 14.99544655 15.50535126 16.0010061  16.50576522
 17.00500714 17.49640889 17.99287583 18.49366192 18.99795406 19.50487138]
Processed /remote/gpu01a/heneka/21cmlightcones/pure_simulations/run1819.npz with power spectra shape: (30, 10, 10)
Processed /remote/gpu01a/heneka/21cmlightcones/pure_simulations/run1819.npz with redshifts shape: [ 5.17768012  5.50097107  6.00067604  6.50061345  6.99827132  7.50080495
  8.00181971  8.49886247  9.00077647  9.49753803 10.00143782 10.50298745
 10.99755021 11.50235262 12.00017362 12.50325365 13.00079622 13.49845974
 14.00357752 14.50471539 14.99905516 15.49487309 16.00232342 16.49657549
 16.99986547 17.49840694 18.0040297  18.50167674 19.00409254 19.49493448]
Processed /remote/gpu01a/heneka/21cmlightcones/pure_simulations/run4976.npz with power spectra shape: (30, 10, 10)
Processed /remote/gpu01a/heneka/21cmlightcones/pure_simulations/run4976.npz with redshifts shape: [ 5.16417118  5.50014322  6.00069893  6.49959178  7.00021072  7.49810143
  8.00154078  8.50057425  8.99774285  9.49775075 10.0020199  10.50088163
 11.0020247  11.50218314 11.99774275 12.50018603 12.99969648 13.50166036
 14.00397311 14.50433621 15.00026624 15.49953106 16.00073073 16.50234314
 17.00272709 17.50012561 17.78824702 17.78824702 17.78824702 17.78824702]
Processed /remote/gpu01a/heneka/21cmlightcones/pure_simulations/run2457.npz with power spectra shape: (30, 10, 10)
Processed /remote/gpu01a/heneka/21cmlightcones/pure_simulations/run2457.npz with redshifts shape: [ 5.15695487  5.49951753  5.99919757  6.49961282  7.00096839  7.49836151
  7.99899062  8.50126346  8.99942992  9.50218897 10.00021661 10.49959281
 11.00274169 11.50009545 12.00107122 12.50320936 13.00378805 13.4998352
 13.9967829  14.50157217 15.0037011  15.50070389 16.00037895 16.50132668
 16.58879967 16.58879967 16.58879967 16.58879967 16.58879967 16.58879967]
Processed /remote/gpu01a/heneka/21cmlightcones/pure_simulations/run2770.npz with power spectra shape: (30, 10, 10)
Processed /remote/gpu01a/heneka/21cmlightcones/pure_simulations/run2770.npz with redshifts shape: [ 5.1601397   5.49997634  5.99899375  6.50058183  6.99885038  7.49898914
  8.00200546  8.50174413  9.00079668  9.49869701 10.00135345 10.49940608
 11.00042576 11.50129365 11.99854879 12.50345618 12.99854918 13.4962323
 14.00330035 14.50035889 15.00311035 15.50019341 15.99953594 16.49968157
 16.9990577  17.10383817 17.10383817 17.10383817 17.10383817 17.10383817]
Processed /remote/gpu01a/heneka/21cmlightcones/pure_simulations/run4167.npz with power spectra shape: (30, 10, 10)
Processed /remote/gpu01a/heneka/21cmlightcones/pure_simulations/run4167.npz with redshifts shape: [ 5.18536441  5.50014254  5.99936767  6.49989459  6.99986004  7.49886928
  7.99833337  8.50177673  8.99847277  9.49918585  9.99992204 10.50302141
 10.99755693 11.50137618 11.99641    12.50401411 12.99591053 13.49580716
 14.00257551 14.50422406 14.99774484 15.50346132 15.99661708 16.49938343
 16.99798872 17.50426078 18.00311493 18.50731452 19.00044109 19.49623596]
Processed /remote/gpu01a/heneka/21cmlightcones/pure_simulations/run285.npz with power spectra shape: (30, 10, 10)
Processed /remote/gpu01a/heneka/21cmlightcones/pure_simulations/run285.npz with redshifts shape: [ 5.15577037  5.50050289  5.99911034  6.4986232   6.99929009  7.49995083
  8.00079112  8.49928885  8.99807919  9.50183961 10.00135103 10.50267895
 11.0021226  11.50210267 11.99931713 12.49746599 13.00158397 13.5018308
 14.00362132 14.49585326 15.00328173 15.49643854 16.00242233 16.40272677
 16.40272677 16.40272677 16.40272677 16.40272677 16.40272677 16.40272677]
Processed /remote/gpu01a/heneka/21cmlightcones/pure_simulations/run950.npz with power spectra shape: (30, 10, 10)
Processed /remote/gpu01a/heneka/21cmlightcones/pure_simulations/run950.npz with redshifts shape: [ 5.20308471  5.49867251  6.00080438  6.49958067  7.00095571  7.50155135
  7.99844994  8.50064405  8.99728174  9.50111272 10.0018219  10.50165883
 10.9963514  11.49816727 11.99608813 12.4957718  13.00470039 13.5004822
 14.00074337 14.50389385 14.9958922  15.49883042 15.99893903 16.49402131
 16.99640349 17.50546709 18.00460088 18.50767038 18.99661215 19.50419489]
Processed /remote/gpu01a/heneka/21cmlightcones/pure_simulations/run4906.npz with power spectra shape: (30, 10, 10)
Processed /remote/gpu01a/heneka/21cmlightcones/pure_simulations/run4906.npz with redshifts shape: [ 5.17019663  5.50047378  5.99921121  6.50036906  6.99820403  7.49883365
  7.99966565  8.49855822  8.99908256  9.50163468 10.00168685 10.50046282
 11.00033586 11.49781655 11.99661305 12.50185226 13.00329048 13.49753992
 13.99969218 14.49885825 15.00272171 15.49912074 15.99638678 16.50468978
 16.99917094 17.5020937  17.99968403 18.50375374 18.88437957 18.88437957]
Processed /remote/gpu01a/heneka/21cmlightcones/pure_simulations/run2575.npz with power spectra shape: (30, 10, 10)
Processed /remote/gpu01a/heneka/21cmlightcones/pure_simulations/run2575.npz with redshifts shape: [ 5.2077237   5.50069099  6.00034961  6.49871724  6.99845547  7.50082171
  7.99868783  8.50114464  8.99699824  9.49919079  9.99708648 10.50055302
 10.99849433 11.50340725 12.00397651 12.49620779 12.99635268 13.50312535
 14.00365614 14.49458385 14.9974544  15.49888116 15.99672803 16.50308723
 17.00240402 17.50777351 18.00217506 18.49975716 18.99958955 19.50067169]
Processed /remote/gpu01a/heneka/21cmlightcones/pure_simulations/run3298.npz with power spectra shape: (30, 10, 10)
Processed /remote/gpu01a/heneka/21cmlightcones/pure_simulations/run3298.npz with redshifts shape: [ 5.1714065   5.49877435  6.00099844  6.49936529  7.00076653  7.50129539
  8.00163949  8.49960086  8.99873884  9.4994145  10.00295771 10.49912615
 11.00255257 11.49661813 11.99896734 12.49995976 12.99642326 13.50284686
 13.99947951 14.50224568 14.99952316 15.49935537 16.00022037 16.50046964
 16.99833152 17.50484098 18.00612436 18.50008482 18.99905263 19.11579544]
Processed /remote/gpu01a/heneka/21cmlightcones/pure_simulations/run4792.npz with power spectra shape: (30, 10, 10)
Processed /remote/gpu01a/heneka/21cmlightcones/pure_simulations/run4792.npz with redshifts shape: [ 5.19141612  5.49903171  6.00157223  6.50061518  7.00109743  7.49905036
  8.0006335   8.4999337   9.00165517  9.50086335  9.99861493 10.49720461
 11.00029396 11.4970327  11.99976054 12.49745493 12.99580393 13.50225768
 14.00509076 14.50133814 14.99942745 15.49763416 15.99409244 16.50005722
 17.00128036 17.49552068 17.99541673 18.50027298 18.99311944 19.50491752]
Processed /remote/gpu01a/heneka/21cmlightcones/pure_simulations/run3678.npz with power spectra shape: (30, 10, 10)
Processed /remote/gpu01a/heneka/21cmlightcones/pure_simulations/run3678.npz with redshifts shape: [ 5.15983354  5.49898061  5.99970249  6.50036967  7.00105992  7.50041551
  7.99846983  8.50135998  8.99939641  9.50136261  9.99769526 10.50042253
 11.00052433 11.50041538 11.99664281 12.50044897 13.00233889 13.49925289
 13.99668997 14.50168825 15.00352426 15.49965854 15.99800446 16.49710899
 16.99540367 17.05337365 17.05337365 17.05337365 17.05337365 17.05337365]
Processed /remote/gpu01a/heneka/21cmlightcones/pure_simulations/run2861.npz with power spectra shape: (30, 10, 10)
Processed /remote/gpu01a/heneka/21cmlightcones/pure_simulations/run2861.npz with redshifts shape: [ 5.16887758  5.49909864  5.99959902  6.50005827  7.00111108  7.50196745
  7.9990663   8.49860375  9.00019372  9.49882207 10.00052596 10.50149407
 10.9974639  11.49788416 12.00022707 12.50167614 12.99913817 13.49809045
 13.99630685 14.50112595 15.00112846 15.5042676  15.99785398 16.50222464
 17.00493664 17.50415186 17.99792073 18.4979667  18.63651042 18.63651042]
Processed /remote/gpu01a/heneka/21cmlightcones/pure_simulations/run4179.npz with power spectra shape: (30, 10, 10)
Processed /remote/gpu01a/heneka/21cmlightcones/pure_simulations/run4179.npz with redshifts shape: [ 5.2048235   5.4998807   5.99941663  6.49846714  6.99976428  7.49984947
  8.0009596   8.50209808  8.99707544  9.49870614  9.99654665 10.50037346
 10.9992864  11.49709586 11.99927511 12.50348076 12.9969668  13.49662199
 14.00100715 14.49670131 15.00498976 15.49971882 16.00418068 16.50376056
 16.99610113 17.49412026 17.99707944 18.50416903 18.99717474 19.49115745]
Processed /remote/gpu01a/heneka/21cmlightcones/pure_simulations/run3252.npz with power spectra shape: (30, 10, 10)
Processed /remote/gpu01a/heneka/21cmlightcones/pure_simulations/run3252.npz with redshifts shape: [ 5.17707206  5.49918907  6.00002397  6.50156763  7.00135774  7.49824825
  8.00179627  8.50199718  9.00239511  9.49753297  9.99966357 10.49933332
 10.99889447 11.5020168  11.99807925 12.49928172 13.00365236 13.49973661
 14.00316386 14.50253889 14.99505789 15.50020359 15.99438521 16.49884831
 17.00049404 17.49733687 18.00116688 18.49698123 18.99747973 19.50195004]
Processed /remote/gpu01a/heneka/21cmlightcones/pure_simulations/run3817.npz with power spectra shape: (30, 10, 10)
Processed /remote/gpu01a/heneka/21cmlightcones/pure_simulations/run3817.npz with redshifts shape: [ 5.20890579  5.50036293  5.99925934  6.5004324   6.99880099  7.49924106
  7.99986934  8.49956947  8.99817903  9.49666022  9.9972579  10.50365083
 10.99646777 11.50416645 11.99841253 12.50294645 12.99600769 13.49477525
 13.99774214 14.50323547 14.99677798 15.5010454  16.00184157 16.49686984
 16.99877131 17.50687393 18.00406106 18.5045572  19.00742731 19.49332841]
Processed /remote/gpu01a/heneka/21cmlightcones/pure_simulations/run3497.npz with power spectra shape: (30, 10, 10)
Processed /remote/gpu01a/heneka/21cmlightcones/pure_simulations/run3497.npz with redshifts shape: [ 5.21436756  5.50045216  6.00156185  6.49983318  6.99778317  7.50151178
  7.99934082  8.50049095  8.99967124  9.4977696   9.99699434 10.50102553
 10.99832575 11.50169626 11.99938121 12.49722204 13.00298423 13.5041149
 13.99730622 14.50373363 14.99732809 15.50131045 16.00108114 16.49424947
 16.99374368 17.49883608 17.99194755 18.50506462 19.00299148 19.50143711]
Processed /remote/gpu01a/heneka/21cmlightcones/pure_simulations/run908.npz with power spectra shape: (30, 10, 10)
Processed /remote/gpu01a/heneka/21cmlightcones/pure_simulations/run908.npz with redshifts shape: [ 5.16096696  5.50012862  5.99901437  6.50015999  7.00106014  7.50030484
  8.00200874  8.49994881  9.00152142  9.50213051 10.00214506 10.50290029
 11.00046956 11.4972566  11.99690154 12.49681913 13.00214694 13.5026536
 14.0038725  14.50358057 14.99937348 15.49889673 16.00080606 16.50363761
 17.0058085  17.24125172 17.24125172 17.24125172 17.24125172 17.24125172]
Processed /remote/gpu01a/heneka/21cmlightcones/pure_simulations/run4393.npz with power spectra shape: (30, 10, 10)
Processed /remote/gpu01a/heneka/21cmlightcones/pure_simulations/run4393.npz with redshifts shape: [ 5.15818464  5.50110136  5.99947372  6.50091399  6.99968893  7.50100722
  8.00188971  8.49969753  9.00177522  9.49857626 10.00036714 10.49793829
 10.99880186 11.49991122 11.99787947 12.49643045 13.0006445  13.50049955
 14.0014635  14.50138242 14.99792207 15.49862284 16.00219248 16.49624121
 16.7850849  16.7850849  16.7850849  16.7850849  16.7850849  16.7850849 ]
Processed /remote/gpu01a/heneka/21cmlightcones/pure_simulations/run4457.npz with power spectra shape: (30, 10, 10)
Processed /remote/gpu01a/heneka/21cmlightcones/pure_simulations/run4457.npz with redshifts shape: [ 5.15577609  5.5005221   5.99915098  6.49868736  6.99937997  7.50006833
  8.00093827  8.49946749  8.99829098  9.50208681 10.00163505 10.49724435
 11.00248543 11.50250747 11.99976502 12.49795878 13.00212365 13.5024187
 14.00425888 14.49654092 15.0040227  15.49723261 16.00327236 16.40362196
 16.40362196 16.40362196 16.40362196 16.40362196 16.40362196 16.40362196]
Processed /remote/gpu01a/heneka/21cmlightcones/pure_simulations/run389.npz with power spectra shape: (30, 10, 10)
Processed /remote/gpu01a/heneka/21cmlightcones/pure_simulations/run389.npz with redshifts shape: [ 5.19822004  5.49874234  5.99886982  6.50052019  6.99810608  7.50004579
  7.99978119  8.50073987  8.99706969  9.50131148  9.99664278 10.49854916
 10.99656425 11.50274365 11.9976171  12.50384508 13.00087758 13.50514224
 14.00442283 14.49558595 14.99928038 15.50279291 16.00415154 16.50124387
 17.0061449  17.50335265 18.00592038 18.49694088 19.00726478 19.50304893]
Processed /remote/gpu01a/heneka/21cmlightcones/pure_simulations/run3085.npz with power spectra shape: (30, 10, 10)
Processed /remote/gpu01a/heneka/21cmlightcones/pure_simulations/run3085.npz with redshifts shape: [ 5.19141827  5.4990376   6.00158473  6.5006349   7.00112499  7.49908639
  8.00067858  8.49998845  9.00172007  9.50093895  9.99870178 10.49730311
 11.00040494 11.49715626 11.99989754 12.49760549 12.99596877 13.50243738
 13.99476342 14.50154841 14.9996538  15.49787662 15.99435198 16.50033411
 17.0015749  17.49583308 17.99574774 18.50062298 18.99348847 19.50530672]
Processed /remote/gpu01a/heneka/21cmlightcones/pure_simulations/run1038.npz with power spectra shape: (30, 10, 10)
Processed /remote/gpu01a/heneka/21cmlightcones/pure_simulations/run1038.npz with redshifts shape: [ 5.16516868  5.50070369  5.99867548  6.50049944  7.00082081  7.50190485
  8.0003921   8.49787764  8.99794818  9.50110304  9.99734868 10.49900329
 11.00314825 11.49957679 11.99806274 12.50364954 12.99825891 13.50325954
 13.99967626 14.50292063 15.00185065 15.50427832 15.99782067 16.50240002
 17.00587407 17.49401447 17.96346557 17.96346557 17.96346557 17.96346557]
Processed /remote/gpu01a/heneka/21cmlightcones/pure_simulations/run3580.npz with power spectra shape: (30, 10, 10)
Processed /remote/gpu01a/heneka/21cmlightcones/pure_simulations/run3580.npz with redshifts shape: [ 5.17923925  5.4998966   6.00087664  6.49839864  7.00035088  7.4992191
  8.00004008  8.50142378  8.9973349   9.4983104  10.00060763 10.49998602
 10.99878894 11.50069407 12.00287157 12.50218853 13.00411686 13.49703101
 13.99671806 14.50197229 15.00057916 15.50087981 16.00121965 16.49981268
 16.99474746 17.49749546 17.99350202 18.49513731 19.00174557 19.49684186]
Processed /remote/gpu01a/heneka/21cmlightcones/pure_simulations/run4434.npz with power spectra shape: (30, 10, 10)
Processed /remote/gpu01a/heneka/21cmlightcones/pure_simulations/run4434.npz with redshifts shape: [ 5.17010495  5.50019331  5.99861903  6.49943238  7.00054552  7.50111812
  8.00187545  8.50067641  9.00109205  9.49803494  9.9975507  10.50205001
 11.00175164 11.49904698 11.99764313 12.50266492 13.00387314 13.49788227
 13.99977722 14.49867379 15.00225229 15.49835753 15.99531681 16.50329367
 16.99744528 17.50002075 17.99725539 18.50095305 18.86700533 18.86700533]
Processed /remote/gpu01a/heneka/21cmlightcones/pure_simulations/run750.npz with power spectra shape: (30, 10, 10)
Processed /remote/gpu01a/heneka/21cmlightcones/pure_simulations/run750.npz with redshifts shape: [ 5.1656286   5.49954438  5.99882391  6.4988864   7.00049023  7.49909536
  7.99876836  8.50214553  8.99902964  9.49837044 10.00156572 10.49882712
 10.99787796 11.50232608 12.00239997 12.50189572 12.99781473 13.50422728
 14.00210417 14.49732239 14.99739364 15.50103258 15.99582466 16.50174205
 16.9946225  17.49616007 18.00598238 18.04506748 18.04506748 18.04506748]
Processed /remote/gpu01a/heneka/21cmlightcones/pure_simulations/run1034.npz with power spectra shape: (30, 10, 10)
Processed /remote/gpu01a/heneka/21cmlightcones/pure_simulations/run1034.npz with redshifts shape: [ 5.21063988  5.501358    6.00095749  6.49841965  7.00083903  7.50080318
  8.00045362  8.49861682  9.00137628  9.4975477  10.00244129 10.49794103
 11.00280759 11.49758878 11.99559247 12.50419841 13.00146528 13.50471098
 14.00084739 14.49858038 14.99602247 15.50446756 15.99564755 16.49453002
 17.00051404 17.49707861 17.99800395 18.50242213 18.9915814  19.49940141]
Processed /remote/gpu01a/heneka/21cmlightcones/pure_simulations/run2440.npz with power spectra shape: (30, 10, 10)
Processed /remote/gpu01a/heneka/21cmlightcones/pure_simulations/run2440.npz with redshifts shape: [ 5.18520027  5.49968258  5.99839579  6.49835847  7.00168169  7.50040749
  7.99955316  8.49750683  8.99895455  9.49924966  9.99953662 10.50215372
 11.00347255 11.49946302 12.00215016 12.50093608 13.00139969 13.50114326
 13.99755131 14.4984955  15.0025152  15.49625325 16.00092587 16.50343493
 17.00176869 17.4937945  18.0062996  18.49507178 19.00297277 19.49842053]
Processed /remote/gpu01a/heneka/21cmlightcones/pure_simulations/run3732.npz with power spectra shape: (30, 10, 10)
Processed /remote/gpu01a/heneka/21cmlightcones/pure_simulations/run3732.npz with redshifts shape: [ 5.16006426  5.49973088  6.00129296  6.49976098  7.00114044  7.50125146
  8.00012488  8.49946173  8.99808977  9.50070419  9.99772763 10.50120407
 11.00209953 11.50283097 11.99993831 12.49715986 12.9996059  13.49710615
 14.00397636 14.50082974 15.00336248 15.50021873 15.9993227  16.49921918
 16.99833608 17.09137967 17.09137967 17.09137967 17.09137967 17.09137967]
Processed /remote/gpu01a/heneka/21cmlightcones/pure_simulations/run1711.npz with power spectra shape: (30, 10, 10)
Processed /remote/gpu01a/heneka/21cmlightcones/pure_simulations/run1711.npz with redshifts shape: [ 5.19857719  5.49967375  6.00084279  6.49977889  6.99821369  7.50109417
  8.00184791  8.49840558  9.00140308  9.50051238  9.99669672 10.49952848
 10.9985209  11.4974525  12.00171241 12.49978846 12.99750167 13.50250166
 14.00255404 14.49451828 14.99907646 15.50349457 16.00579633 16.50386353
 16.99544635 17.49310781 17.99616452 18.50386445 18.99857278 19.4949272 ]
Processed /remote/gpu01a/heneka/21cmlightcones/pure_simulations/run2294.npz with power spectra shape: (30, 10, 10)
Processed /remote/gpu01a/heneka/21cmlightcones/pure_simulations/run2294.npz with redshifts shape: [ 5.15916806  5.499326    6.00071898  6.49932709  7.00116458  7.49837292
  7.9981716   8.49886948  8.99933567  9.49914028  9.99868532 10.49932603
 10.99721529 11.50142471 12.00266207 12.49718839 12.996756   13.49957937
 14.00367919 14.49767834 14.99718719 15.50102727 15.99732258 16.50532692
 16.94438137 16.94438137 16.94438137 16.94438137 16.94438137 16.94438137]
Processed /remote/gpu01a/heneka/21cmlightcones/pure_simulations/run2812.npz with power spectra shape: (30, 10, 10)
Processed /remote/gpu01a/heneka/21cmlightcones/pure_simulations/run2812.npz with redshifts shape: [ 5.17519446  5.49920247  6.00068422  6.50019928  6.99812542  7.50160944
  7.99994725  8.4993895   8.99937034  9.50017735  9.99703666 10.4975669
 10.9984869  11.50346381 12.00201969 12.49803085 12.99688286 13.49640952
 14.00387394 14.49790582 14.99551577 15.49524963 15.99552155 16.49461728
 17.00336967 17.49500402 17.99333895 18.49782258 18.99299609 19.50730927]
Processed /remote/gpu01a/heneka/21cmlightcones/pure_simulations/run2529.npz with power spectra shape: (30, 10, 10)
Processed /remote/gpu01a/heneka/21cmlightcones/pure_simulations/run2529.npz with redshifts shape: [ 5.17543286  5.49990872  5.99909695  6.49914479  7.00142982  7.50181449
  8.00087022  8.50109051  9.00190731  9.49795314 10.00140648 10.50293653
 10.99800191 11.50365031 12.00291014 12.49966105 12.99929601 13.49964522
 13.9983287  14.50290366 15.00144431 15.50214874 16.00342782 16.50356314
 17.00071145 17.50613716 18.00561174 18.49696474 18.99278555 19.49236653]
Processed /remote/gpu01a/heneka/21cmlightcones/pure_simulations/run1669.npz with power spectra shape: (30, 10, 10)
Processed /remote/gpu01a/heneka/21cmlightcones/pure_simulations/run1669.npz with redshifts shape: [ 5.17161762  5.49941341  5.99933648  6.50150585  7.00008006  7.50118165
  8.00215225  8.5007893   9.00065523  9.50211093 10.00055391 10.49718471
 11.0011176  11.50289934 11.99864305 12.50024669 12.99735002 13.50446045
 14.00179956 14.49539294 15.00336292 15.50400219 15.99431068 16.49492136
 17.00558305 17.50008686 18.00180017 18.49620599 18.99564469 19.15658636]
Processed /remote/gpu01a/heneka/21cmlightcones/pure_simulations/run1899.npz with power spectra shape: (30, 10, 10)
Processed /remote/gpu01a/heneka/21cmlightcones/pure_simulations/run1899.npz with redshifts shape: [ 5.15405909  5.49963223  6.00056906  6.50053551  6.99898167  7.50114349
  8.00032616  8.50166524  8.99959108  9.49774636 10.00195329 10.49764575
 10.99717861 11.49765016 12.0026687  12.50263564 13.00136429 13.49597114
 14.00029572 14.49574077 14.99746741 15.50439318 16.00507165 16.13898621
 16.13898621 16.13898621 16.13898621 16.13898621 16.13898621 16.13898621]
Processed /remote/gpu01a/heneka/21cmlightcones/pure_simulations/run4220.npz with power spectra shape: (30, 10, 10)
Processed /remote/gpu01a/heneka/21cmlightcones/pure_simulations/run4220.npz with redshifts shape: [ 5.15672663  5.50123294  6.00035471  6.50013721  7.00078748  7.50109731
  8.00121509  8.4985671   9.00046757  9.49749564  9.99985642 10.49845965
 11.00078044 11.49726775 11.99732393 12.49849403 12.99806236 13.50126252
 13.99754504 14.5016226  15.00300827 15.49924113 15.99810847 16.49821294
 16.5527127  16.5527127  16.5527127  16.5527127  16.5527127  16.5527127 ]
Processed /remote/gpu01a/heneka/21cmlightcones/pure_simulations/run2383.npz with power spectra shape: (30, 10, 10)
Processed /remote/gpu01a/heneka/21cmlightcones/pure_simulations/run2383.npz with redshifts shape: [ 5.20081391  5.49920003  5.9991083   6.49975306  6.99967075  7.49909899
  8.00033406  8.50249592  8.99960537  9.49785988  9.99955349 10.50094892
 10.99786098 11.50246258 12.00389236 12.49836427 13.00167641 13.50217406
 13.99687099 14.5057347  15.00442523 15.5020961  15.99672066 16.50003156
 16.99702139 17.50038764 17.99371065 18.50705749 19.00748342 19.49215097]
Processed /remote/gpu01a/heneka/21cmlightcones/pure_simulations/run2074.npz with power spectra shape: (30, 10, 10)
Processed /remote/gpu01a/heneka/21cmlightcones/pure_simulations/run2074.npz with redshifts shape: [ 5.16198049  5.50085473  6.00024398  6.4984857   6.99901355  7.50132464
  7.99809599  8.49894905  8.99884808  9.50250524 10.00018862 10.49806625
 10.99853635 11.49841188 12.00135341 12.49714335 12.9977057  13.50119261
 13.99664066 14.49919287 14.9979547  15.50061485 15.99506081 16.50085477
 16.99439323 17.41171356 17.41171356 17.41171356 17.41171356 17.41171356]
Processed /remote/gpu01a/heneka/21cmlightcones/pure_simulations/run2837.npz with power spectra shape: (30, 10, 10)
Processed /remote/gpu01a/heneka/21cmlightcones/pure_simulations/run2837.npz with redshifts shape: [ 5.21196324  5.50129275  6.00041156  6.50103497  6.99789756  7.50080469
  7.998262    8.49943984  8.99915601  9.4983357   9.99920815 10.49764868
 10.9973908  11.5038308  11.99599523 12.4979233  12.9979947  13.50424263
 14.00349807 14.50451614 15.00539474 15.50407218 15.99833579 16.50048718
 16.99462609 17.49407357 17.99803106 18.50562661 18.9979849  19.509247  ]
Processed /remote/gpu01a/heneka/21cmlightcones/pure_simulations/run960.npz with power spectra shape: (30, 10, 10)
Processed /remote/gpu01a/heneka/21cmlightcones/pure_simulations/run960.npz with redshifts shape: [ 5.20030412  5.50103225  5.99984145  6.4992537   7.00210265  7.50045743
  8.00050764  8.5013779   8.99710827  9.5003249  10.00089758 10.5010892
 10.99672753 11.49995521 11.99994117 12.50230613 13.00454614 13.50391305
 13.99743034 14.50501755 15.00239583 15.49869753 16.00518011 16.49371252
 17.00362637 17.50598617 17.99827614 18.49418011 18.99283293 19.4933015 ]
Processed /remote/gpu01a/heneka/21cmlightcones/pure_simulations/run2979.npz with power spectra shape: (30, 10, 10)
Processed /remote/gpu01a/heneka/21cmlightcones/pure_simulations/run2979.npz with redshifts shape: [ 5.18558331  5.50075589  6.00066389  6.49833012  6.99874719  7.49825879
  7.99827573  8.50232549  8.99966701  9.50107697 10.00255537 10.49959193
 11.00179983 11.49873116 12.00243273 12.50228475 13.00387637 13.50480373
 14.00244349 14.50468593 14.99881907 15.50519145 15.99901424 16.50248805
 17.00182172 17.49487628 17.99394156 18.49837287 19.00746274 19.50411025]
Processed /remote/gpu01a/heneka/21cmlightcones/pure_simulations/run2980.npz with power spectra shape: (30, 10, 10)
Processed /remote/gpu01a/heneka/21cmlightcones/pure_simulations/run2980.npz with redshifts shape: [ 5.21425355  5.50017676  6.00097902  6.49891431  7.00108055  7.49983046
  8.00270459  8.49793906  9.00304513  9.50112865 10.00032553 10.4964232
 11.0015633  11.49592433 12.00247653 12.50022932 12.99528856 13.49573363
 13.99998022 14.49392207 14.99972555 15.50355243 16.00315877 16.49615481
 16.99546474 17.50036058 17.99327081 18.50616841 19.00387288 19.50208655]
Processed /remote/gpu01a/heneka/21cmlightcones/pure_simulations/run3221.npz with power spectra shape: (30, 10, 10)
Processed /remote/gpu01a/heneka/21cmlightcones/pure_simulations/run3221.npz with redshifts shape: [ 5.1604939   5.50112877  5.99860417  6.50130437  7.00079083  7.49848836
  7.99850303  8.49909017  8.99907157  9.4979778  10.00172802 10.50094025
 10.99687908 11.49866017 11.99688422 12.50283816 12.99901758 13.49785169
 13.99731538 14.5044763  14.99882698 15.49682897 15.99714181 16.49830634
 16.9987463  17.16249241 17.16249241 17.16249241 17.16249241 17.16249241]
Processed /remote/gpu01a/heneka/21cmlightcones/pure_simulations/run1903.npz with power spectra shape: (30, 10, 10)
Processed /remote/gpu01a/heneka/21cmlightcones/pure_simulations/run1903.npz with redshifts shape: [ 5.17410951  5.49872937  5.9999914   6.4996163   7.00176166  7.49827635
  8.00204181  8.49847223  9.00040882  9.49810728  9.99767454 10.50150112
 10.99950426 11.50134765 11.99662387 12.49736521 13.00166734 13.49830139
 14.00266765 14.50359307 14.99834862 15.49507537 16.00375675 16.50008448
 17.00588491 17.4945431  18.00339798 18.50512575 18.99748164 19.49343532]
Processed /remote/gpu01a/heneka/21cmlightcones/pure_simulations/run3966.npz with power spectra shape: (30, 10, 10)
Processed /remote/gpu01a/heneka/21cmlightcones/pure_simulations/run3966.npz with redshifts shape: [ 5.18044063  5.50053846  5.99873542  6.49948047  7.00115271  7.49931268
  7.99898779  8.49873727  8.99785006  9.50231203 10.00211585 10.49836117
 11.00047463 11.49837152 12.00384063 12.49814855 13.00327301 13.49950064
 14.00272018 14.50128889 15.00325195 15.49562526 15.99911868 16.50099945
 16.99933944 17.50568843 18.00538687 18.49617188 19.00624707 19.50485777]
Processed /remote/gpu01a/heneka/21cmlightcones/pure_simulations/run3851.npz with power spectra shape: (30, 10, 10)
Processed /remote/gpu01a/heneka/21cmlightcones/pure_simulations/run3851.npz with redshifts shape: [ 5.183924    5.49899983  6.00053079  6.50073833  7.00071766  7.50012513
  8.00040618  8.50000177  8.99810081  9.50072049  9.99758444 10.50331612
 11.00118422 11.50123973 12.00050559 12.49569981 13.00148287 13.49773396
 14.00060701 14.4982051  14.99869203 15.50047547 16.00182441 16.50087357
 16.99563017 17.49783155 18.00694105 18.50734344 18.99661212 19.50455178]
Processed /remote/gpu01a/heneka/21cmlightcones/pure_simulations/run4545.npz with power spectra shape: (30, 10, 10)
Processed /remote/gpu01a/heneka/21cmlightcones/pure_simulations/run4545.npz with redshifts shape: [ 5.18683304  5.50131836  6.0014997   6.4990875   6.99905811  7.50206909
  8.00111654  8.49853553  8.99901096  9.49781397 10.0025109  10.5029647
 11.00149503 11.50181843 12.00087248 12.50405727 12.99991529 13.50405179
 14.00505124 14.50005777 14.99733496 15.49523263 16.00435777 16.49854507
 17.0011023  17.49747608 18.00003662 18.49290417 19.00523022 19.50515953]
Processed /remote/gpu01a/heneka/21cmlightcones/pure_simulations/run728.npz with power spectra shape: (30, 10, 10)
Processed /remote/gpu01a/heneka/21cmlightcones/pure_simulations/run728.npz with redshifts shape: [ 5.19894291  5.50062791  5.99937339  6.49909907  6.99841121  7.50226372
  7.99898651  8.50175075  9.00001311  9.49995644  9.99703315 10.50083208
 11.00084582 11.5008582  11.9974501  12.49620884 13.00450513 13.50043635
 14.00131208 14.50561131 14.99960736 15.50498837 15.99510026 16.49361694
 17.0000378  17.4988137  18.00303736 18.49574347 19.00788945 19.50551144]
Processed /remote/gpu01a/heneka/21cmlightcones/pure_simulations/run756.npz with power spectra shape: (30, 10, 10)
Processed /remote/gpu01a/heneka/21cmlightcones/pure_simulations/run756.npz with redshifts shape: [ 5.15609025  5.49911158  6.00137348  6.49915312  7.00094322  7.49915813
  8.00099462  8.50057005  9.00052225  9.50050279 10.0009762  10.49757032
 10.99773308 11.49849151 11.99653655 12.50290951 13.00064559 13.50189377
 13.99614806 14.49806266 14.99719597 15.50101406 15.99789719 16.45269041
 16.45269041 16.45269041 16.45269041 16.45269041 16.45269041 16.45269041]
Processed /remote/gpu01a/heneka/21cmlightcones/pure_simulations/run3419.npz with power spectra shape: (30, 10, 10)
Processed /remote/gpu01a/heneka/21cmlightcones/pure_simulations/run3419.npz with redshifts shape: [ 5.2116994   5.50064684  5.99904877  6.49888207  6.99941858  7.50182835
  7.99874242  8.49932299  8.99839501  9.49688392  9.9970171  10.50247508
 11.00190344 11.49915016 11.99978494 12.50130249 13.00093424 13.49566208
 14.00546366 14.50595253 15.00627362 15.50436802 15.99802658 16.49953614
 16.99301741 17.50769288 17.99500735 18.50184768 18.99344837 19.5038982 ]
Processed /remote/gpu01a/heneka/21cmlightcones/pure_simulations/run4421.npz with power spectra shape: (30, 10, 10)
Processed /remote/gpu01a/heneka/21cmlightcones/pure_simulations/run4421.npz with redshifts shape: [ 5.18896647  5.50131672  6.00077847  6.50048767  6.99839636  7.49839539
  7.9981473   8.50115123  9.002043    9.50082571  9.99858624 10.49763095
 11.00161569 11.499864   11.99621835 12.49610169 12.9972637  13.49722258
 14.00366242 14.50432449 14.99611125 15.49970119 16.0023701  16.50216703
 16.99701196 17.49892942 18.00733572 18.50616069 18.99288639 19.49808808]
Processed /remote/gpu01a/heneka/21cmlightcones/pure_simulations/run4002.npz with power spectra shape: (30, 10, 10)
Processed /remote/gpu01a/heneka/21cmlightcones/pure_simulations/run4002.npz with redshifts shape: [ 5.19855041  5.49960397  6.00069482  6.49954549  6.99788753  7.50066704
  8.00131323  8.49775766  9.00063357  9.49961595 10.00251747 10.49835914
 10.99720623 11.49598673 12.00008784 12.49800161 12.99554711 13.50037148
 14.00024432 14.50348385 14.99639372 15.50061535 16.00271631 16.50057937
 17.00629859 17.50434645 17.99224041 18.49971314 18.99419529 19.50775465]
Processed /remote/gpu01a/heneka/21cmlightcones/pure_simulations/run1118.npz with power spectra shape: (30, 10, 10)
Processed /remote/gpu01a/heneka/21cmlightcones/pure_simulations/run1118.npz with redshifts shape: [ 5.17923814  5.49989332  6.00086964  6.49838763  7.00033548  7.49919881
  8.00001477  8.50139312  9.00266647  9.49826792 10.00055885 10.49993055
 10.99872665 11.50062462 12.00279458 12.50210382 13.00402418 13.49693023
 13.9966087  14.50185412 15.00045202 15.50074342 16.00107378 16.49965713
 16.99458214 17.49731976 17.99331599 18.49494068 19.00153787 19.49662343]
Processed /remote/gpu01a/heneka/21cmlightcones/pure_simulations/run1388.npz with power spectra shape: (30, 10, 10)
Processed /remote/gpu01a/heneka/21cmlightcones/pure_simulations/run1388.npz with redshifts shape: [ 5.20063527  5.49873987  6.00165354  6.49821383  7.00181356  7.50098812
  8.00193455  8.49821697  9.00053275  9.49840476  9.99968261 10.50063263
 10.99707457 11.50116998 12.00206859 12.49598991 12.99871466 13.49860162
 14.00368953 14.50086047 14.99886643 15.49582972 16.00302297 16.50616519
 17.00297355 17.50614092 17.99925507 18.49602107 18.9955728  19.49697509]
Processed /remote/gpu01a/heneka/21cmlightcones/pure_simulations/run3620.npz with power spectra shape: (30, 10, 10)
Processed /remote/gpu01a/heneka/21cmlightcones/pure_simulations/run3620.npz with redshifts shape: [ 5.16537071  5.49873469  6.00002083  6.49940363  7.0002492   7.50191415
  8.00103308  8.49920103  9.00000843  9.49862222 10.00102959 10.49745888
 11.00213426 11.49912169 11.99820459 12.49666096 12.99970363 13.49676238
 14.00256205 14.49701729 14.99628087 15.49906886 16.00397175 16.49797835
 17.00188493 17.5029359  17.99924734 17.99924734 17.99924734 17.99924734]
Processed /remote/gpu01a/heneka/21cmlightcones/pure_simulations/run4939.npz with power spectra shape: (30, 10, 10)
Processed /remote/gpu01a/heneka/21cmlightcones/pure_simulations/run4939.npz with redshifts shape: [ 5.16433845  5.50067396  5.99892984  6.50136474  6.9991635   7.50134355
  8.00139576  8.50094247  8.9986631   9.49926591  9.99849247 10.49763397
 10.99908674 11.49958228 12.00279962 12.49833874 12.99826586 13.50067437
 14.00345763 14.5043145  15.00075818 15.50056392 16.00233049 16.50453404
 17.00553057 17.50356095 17.81746379 17.81746379 17.81746379 17.81746379]
Processed /remote/gpu01a/heneka/21cmlightcones/pure_simulations/run1148.npz with power spectra shape: (30, 10, 10)
Processed /remote/gpu01a/heneka/21cmlightcones/pure_simulations/run1148.npz with redshifts shape: [ 5.18238334  5.50039677  6.00093738  6.50040218  6.9999298   7.49922785
  7.99977581  8.50007112  8.99935104  9.49774806 10.00273323 10.49775343
 10.99817388 11.50139657 11.99641108 12.50427014 12.99718049 13.49850802
 13.99714582 14.50087814 14.99724682 15.49470646 16.00364599 16.4985496
 17.00220661 17.50043604 18.00534898 18.50146198 19.00182596 19.50567787]
Processed /remote/gpu01a/heneka/21cmlightcones/pure_simulations/run1839.npz with power spectra shape: (30, 10, 10)
Processed /remote/gpu01a/heneka/21cmlightcones/pure_simulations/run1839.npz with redshifts shape: [ 5.18251018  5.50075836  5.99849548  6.50160987  7.00161883  7.50143535
  7.99787183  8.49836451  8.99786488  9.50238388 10.00175935 10.49706511
 10.99779578 11.50135163 11.99671424 12.49638056 12.99824767 13.4999877
 13.99905455 14.50323937 15.00007248 15.49801554 15.99535349 16.50288804
 16.99388889 17.50587192 17.9970439  18.49317687 18.99357015 19.49746059]
Processed /remote/gpu01a/heneka/21cmlightcones/pure_simulations/run2990.npz with power spectra shape: (30, 10, 10)
Processed /remote/gpu01a/heneka/21cmlightcones/pure_simulations/run2990.npz with redshifts shape: [ 5.17322826  5.49883207  6.00051642  6.50095077  7.00059858  7.49847406
  7.99962433  8.4980676   9.00254645  9.49781702 10.00075261 10.50217743
 10.99764439 11.49677285 11.99690003 12.50320816 12.9966416  13.49950193
 14.00133312 14.49961408 15.00213407 15.49648629 16.0026211  16.49635345
 16.99939824 17.49834127 18.00474775 18.50396209 18.99375733 19.47182296]
Processed /remote/gpu01a/heneka/21cmlightcones/pure_simulations/run293.npz with power spectra shape: (30, 10, 10)
Processed /remote/gpu01a/heneka/21cmlightcones/pure_simulations/run293.npz with redshifts shape: [ 5.17866052  5.50103146  6.00046473  6.49975745  7.00017021  7.50155332
  8.00091481  8.50070549  9.00026341  9.49980016 10.00054243 10.49826576
 11.00234044 11.5028148  12.00346665 12.50117521 13.00139668 13.50188629
 14.00018636 14.50396037 15.00103053 15.49971528 15.99836552 16.4952029
 17.00124285 17.50262338 17.99721995 18.49736825 19.00241322 19.49592287]
Processed /remote/gpu01a/heneka/21cmlightcones/pure_simulations/run928.npz with power spectra shape: (30, 10, 10)
Processed /remote/gpu01a/heneka/21cmlightcones/pure_simulations/run928.npz with redshifts shape: [ 5.16135661  5.4988455   5.99883953  6.50122836  7.00003036  7.50043121
  7.99927258  8.49822956  9.00091883  9.49752928  9.99845829 10.50020609
 10.9988363  11.49675503 11.99761004 12.49880876 12.99749196 13.49898503
 14.00125091 14.50206124 14.99900413 15.49974189 16.0029276  16.49589516
 16.99896515 17.30651633 17.30651633 17.30651633 17.30651633 17.30651633]
Processed /remote/gpu01a/heneka/21cmlightcones/pure_simulations/run4709.npz with power spectra shape: (30, 10, 10)
Processed /remote/gpu01a/heneka/21cmlightcones/pure_simulations/run4709.npz with redshifts shape: [ 5.1763248   5.49977497  5.99848363  6.50110165  6.99866202  7.50141299
  7.99853983  8.50118354  8.9993449   9.49778775  9.99776317 10.5016534
 10.99921    11.50018241 12.00182334 12.50108677 13.0033906  13.49733087
 13.99847192 14.49547105 14.99622155 15.49926019 16.00298979 16.5056815
 17.00547984 17.50040984 18.0022169  18.49595954 18.99428647 19.49648761]
Processed /remote/gpu01a/heneka/21cmlightcones/pure_simulations/run4678.npz with power spectra shape: (30, 10, 10)
Processed /remote/gpu01a/heneka/21cmlightcones/pure_simulations/run4678.npz with redshifts shape: [ 5.1808361   5.49883225  6.00114103  6.49976153  6.99872084  7.50202381
  7.99844435  8.49927515  8.99955493  9.4994546  10.00017409 10.49739908
 11.00057362 11.4995906  11.9982379  12.50181555 12.99930314 13.49642261
 14.00060055 14.50017115 15.00319496 15.49665859 16.00131711 16.50440915
 17.00400054 17.49803613 17.99852674 18.50487547 19.00109174 19.50060896]
Processed /remote/gpu01a/heneka/21cmlightcones/pure_simulations/run2274.npz with power spectra shape: (30, 10, 10)
Processed /remote/gpu01a/heneka/21cmlightcones/pure_simulations/run2274.npz with redshifts shape: [ 5.20796697  5.5012982   6.00163251  6.50074082  7.00128644  7.49965282
  7.99801237  8.50101391  8.99745014  9.50027701  9.99884466 10.50303326
 11.00172965 11.49876055 11.99964162 12.50195256 13.00301261 13.49989279
 14.00084604 14.50420614 14.9955614  15.49748961 15.99585926 16.50277574
 17.00266653 17.49299695 18.00365898 18.50188408 19.00238579 19.50416149]
Processed /remote/gpu01a/heneka/21cmlightcones/pure_simulations/run2688.npz with power spectra shape: (30, 10, 10)
Processed /remote/gpu01a/heneka/21cmlightcones/pure_simulations/run2688.npz with redshifts shape: [ 5.154531    5.49878973  6.00122816  6.49984502  6.99981014  7.50001493
  8.00068399  8.49935362  8.9986742   9.49833739  9.9988382  10.50159324
 11.00296295 11.49890511 11.99872569 12.50003461 13.00018422 13.49627975
 14.00220269 14.49929527 15.00276755 15.5017115  16.00383134 16.2111255
 16.2111255  16.2111255  16.2111255  16.2111255  16.2111255  16.2111255 ]
Processed /remote/gpu01a/heneka/21cmlightcones/pure_simulations/run1643.npz with power spectra shape: (30, 10, 10)
Processed /remote/gpu01a/heneka/21cmlightcones/pure_simulations/run1643.npz with redshifts shape: [ 5.1637697   5.49886979  6.00088594  6.49853114  7.00128873  7.50186867
  8.00017664  8.49783469  8.99843784  9.50251843 10.0002006  10.49768374
 10.99735792 11.50282489 11.99718191 12.49833491 12.99649319 13.49702973
 13.99784686 14.49665395 15.00090612 15.49895845 15.99888516 16.49916889
 16.99817294 17.49414751 17.71840195 17.71840195 17.71840195 17.71840195]
Processed /remote/gpu01a/heneka/21cmlightcones/pure_simulations/run1713.npz with power spectra shape: (30, 10, 10)
Processed /remote/gpu01a/heneka/21cmlightcones/pure_simulations/run1713.npz with redshifts shape: [ 5.15988383  5.49914417  6.00004925  6.50091789  6.99839332  7.50141849
  7.9997243   8.49844533  9.00120384  9.49831424 10.00011524 10.49726442
 10.99731991 11.49717027 12.00046091 12.49713869 12.99900387 13.49589844
 14.00212105 14.49830992 15.00014154 15.49627617 16.0052488  16.50483542
 17.00362258 17.06165049 17.06165049 17.06165049 17.06165049 17.06165049]
Processed /remote/gpu01a/heneka/21cmlightcones/pure_simulations/run3119.npz with power spectra shape: (30, 10, 10)
Processed /remote/gpu01a/heneka/21cmlightcones/pure_simulations/run3119.npz with redshifts shape: [ 5.21168773  5.50061833  5.99898858  6.49878697  6.99928552  7.50165407
  7.99852465  8.49905872  8.99808151  9.50332355  9.99659748 10.5019979
 11.0013671  11.49855233 11.99912285 12.50057384 13.00013701 13.49479462
 14.00452176 14.50493526 15.0051789  15.50319407 15.99677229 16.49819815
 17.00687128 17.5061806  17.99340794 18.50015592 18.99166494 19.50201775]
Processed /remote/gpu01a/heneka/21cmlightcones/pure_simulations/run111.npz with power spectra shape: (30, 10, 10)
Processed /remote/gpu01a/heneka/21cmlightcones/pure_simulations/run111.npz with redshifts shape: [ 5.17388534  5.5008      5.99857547  6.50076825  6.99862913  7.49827097
  8.00136618  8.50190536  8.99824152  9.50072064  9.99981607 10.50312616
 11.00057923 11.50182977 11.9964839  12.49655922 13.0001537  13.49605549
 13.99964267 14.49975986 15.00422394 15.50057727 15.99730165 16.50475566
 16.99751543 17.49829488 18.00664289 18.49365776 18.99966647 19.49505766]
Processed /remote/gpu01a/heneka/21cmlightcones/pure_simulations/run3320.npz with power spectra shape: (30, 10, 10)
Processed /remote/gpu01a/heneka/21cmlightcones/pure_simulations/run3320.npz with redshifts shape: [ 5.17407241  5.50136046  5.99975728  6.49924647  7.00124361  7.50168927
  8.00119416  8.50227412  8.99918908  9.5022963  10.00205655 10.49964571
 10.99741842 11.49902037 12.00177477 12.50270777 12.99856426 13.50402627
 13.9990031  14.49963505 15.00464439 15.50155947 15.99887069 16.49487554
 17.00033928 17.501783   17.9971654  18.49853642 19.00528674 19.5014268 ]
Processed /remote/gpu01a/heneka/21cmlightcones/pure_simulations/run2170.npz with power spectra shape: (30, 10, 10)
Processed /remote/gpu01a/heneka/21cmlightcones/pure_simulations/run2170.npz with redshifts shape: [ 5.17425175  5.49915313  6.00089026  6.50103591  7.00001025  7.50087197
  8.00083523  8.50241704  8.99987012  9.49794588  9.99792041 10.50218625
 11.00065083 11.50298628 11.99877428 12.50005883 12.99628831 13.50215642
 13.99755521 14.4986383  15.00412689 15.50153727 15.99936689 16.49591158
 17.00194815 17.50398241 17.99997009 18.50197535 18.99461709 19.5061984 ]
Processed /remote/gpu01a/heneka/21cmlightcones/pure_simulations/run4994.npz with power spectra shape: (30, 10, 10)
Processed /remote/gpu01a/heneka/21cmlightcones/pure_simulations/run4994.npz with redshifts shape: [ 5.17403104  5.50123636  5.99949564  6.49883321  7.0006647   7.50093238
  8.00024715  8.50112424  8.99782634  9.50070671 10.00023015 10.49757292
 11.00193861 11.49642081 11.99889457 12.49953801 13.00373115 13.50024806
 14.00448526 14.49521395 14.99988332 15.49645488 16.00496796 16.50112244
 16.99414553 17.49520741 18.00385787 18.50537547 18.99751671 19.49324613]
Processed /remote/gpu01a/heneka/21cmlightcones/pure_simulations/run4314.npz with power spectra shape: (30, 10, 10)
Processed /remote/gpu01a/heneka/21cmlightcones/pure_simulations/run4314.npz with redshifts shape: [ 5.17463312  5.50028923  6.00022875  6.50143811  7.00158401  7.49962563
  8.00060712  8.4984558   9.00194503  9.50129812 10.00263839 10.5019103
 11.00147352 11.49767558 12.00200214 12.49639142 13.00218471 13.50036747
 13.9967764  14.49893495 14.99497592 15.50414504 16.00319883 16.5010143
 16.99575971 17.49864459 17.99551318 18.49845024 19.00684654 19.50465817]
Processed /remote/gpu01a/heneka/21cmlightcones/pure_simulations/run2729.npz with power spectra shape: (30, 10, 10)
Processed /remote/gpu01a/heneka/21cmlightcones/pure_simulations/run2729.npz with redshifts shape: [ 5.16446951  5.50108977  5.99980726  6.49954593  7.00110465  7.50001755
  8.00036418  8.5002357   8.99830971  9.49929711  9.99893568 10.49851689
 11.0004386  11.50142886 11.99786549 12.5012505  13.00174865 13.4961515
 13.99910646 14.50015045 14.99679527 15.49681934 15.99882054 16.501274
 17.00253508 17.50084286 17.84040049 17.84040049 17.84040049 17.84040049]
Processed /remote/gpu01a/heneka/21cmlightcones/pure_simulations/run3239.npz with power spectra shape: (30, 10, 10)
Processed /remote/gpu01a/heneka/21cmlightcones/pure_simulations/run3239.npz with redshifts shape: [ 5.16775841  5.50094327  6.00116064  6.50161525  6.99938187  7.50058067
  7.99844464  8.49916697  9.00240258  9.49779616 10.00180618 10.49945391
 10.99852463 11.50263756 12.00186178 12.50000947 13.00233722 13.49808852
 14.00217146 14.50388059 15.00064577 15.50037245 16.00160039 16.50274508
 17.00210021 17.49784422 18.00120934 18.42975971 18.42975971 18.42975971]
Processed /remote/gpu01a/heneka/21cmlightcones/pure_simulations/run3159.npz with power spectra shape: (30, 10, 10)
Processed /remote/gpu01a/heneka/21cmlightcones/pure_simulations/run3159.npz with redshifts shape: [ 5.17490568  5.50110115  5.99887013  6.50074317  7.00162698  7.50047606
  7.99786555  8.50113581  9.00040777  9.500445   10.00252637 10.50258913
 11.00299507 11.50008414 11.99759711 12.50073219 12.99889712 13.49769401
 14.00437532 14.49760457 15.00496916 15.50431343 16.00416452 16.50281014
 16.9984139  17.50220542 18.00000255 18.50391303 18.99849592 19.49677704]
Processed /remote/gpu01a/heneka/21cmlightcones/pure_simulations/run4839.npz with power spectra shape: (30, 10, 10)
Processed /remote/gpu01a/heneka/21cmlightcones/pure_simulations/run4839.npz with redshifts shape: [ 5.19955262  5.499084    5.99923028  6.50052194  7.00155548  7.49793649
  8.00093239  8.49991284  8.99959093  9.50106754  9.99977829 10.49798156
 10.99936613 11.50084228 11.99897789 12.49937579 12.99954264 13.49674498
 13.99897944 14.50472134 15.00020231 15.49452411 15.9988983  16.49912273
 16.99293324 17.49294802 17.99848287 18.49252651 19.0061209  19.50520646]
Processed /remote/gpu01a/heneka/21cmlightcones/pure_simulations/run4945.npz with power spectra shape: (30, 10, 10)
Processed /remote/gpu01a/heneka/21cmlightcones/pure_simulations/run4945.npz with redshifts shape: [ 5.21357576  5.49853973  6.00125602  6.50174638  6.99799894  7.49983924
  8.00108532  8.50049079  8.99779024  9.50073528  9.99829789 10.50052802
 10.99593305 11.49726791 12.00228021 12.49843013 13.00237347 13.50160364
 14.00455017 14.49714581 15.00149741 15.50380566 16.00183532 16.49320819
 17.00621565 17.49390345 18.00169789 18.49592712 18.99166201 19.50657194]
Processed /remote/gpu01a/heneka/21cmlightcones/pure_simulations/run3525.npz with power spectra shape: (30, 10, 10)
Processed /remote/gpu01a/heneka/21cmlightcones/pure_simulations/run3525.npz with redshifts shape: [ 5.21021069  5.50030043  5.99872529  6.49898354  7.00040717  7.49928489
  7.99775719  8.50047107  9.00233332  9.49754637 10.00139248 10.50354025
 10.99947427 11.50180073 11.99903075 12.49693729 13.00317868 13.50548184
 14.00063849 14.49733921 14.9937003  15.50099104 16.00493117 16.5032035
 16.99335706 17.50441378 18.00461531 18.50826783 18.99665034 19.50362851]
Processed /remote/gpu01a/heneka/21cmlightcones/pure_simulations/run4867.npz with power spectra shape: (30, 10, 10)
Processed /remote/gpu01a/heneka/21cmlightcones/pure_simulations/run4867.npz with redshifts shape: [ 5.18265305  5.5011656   5.9993542   6.49941238  6.9996036   7.49963279
  8.00097985  8.50213803  9.00234131  9.5017207  10.0014487  10.49712982
 10.99826516 11.50225323 11.99806503 12.49820839 13.00057808 13.50284376
 14.00245614 14.49666025 15.00463491 15.50318777 16.00115571 16.49668942
 17.00101819 17.49994189 18.00558811 18.50245043 19.00359878 19.49220981]
Processed /remote/gpu01a/heneka/21cmlightcones/pure_simulations/run3007.npz with power spectra shape: (30, 10, 10)
Processed /remote/gpu01a/heneka/21cmlightcones/pure_simulations/run3007.npz with redshifts shape: [ 5.19308812  5.50051949  6.00100096  6.50073038  7.00159718  7.49954709
  8.0007449   8.4991804   8.99955429  9.50306473  9.99875262 10.50179658
 11.00207493 11.50334317 12.00235729 12.49555873 12.99821827 13.49920171
 13.99570879 14.49586867 14.99808905 15.50062887 16.00160264 16.49898608
 17.00457697 17.50330431 17.99278302 18.5019711  18.99921157 19.49876933]
Processed /remote/gpu01a/heneka/21cmlightcones/pure_simulations/run2298.npz with power spectra shape: (30, 10, 10)
Processed /remote/gpu01a/heneka/21cmlightcones/pure_simulations/run2298.npz with redshifts shape: [ 5.17045844  5.50127494  6.00090304  6.4997214   6.99828474  7.4997192
  8.0014267   8.50125932  8.99768559  9.50092676 10.00171806 10.50128343
 11.00199882 11.50036734 12.00010303 12.49833142 13.00035868 13.50414092
 13.99804378 14.49790792 15.00251308 15.49967783 15.99774586 16.49507938
 17.00225115 17.50608819 18.00461602 18.49575482 18.93412558 18.93412558]
Processed /remote/gpu01a/heneka/21cmlightcones/pure_simulations/run3912.npz with power spectra shape: (30, 10, 10)
Processed /remote/gpu01a/heneka/21cmlightcones/pure_simulations/run3912.npz with redshifts shape: [ 5.20287991  5.50133679  5.99969863  6.50178018  6.99851376  7.4983588
  7.99963842  8.50141442  8.99760126  9.50093773 10.00111972 10.50039517
 11.00246981 11.50415929 12.00193214 12.50144534 13.00012517 13.49515652
 13.99463027 14.4969586  15.00039426 15.50303526 16.00282861 16.49757975
 16.99960673 17.49302314 18.00703448 18.49316698 18.99821578 19.5053465 ]
Processed /remote/gpu01a/heneka/21cmlightcones/pure_simulations/run4368.npz with power spectra shape: (30, 10, 10)
Processed /remote/gpu01a/heneka/21cmlightcones/pure_simulations/run4368.npz with redshifts shape: [ 5.17328493  5.49900167  6.00087633  6.50151953  7.00139398  7.49951296
  8.00092539  8.49964596  8.99922915  9.49999968  9.99727448 10.49862715
 11.00084825 11.50034568 12.00085651 12.4994237  13.00140655 13.4956316
 13.99742699 14.49567703 14.99817084 15.50350173 15.99861953 16.50435621
 16.99537648 17.49431616 18.00072338 18.4999428  19.00443207 19.48304149]
Processed /remote/gpu01a/heneka/21cmlightcones/pure_simulations/run2131.npz with power spectra shape: (30, 10, 10)
Processed /remote/gpu01a/heneka/21cmlightcones/pure_simulations/run2131.npz with redshifts shape: [ 5.18838749  5.49972234  6.00072091  6.49884041  6.99904466  7.50194712
  8.0004397   8.50205409  9.001444    9.49861676 10.00116228 10.49882219
 11.00131063 11.49798487 12.00103226 12.49963826 12.99943924 13.4979613
 14.00286677 14.5019352  15.00349235 15.50587261 15.99476894 16.50573689
 16.99920448 17.49966362 18.00653027 18.5037844  19.00487107 19.49241412]
Processed /remote/gpu01a/heneka/21cmlightcones/pure_simulations/run484.npz with power spectra shape: (30, 10, 10)
Processed /remote/gpu01a/heneka/21cmlightcones/pure_simulations/run484.npz with redshifts shape: [ 5.15350332  5.50017507  5.99929091  6.50023621  7.00007865  7.50046133
  8.00164595  8.50122105  9.00185451  9.49832238 10.00069242 10.50012691
 10.99796624 11.50305837 11.99971294 12.49765647 13.00188099 13.50271847
 13.99708152 14.49941213 14.99946821 15.50462125 16.00346704 16.05459359
 16.05459359 16.05459359 16.05459359 16.05459359 16.05459359 16.05459359]
Processed /remote/gpu01a/heneka/21cmlightcones/pure_simulations/run2094.npz with power spectra shape: (30, 10, 10)
Processed /remote/gpu01a/heneka/21cmlightcones/pure_simulations/run2094.npz with redshifts shape: [ 5.21516989  5.49901618  5.99812486  6.49794339  7.00221827  7.49822528
  7.99766791  8.50059285  9.001687    9.50183686 10.00325629 10.50170968
 11.00094261 11.49740587 11.99671569 12.49628451 13.00390528 13.49575547
 14.00217734 14.49835595 14.99354868 15.499247   16.00080204 16.49581058
 16.99724811 17.50438564 17.99957044 18.49740943 18.9969047  19.4969864 ]
Processed /remote/gpu01a/heneka/21cmlightcones/pure_simulations/run3324.npz with power spectra shape: (30, 10, 10)
Processed /remote/gpu01a/heneka/21cmlightcones/pure_simulations/run3324.npz with redshifts shape: [ 5.17633149  5.49979468  5.99852541  6.50116779  6.99875447  7.50153406
  7.99869105  8.50136737  8.99956281  9.49804149  9.99805492 10.50198498
 10.99958269 11.50059819 12.00228385 12.50159344 13.00394541 13.49793439
 13.99912644 14.49617753 14.99698189 15.50007623 16.00386302 16.49438488
 16.99371464 17.50146127 18.00333067 18.49713614 18.99552782 19.49779527]
Processed /remote/gpu01a/heneka/21cmlightcones/pure_simulations/run958.npz with power spectra shape: (30, 10, 10)
Processed /remote/gpu01a/heneka/21cmlightcones/pure_simulations/run958.npz with redshifts shape: [ 5.18590388  5.49872989  5.99929634  6.50132338  6.99895095  7.4993717
  8.0003775   8.50034526  8.99841081  9.50061266 10.00294394 10.50088436
 10.99674899 11.50201209 11.99855102 12.49905488 13.00134506 13.50301364
 14.00143203 14.50450234 14.99949066 15.49498481 16.00153768 16.50600371
 17.00636006 17.50046206 18.00062483 18.50620325 19.00073221 19.4979901 ]
Processed /remote/gpu01a/heneka/21cmlightcones/pure_simulations/run3184.npz with power spectra shape: (30, 10, 10)
Processed /remote/gpu01a/heneka/21cmlightcones/pure_simulations/run3184.npz with redshifts shape: [ 5.20658807  5.50109863  6.00160373  6.5013117   6.9985004   7.4980501
  7.99815163  8.49775233  9.00291494  9.50275555  9.99813471 10.49887381
 11.00205513 11.49576397 12.00224841 12.50133929 12.99900575 13.50312301
 14.00089162 14.50088775 15.00129561 15.50014304 15.99530911 16.49882051
 16.99521154 17.49750289 18.00495285 18.49991624 18.99701598 19.49525653]
Processed /remote/gpu01a/heneka/21cmlightcones/pure_simulations/run1264.npz with power spectra shape: (30, 10, 10)
Processed /remote/gpu01a/heneka/21cmlightcones/pure_simulations/run1264.npz with redshifts shape: [ 5.15997174  5.49943007  6.00065532  6.49875517  6.99973184  7.49940984
  8.00191718  8.50110616  8.99956726  9.50199446  9.99881451 10.50206689
 11.00272175 11.5031954  12.00003017 12.49696279 12.99910044 13.49627963
 14.00280678 14.49930851 15.00147052 15.49794558 15.99665202 16.4961356
 16.99482631 17.07612914 17.07612914 17.07612914 17.07612914 17.07612914]
Processed /remote/gpu01a/heneka/21cmlightcones/pure_simulations/run219.npz with power spectra shape: (30, 10, 10)
Processed /remote/gpu01a/heneka/21cmlightcones/pure_simulations/run219.npz with redshifts shape: [ 5.19506468  5.49970266  5.99854559  6.49949909  7.00134938  7.49994761
  8.00146974  8.49979645  8.99963084  9.50213888 10.00294224 10.49713516
 11.00232124 11.5006691  11.9960637  12.50317549 13.00181751 13.49800433
 13.9995941  14.50513195 15.00119041 15.49670352 16.00267116 16.50523686
 17.00221484 17.5059837  18.00061177 18.4994609  19.00172    19.50651142]
Processed /remote/gpu01a/heneka/21cmlightcones/pure_simulations/run4129.npz with power spectra shape: (30, 10, 10)
Processed /remote/gpu01a/heneka/21cmlightcones/pure_simulations/run4129.npz with redshifts shape: [ 5.15681369  5.49904907  6.00096757  6.50110532  6.99877395  7.49918158
  7.99941675  8.50125742  8.99895997  9.50121582  9.99871147 10.4975214
 11.00006728 11.49679332 11.99710591 12.49854902 12.99840472 13.50190985
 13.9985078  14.50292058 15.0046544  15.50124559 16.00048743 16.50098071
 16.56646304 16.56646304 16.56646304 16.56646304 16.56646304 16.56646304]
Processed /remote/gpu01a/heneka/21cmlightcones/pure_simulations/run923.npz with power spectra shape: (30, 10, 10)
Processed /remote/gpu01a/heneka/21cmlightcones/pure_simulations/run923.npz with redshifts shape: [ 5.18287845  5.49893039  6.00070914  6.50155351  6.99867768  7.49925584
  8.00120657  8.49794883  8.99845122  9.49816778  9.99827071 10.50110943
 11.00313985 11.50041862 11.99674365 12.49743822 13.00039511 13.50328066
 14.00354178 14.49841836 14.99603311 15.49480311 16.00514577 16.50147389
 16.99341537 17.50642187 17.99861565 18.49582038 18.99733417 19.5023927 ]
Processed /remote/gpu01a/heneka/21cmlightcones/pure_simulations/run513.npz with power spectra shape: (30, 10, 10)
Processed /remote/gpu01a/heneka/21cmlightcones/pure_simulations/run513.npz with redshifts shape: [ 5.17007606  5.50010485  6.00142398  6.49913704  7.00013204  7.50057738
  8.00119846  8.49985515  9.00011759  9.50238226 10.00212421 10.50056765
 11.00008463 11.49718876 12.00313662 12.50039915 13.0013932  13.50407944
 13.9968509  14.495514   14.99885008 15.49471004 16.00270956 16.49913066
 17.00532575 17.49532111 18.00562694 18.49569095 18.86153152 18.86153152]
Processed /remote/gpu01a/heneka/21cmlightcones/pure_simulations/run889.npz with power spectra shape: (30, 10, 10)
Processed /remote/gpu01a/heneka/21cmlightcones/pure_simulations/run889.npz with redshifts shape: [ 5.16841442  5.50032787  5.99954415  6.49857234  7.00166549  7.50115224
  8.00108014  8.49937277  8.99960614  9.50221173 10.00274616 10.50245662
 10.99709497 11.50313672 11.99691079 12.49676117 13.00091155 13.49856366
 13.99541236 14.49877627 14.99726966 15.49882292 16.00197089 16.50512169
 16.99437245 17.5044565  17.99686646 18.49548258 18.55056185 18.55056185]
Processed /remote/gpu01a/heneka/21cmlightcones/pure_simulations/run669.npz with power spectra shape: (30, 10, 10)
Processed /remote/gpu01a/heneka/21cmlightcones/pure_simulations/run669.npz with redshifts shape: [ 5.18171562  5.50135345  6.00010459  6.50112501  6.99883491  7.50040878
  7.99917381  8.49753449  9.00017503  9.50261682  9.99978273 10.49945516
 10.99811593 11.4994548  12.00056664 12.49824172 12.9979907  13.497497
 14.00422309 14.49594277 15.00123883 15.49704161 16.00420346 16.49729969
 16.99903906 17.49529453 17.99813008 18.50694837 19.00567791 19.50781759]
Processed /remote/gpu01a/heneka/21cmlightcones/pure_simulations/run3659.npz with power spectra shape: (30, 10, 10)
Processed /remote/gpu01a/heneka/21cmlightcones/pure_simulations/run3659.npz with redshifts shape: [ 5.177525    5.50051663  5.99971593  6.49909725  6.99996045  7.49803225
  7.99834826  8.49957587  9.00109659  9.49743713 10.00087853 10.50194134
 11.00298198 11.50024783 11.99749864 12.49997433 12.99689209 13.50318429
 13.99833332 14.4987621  15.00313492 15.49870543 16.00588504 16.49985712
 17.00284535 17.50107158 18.00635861 18.50365932 19.00570981 19.49617975]
Processed /remote/gpu01a/heneka/21cmlightcones/pure_simulations/run3705.npz with power spectra shape: (30, 10, 10)
Processed /remote/gpu01a/heneka/21cmlightcones/pure_simulations/run3705.npz with redshifts shape: [ 5.18299478  5.49926003  6.00140849  6.49909444  7.00022089  7.50127425
  7.9990541   8.50101402  9.00208851  9.50240685 10.00314197 10.499887
 11.00216272 11.49970285 11.99630639 12.49729959 13.00057411 13.50379449
 14.00440534 14.49964432 14.99763936 15.4968064  15.99542501 16.50432598
 16.99670471 17.49638974 18.00284366 18.50053471 19.00255358 19.49204638]
Processed /remote/gpu01a/heneka/21cmlightcones/pure_simulations/run71.npz with power spectra shape: (30, 10, 10)
Processed /remote/gpu01a/heneka/21cmlightcones/pure_simulations/run71.npz with redshifts shape: [ 5.16555767  5.49932162  6.0012661   6.50137014  6.99944722  7.50162367
  8.00130039  8.50007257  9.00153391  9.50084387  9.99827314 10.50120603
 11.00019377 11.49763524 11.99720589 12.49618064 12.99977737 13.49741377
 14.00383129 14.49891955 14.99885075 15.50233955 15.99697547 16.50272433
 16.99543241 17.49678616 18.00641301 18.03244629 18.03244629 18.03244629]
Processed /remote/gpu01a/heneka/21cmlightcones/pure_simulations/run4991.npz with power spectra shape: (30, 10, 10)
Processed /remote/gpu01a/heneka/21cmlightcones/pure_simulations/run4991.npz with redshifts shape: [ 5.21624017  5.50158411  5.99976889  6.4981291   7.00037595  7.4987378
  8.00076917  8.50053139  8.99770368  9.50008325  9.99646068 10.49696227
 10.99839936 11.49720313 11.99901323 12.50122786 13.00097699 13.49513709
 14.00406542 14.50282345 15.00071062 15.49559003 15.9994822  16.49690338
 17.00089065 17.49445517 17.99170347 18.49170832 18.99346832 19.49590721]
Processed /remote/gpu01a/heneka/21cmlightcones/pure_simulations/run445.npz with power spectra shape: (30, 10, 10)
Processed /remote/gpu01a/heneka/21cmlightcones/pure_simulations/run445.npz with redshifts shape: [ 5.21504505  5.49871671  6.00125742  6.50111742  7.00081468  7.50142897
  8.00086095  8.49780976  8.99838465  9.49798865  9.99883366 10.49668988
 11.0037413  11.50008827 11.99926728 12.49869169 12.99551162 13.49783385
 14.00406946 14.50005291 14.99503878 15.50051328 16.00183408 16.49659994
 16.99777974 17.50464478 17.99955234 18.49710131 18.99629481 19.49606341]
Processed /remote/gpu01a/heneka/21cmlightcones/pure_simulations/run3920.npz with power spectra shape: (30, 10, 10)
Processed /remote/gpu01a/heneka/21cmlightcones/pure_simulations/run3920.npz with redshifts shape: [ 5.16258055  5.50022345  5.99860324  6.49858673  7.00105077  7.50166254
  8.00036937  8.49882015  9.00062135  9.50109405 10.00057437 10.50037558
 11.00290346 11.4981472  12.00298285 12.5007476  13.00341021 13.50060592
 13.99789712 14.5024128  15.00321532 15.49769447 16.00467046 16.50151722
 16.99694179 17.50146849 17.51373894 17.51373894 17.51373894 17.51373894]
Processed /remote/gpu01a/heneka/21cmlightcones/pure_simulations/run1231.npz with power spectra shape: (30, 10, 10)
Processed /remote/gpu01a/heneka/21cmlightcones/pure_simulations/run1231.npz with redshifts shape: [ 5.16453976  5.49871869  6.00027753  6.50028887  6.99861204  7.50137717
  8.00206629  8.49773474  9.0007595   9.50215353 10.00221783 10.5022443
 10.99815149 11.4992164  12.00304297 12.49921692 12.99981947 13.50294111
 13.99741328 14.49858985 14.99537498 15.49554913 15.9977097  16.50033159
 17.00176918 17.50026079 17.85270878 17.85270878 17.85270878 17.85270878]
Processed /remote/gpu01a/heneka/21cmlightcones/pure_simulations/run1594.npz with power spectra shape: (30, 10, 10)
Processed /remote/gpu01a/heneka/21cmlightcones/pure_simulations/run1594.npz with redshifts shape: [ 5.20041652  5.5013237   6.00045638  6.50022469  6.99917092  7.50223454
  7.99761296  8.49852653  9.00030672  9.4976073   9.99826991 10.4985662
 11.00219829 11.49768418 11.99781722 12.50034379 13.0027585  13.50231254
 13.99602728 14.50383019 15.00143252 15.49796993 16.00470527 16.49349293
 17.00368512 17.50633081 17.99891221 18.49512086 18.99409091 19.49488881]
Processed /remote/gpu01a/heneka/21cmlightcones/pure_simulations/run1972.npz with power spectra shape: (30, 10, 10)
Processed /remote/gpu01a/heneka/21cmlightcones/pure_simulations/run1972.npz with redshifts shape: [ 5.18201611  5.49935019  5.99872354  6.50045196  6.99894484  7.50138544
  8.0010874   8.50045697  8.99873507  9.50191933  9.99987714 10.50040124
 10.99996678 11.50226924 11.99632035 12.5031326  13.00399687 13.50466775
 14.00260639 14.49507037 15.00117055 15.49780026 16.00584659 16.49983953
 17.00252769 17.49975755 18.00361656 18.49865399 18.99789386 19.50057432]
Processed /remote/gpu01a/heneka/21cmlightcones/pure_simulations/run4781.npz with power spectra shape: (30, 10, 10)
Processed /remote/gpu01a/heneka/21cmlightcones/pure_simulations/run4781.npz with redshifts shape: [ 5.20214552  5.49945642  5.99927848  6.49943876  6.99841165  7.50112522
  8.00078999  8.50080278  9.0011482   9.50289437 10.00137152 10.49882442
 10.99894743 11.4985704  12.0031365  12.50088757 12.99770927 13.50134848
 13.99931739 14.5000465  15.00179516 15.50266831 16.00062286 16.49347537
 16.99349694 17.50006981 17.99666612 18.49708399 19.00045105 19.50582592]
Processed /remote/gpu01a/heneka/21cmlightcones/pure_simulations/run228.npz with power spectra shape: (30, 10, 10)
Processed /remote/gpu01a/heneka/21cmlightcones/pure_simulations/run228.npz with redshifts shape: [ 5.16028977  5.50046453  6.00002559  6.49908737  7.00113274  7.49820568
  8.00164027  8.5018326   9.00137543  9.49980085  9.99748092 10.50167065
 10.99700871 11.49814245 12.00280365 12.50090919 12.99633543 13.50276115
 14.00183158 14.49929168 15.00247121 15.49999892 15.99980902 16.5004438
 17.00032885 17.12865201 17.12865201 17.12865201 17.12865201 17.12865201]
Processed /remote/gpu01a/heneka/21cmlightcones/pure_simulations/run3310.npz with power spectra shape: (30, 10, 10)
Processed /remote/gpu01a/heneka/21cmlightcones/pure_simulations/run3310.npz with redshifts shape: [ 5.16823482  5.49977262  6.0013306   6.49999897  6.99906853  7.50171177
  8.00113834  8.49888729  8.99853212  9.50050416 10.00036655 10.49936642
 10.99988497 11.49850708 11.99893166 12.49835496 13.00204619 13.49921811
 13.99556084 14.49838563 14.99631911 15.49728355 15.99981557 16.50232526
 17.00310106 17.50031393 18.00522937 18.50363876 18.51738096 18.51738096]
Processed /remote/gpu01a/heneka/21cmlightcones/pure_simulations/run57.npz with power spectra shape: (30, 10, 10)
Processed /remote/gpu01a/heneka/21cmlightcones/pure_simulations/run57.npz with redshifts shape: [ 5.16032699  5.50058572  6.00028169  6.49949188  7.00169943  7.49894566
  7.99846223  8.49850726  8.997905    9.50135692  9.99926804 10.49777718
 10.99929155 11.50068949 11.99850459 12.49647928 12.99973137 13.49807361
 13.99701823 14.50362528 14.99741094 15.50500221 16.00516008 16.49502603
 16.99479503 17.13481988 17.13481988 17.13481988 17.13481988 17.13481988]
Processed /remote/gpu01a/heneka/21cmlightcones/pure_simulations/run2119.npz with power spectra shape: (30, 10, 10)
Processed /remote/gpu01a/heneka/21cmlightcones/pure_simulations/run2119.npz with redshifts shape: [ 5.20231336  5.49988609  6.00018759  6.50087527  7.00042008  7.49901097
  7.99891259  8.49919209  8.99983356  9.5019049  10.00073273 10.49856218
 10.99909023 11.49914343 12.0041698  12.50239946 12.99972302 13.50389515
 14.00241424 14.50371965 15.00606867 15.49474049 16.00615833 16.49966548
 17.00037251 17.49243603 18.00498008 18.50614626 18.99316835 19.49868572]
Processed /remote/gpu01a/heneka/21cmlightcones/pure_simulations/run967.npz with power spectra shape: (30, 10, 10)
Processed /remote/gpu01a/heneka/21cmlightcones/pure_simulations/run967.npz with redshifts shape: [ 5.18091423  5.49905626  5.9984373   6.50051171  6.99976984  7.49914864
  8.00016103  8.50135966  9.00202818  9.50233709  9.99723747 10.50115889
 10.99768426 11.49673931 12.00346142 12.49906882 12.99662163 13.50327131
 13.99807738 14.49773995 15.00086472 15.49443555 15.99921202 16.50242989
 17.00215405 17.49632842 17.9969677  18.50347444 18.999853   19.49954103]
Processed /remote/gpu01a/heneka/21cmlightcones/pure_simulations/run3648.npz with power spectra shape: (30, 10, 10)
Processed /remote/gpu01a/heneka/21cmlightcones/pure_simulations/run3648.npz with redshifts shape: [ 5.19706276  5.49881866  5.99938998  6.50190469  7.00085596  7.50004122
  8.00181423  8.49994533  8.99913926  9.50052923  9.99965144 10.49877822
 11.00159472 11.49685105 11.99716904 12.50037192 13.00403444 13.49519764
 14.00183939 14.50134847 15.00235477 15.50304639 16.00146561 16.49551618
 16.99720034 17.50595043 18.00567358 18.49380469 19.00101142 19.49365784]
Processed /remote/gpu01a/heneka/21cmlightcones/pure_simulations/run166.npz with power spectra shape: (30, 10, 10)
Processed /remote/gpu01a/heneka/21cmlightcones/pure_simulations/run166.npz with redshifts shape: [ 5.1889186   5.50118487  6.00050023  6.5000484   7.00183172  7.50202615
  8.00197183  8.49993085  9.00059496  9.49913888 10.00317163 10.50240261
 10.99914012 11.49710429 12.00154144 12.50160626 13.0029488  13.50308662
 13.99931548 14.49962953 15.00250454 15.49428577 15.9965764  16.49598816
 17.00409607 17.5061841  17.99994147 18.49834591 19.00064256 19.50601171]
Processed /remote/gpu01a/heneka/21cmlightcones/pure_simulations/run2822.npz with power spectra shape: (30, 10, 10)
Processed /remote/gpu01a/heneka/21cmlightcones/pure_simulations/run2822.npz with redshifts shape: [ 5.1635862   5.50086654  5.99965037  6.49977252  6.99855811  7.49829806
  7.99989787  8.50149654  9.00181272  9.50029187  9.99724024 10.49998991
 10.99924084 11.49739643 11.99812117 12.49875424 12.99636523 13.49632178
 13.99652908 14.50415843 14.99828022 15.49564078 15.99484568 16.49437977
 17.00444898 17.50012064 17.68659773 17.68659773 17.68659773 17.68659773]
Processed /remote/gpu01a/heneka/21cmlightcones/pure_simulations/run801.npz with power spectra shape: (30, 10, 10)
Processed /remote/gpu01a/heneka/21cmlightcones/pure_simulations/run801.npz with redshifts shape: [ 5.16154116  5.49943965  6.00009813  6.50006941  6.99934695  7.50027649
  7.99969487  8.49927752  8.99780252  9.49997085 10.00166675 10.49825657
 10.99734449 11.50251723 11.99713491 12.49889301 12.99816426 13.50028024
 14.00320075 14.49535258 15.00234404 15.50382364 15.99705007 16.50153772
 17.00543834 17.33753651 17.33753651 17.33753651 17.33753651 17.33753651]
Processed /remote/gpu01a/heneka/21cmlightcones/pure_simulations/run2046.npz with power spectra shape: (30, 10, 10)
Processed /remote/gpu01a/heneka/21cmlightcones/pure_simulations/run2046.npz with redshifts shape: [ 5.17730251  5.49986444  6.00145532  6.50037571  7.00071855  7.4982169
  7.99790252  8.49844548  8.99922922  9.50050213  9.99739277 10.4975721
 10.99768222 11.50139689 11.99808088 12.49994849 12.9962305  13.50184073
 13.99628984 14.4959783  14.99957256 15.50560143 16.00067948 16.5060907
 16.99588342 17.50655188 17.99750901 18.49383053 18.99486407 19.49989701]
Processed /remote/gpu01a/heneka/21cmlightcones/pure_simulations/run2396.npz with power spectra shape: (30, 10, 10)
Processed /remote/gpu01a/heneka/21cmlightcones/pure_simulations/run2396.npz with redshifts shape: [ 5.1655629   5.49933811  6.00130098  6.50142529  6.99952427  7.50172452
  8.00142669  8.50022575  9.00171574  9.50105576  9.99851651 10.50148262
 11.00050482 11.49798185 11.9975897  12.49660287 13.00023979 13.49791724
 14.00437774 14.49950918 14.99948534 15.50302067 15.99770324 16.50350143
 16.99625829 17.49766299 17.99434487 18.03337865 18.03337865 18.03337865]
Processed /remote/gpu01a/heneka/21cmlightcones/pure_simulations/run1553.npz with power spectra shape: (30, 10, 10)
Processed /remote/gpu01a/heneka/21cmlightcones/pure_simulations/run1553.npz with redshifts shape: [ 5.21229096  5.49876515  5.99838524  6.49958557  7.0016321   7.50071976
  7.99895704  8.50098611  9.00161446  9.50176711  9.99635958 10.50320743
 11.00410053 11.50289378 11.99577234 12.49847212 12.99935554 13.49539372
 13.99496586 14.49633252 14.99759021 15.49667501 16.00542893 16.49399064
 17.00393383 17.50454698 17.99310064 18.5012832  18.99423771 19.50614643]
Processed /remote/gpu01a/heneka/21cmlightcones/pure_simulations/run2317.npz with power spectra shape: (30, 10, 10)
Processed /remote/gpu01a/heneka/21cmlightcones/pure_simulations/run2317.npz with redshifts shape: [ 5.20513576  5.50067016  6.00108568  6.50110209  6.99906244  7.49986423
  8.00175918  8.49806799  8.99962654  9.5022322  10.0011     10.49846158
 10.99802148 11.49652162 11.99944212 12.50443626 12.99873619 13.49925711
 14.0045582  14.50119256 14.99806954 15.50623199 15.99816993 16.49824845
 17.0059189  17.50511211 17.99322749 18.50093743 18.99457305 19.5072176 ]
Processed /remote/gpu01a/heneka/21cmlightcones/pure_simulations/run3044.npz with power spectra shape: (30, 10, 10)
Processed /remote/gpu01a/heneka/21cmlightcones/pure_simulations/run3044.npz with redshifts shape: [ 5.15795484  5.50034261  6.00065404  6.50146379  6.99954084  7.50008902
  8.00013523  8.50143248  8.99815922  9.49903496 10.00010705 10.50275358
 10.99696391 11.49720903 12.00128579 12.49929166 13.00291695 13.50215149
 14.00245766 14.50168475 14.99750292 15.49744203 16.00021166 16.50440281
 16.74815943 16.74815943 16.74815943 16.74815943 16.74815943 16.74815943]
Processed /remote/gpu01a/heneka/21cmlightcones/pure_simulations/run2335.npz with power spectra shape: (30, 10, 10)
Processed /remote/gpu01a/heneka/21cmlightcones/pure_simulations/run2335.npz with redshifts shape: [ 5.19772039  5.50054462  5.99957781  6.499999    7.00047359  7.50133661
  7.9998935   8.49956699  9.00043597  9.49727239  9.99785884 10.49855977
 11.0030703  11.50009928 12.00231075 12.49824207 13.00348775 13.49628073
 14.00469109 14.4946168  14.99698146 15.49910403 15.9990196  16.49462336
 16.99795458 17.49356045 17.99445325 18.49988269 18.99229604 19.50362617]
Processed /remote/gpu01a/heneka/21cmlightcones/pure_simulations/run1314.npz with power spectra shape: (30, 10, 10)
Processed /remote/gpu01a/heneka/21cmlightcones/pure_simulations/run1314.npz with redshifts shape: [ 5.20443989  5.49891098  6.00095065  6.49920302  6.99960815  7.49871624
  7.99876257  8.49875477  8.99862926  9.49941919 10.00341141 10.49921444
 10.99710167 11.50236631 12.0039121  12.49784463 13.00020254 13.49908636
 14.00264682 14.49748626 15.00485331 15.49864293 16.00210351 16.50065018
 17.00669377 17.5042183  18.00664583 18.49651342 19.0055909  19.49895996]
Processed /remote/gpu01a/heneka/21cmlightcones/pure_simulations/run1333.npz with power spectra shape: (30, 10, 10)
Processed /remote/gpu01a/heneka/21cmlightcones/pure_simulations/run1333.npz with redshifts shape: [ 5.1914829   5.49921243  5.99859407  6.50122048  7.00194442  7.50015637
  8.00201869  8.50161445  8.9979194   9.49702288 10.00128406 10.50023474
 11.00370426 11.50083351 12.00397148 12.50208655 13.00087126 13.49777573
 14.00055124 14.49674665 14.99478851 15.50509575 16.00206891 16.4953026
 16.9964961  17.50513021 18.00559485 18.49542614 19.00446868 19.50005012]
Processed /remote/gpu01a/heneka/21cmlightcones/pure_simulations/run2489.npz with power spectra shape: (30, 10, 10)
Processed /remote/gpu01a/heneka/21cmlightcones/pure_simulations/run2489.npz with redshifts shape: [ 5.1989542   5.50065729  5.99943535  6.49919696  6.99854816  7.49777776
  7.99921065  8.50202314  9.00033589  9.50033257  9.99746497 10.50132312
 11.00139783 11.5014739  11.99813135 12.49695827 12.99547046 13.50133009
 14.00228134 14.49517535 15.00073347 15.50619716 15.99639127 16.49499368
 17.00150368 17.50036946 18.00468575 18.49748455 18.9928909  19.50744807]
Processed /remote/gpu01a/heneka/21cmlightcones/pure_simulations/run4446.npz with power spectra shape: (30, 10, 10)
Processed /remote/gpu01a/heneka/21cmlightcones/pure_simulations/run4446.npz with redshifts shape: [ 5.20397218  5.50093041  5.99844254  6.4992112   6.99843848  7.5010426
  8.00012309  8.49905882  8.99778867  9.49734552 10.00001192 10.50194704
 10.99885571 11.50305827 12.00348239 12.49624603 12.99735111 13.49492767
 13.99710627 14.50229106 14.99638    15.50155686 16.00399198 16.50147462
 17.00638985 17.50275836 18.00397185 18.49261122 19.00036667 19.49241043]
Processed /remote/gpu01a/heneka/21cmlightcones/pure_simulations/run5004.npz with power spectra shape: (30, 10, 10)
Processed /remote/gpu01a/heneka/21cmlightcones/pure_simulations/run5004.npz with redshifts shape: [ 5.16786263  5.5012673   5.998892    6.49942392  7.00089364  7.49861337
  8.00091817  8.50217058  9.00093722  9.50194842 10.00077794 10.49867264
 10.99800992 11.50241109 12.00193909 12.50040761 13.00307663 13.49918187
 14.00364157 14.49603688 15.00291237 15.50306185 16.00472992 16.49468486
 16.99400687 17.5023804  18.00624936 18.44888023 18.44888023 18.44888023]
Processed /remote/gpu01a/heneka/21cmlightcones/pure_simulations/run712.npz with power spectra shape: (30, 10, 10)
Processed /remote/gpu01a/heneka/21cmlightcones/pure_simulations/run712.npz with redshifts shape: [ 5.19478003  5.49894646  6.00036535  6.50076091  7.00198389  7.49989317
  8.00065835  8.4981712   8.99712903  9.49869657  9.99850519 10.49884221
 11.0033909  11.50106612 11.99575012 12.50209213 12.99993575 13.49528837
 13.99599518 14.50060361 14.99571183 15.50258596 15.99516183 16.49665282
 17.00660666 17.49515186 18.00387785 18.50212425 19.0037503  19.50787922]
Processed /remote/gpu01a/heneka/21cmlightcones/pure_simulations/run1668.npz with power spectra shape: (30, 10, 10)
Processed /remote/gpu01a/heneka/21cmlightcones/pure_simulations/run1668.npz with redshifts shape: [ 5.16679343  5.50057298  6.00069017  6.50135693  6.99970872  7.50187284
  8.00115935  8.4991357   8.99938391  9.50236966  9.99796293 10.49856877
 11.00120445 11.50251569 11.99879424 12.50167184 13.00114155 13.5026438
 14.00400877 14.50287098 14.99668032 15.50388936 16.00234853 16.50059966
 16.99694876 17.50216335 18.00277118 18.25406177 18.25406177 18.25406177]
Processed /remote/gpu01a/heneka/21cmlightcones/pure_simulations/run2828.npz with power spectra shape: (30, 10, 10)
Processed /remote/gpu01a/heneka/21cmlightcones/pure_simulations/run2828.npz with redshifts shape: [ 5.16977518  5.49918426  5.99947405  6.49937191  6.99947176  7.49893824
  7.99849789  8.5007279   9.00014807  9.50150055 10.00027064 10.49768222
 11.00278849 11.49916177 11.99677643 12.50074674 13.0008557  13.50260577
 14.00375634 14.50186854 15.00461076 15.49984922 15.99589832 16.50290185
 16.9960656  17.49759557 17.99375583 18.49632511 18.80468088 18.80468088]
Processed /remote/gpu01a/heneka/21cmlightcones/pure_simulations/run2655.npz with power spectra shape: (30, 10, 10)
Processed /remote/gpu01a/heneka/21cmlightcones/pure_simulations/run2655.npz with redshifts shape: [ 5.18991827  5.50095085  5.99964132  6.50183058  6.99839395  7.50098868
  7.99870802  8.49909788  9.00241244  9.49768006  9.99777684 10.49933248
 10.99854846 11.49915917 11.99801444 12.50056253 13.00454024 13.49752415
 13.99612435 14.49895755 15.00449238 15.49899646 16.00419108 16.49345144
 17.00416072 17.49462347 18.00543094 18.50670983 18.9959221  19.50380029]
Processed /remote/gpu01a/heneka/21cmlightcones/pure_simulations/run2718.npz with power spectra shape: (30, 10, 10)
Processed /remote/gpu01a/heneka/21cmlightcones/pure_simulations/run2718.npz with redshifts shape: [ 5.19379115  5.49936414  6.00159745  6.49950117  6.99797256  7.50199138
  8.00033081  8.50059352  8.99714928  9.5023515   9.99983136 10.49766879
 10.99953016 11.50249438 12.0033039  12.49838277 13.0030592  13.49603096
 14.00485365 14.49612932 15.00021117 15.50470074 15.99484924 16.49375911
 17.0009765  17.50138118 17.99257588 18.50362138 19.00274542 19.50426493]
Processed /remote/gpu01a/heneka/21cmlightcones/pure_simulations/run3349.npz with power spectra shape: (30, 10, 10)
Processed /remote/gpu01a/heneka/21cmlightcones/pure_simulations/run3349.npz with redshifts shape: [ 5.17822198  5.49975319  6.00089794  6.4989674   7.00185265  7.49793825
  8.00027213  8.4987456   9.00222456  9.50065078 10.00019421 10.50322429
 10.99934466 11.49837543 11.99750486 12.50199231 13.00100923 13.50022822
 13.99719945 14.49956606 14.99518593 15.50366538 16.00125613 16.49698661
 17.00184758 17.50200944 17.99535512 18.49418986 18.99785939 19.50564952]
Processed /remote/gpu01a/heneka/21cmlightcones/pure_simulations/run3963.npz with power spectra shape: (30, 10, 10)
Processed /remote/gpu01a/heneka/21cmlightcones/pure_simulations/run3963.npz with redshifts shape: [ 5.17832388  5.50005023  6.00152727  6.49995984  6.99941754  7.49975323
  7.9979845   8.50150456  9.00015848  9.49872109  9.99841828 10.50161975
 10.99792526 11.49715798 11.996505   12.50122775 13.00049251 13.49997404
 13.99722079 14.49988021 14.99580295 15.50460708 16.00252882 16.49860268
 17.00382632 17.50436044 17.99808589 18.49731706 19.0013998  19.49393451]
Processed /remote/gpu01a/heneka/21cmlightcones/pure_simulations/run1570.npz with power spectra shape: (30, 10, 10)
Processed /remote/gpu01a/heneka/21cmlightcones/pure_simulations/run1570.npz with redshifts shape: [ 5.21185158  5.50101935  5.99983468  6.50012363  7.00115621  7.49913907
  8.00158448  8.50277321  9.00248679  9.50165065 10.0024943  10.50089382
 11.00058241 11.49810839 11.99904422 12.50088309 13.00085414 13.49593656
 13.99449415 14.49479161 14.99492945 15.50626555 16.00036677 16.50234295
 16.99629995 17.49555348 17.99930569 18.50668454 18.99882346 19.49126133]
Processed /remote/gpu01a/heneka/21cmlightcones/pure_simulations/run1636.npz with power spectra shape: (30, 10, 10)
Processed /remote/gpu01a/heneka/21cmlightcones/pure_simulations/run1636.npz with redshifts shape: [ 5.20802897  5.501453    5.99831339  6.50125682  7.00200831  7.50059557
  7.99919139  8.50244665  8.99914759  9.50225703 10.00111871 10.49794983
 10.99646319 11.50199939 12.00322855 12.49614865 12.99703352 13.50459617
 13.9945244  14.49771475 15.00148423 15.5038442  16.00265401 16.49563002
 16.99536179 17.50117804 17.99604156 18.49411382 18.99446344 19.49608879]
Processed /remote/gpu01a/heneka/21cmlightcones/pure_simulations/run2487.npz with power spectra shape: (30, 10, 10)
Processed /remote/gpu01a/heneka/21cmlightcones/pure_simulations/run2487.npz with redshifts shape: [ 5.16467584  5.49914815  6.00118892  6.49851719  7.00062474  7.50014082
  8.00114807  8.50173379  9.00057171  9.50237878  9.9971924  10.49729767
 10.99978521 11.50137857 11.99844993 12.50251555 13.0037268  13.49886874
 14.00261043 14.50447269 15.00196197 15.50286913 15.99485105 16.49776745
 16.99951483 17.49833044 17.87659447 17.87659447 17.87659447 17.87659447]
Processed /remote/gpu01a/heneka/21cmlightcones/pure_simulations/run1838.npz with power spectra shape: (30, 10, 10)
Processed /remote/gpu01a/heneka/21cmlightcones/pure_simulations/run1838.npz with redshifts shape: [ 5.21216771  5.49846542  6.00146765  6.49858228  7.00022701  7.49888417
  8.00207474  8.49819859  8.99830747  9.4979134   9.9992468  10.49817848
 10.99844465 11.49658848 11.99818882 12.50073492 13.00145154 13.49731122
 13.99669089 14.49785147 14.99889035 15.4977448  16.00625169 16.49456407
 17.00423532 17.5045695  17.99283973 18.50071611 18.99336238 19.50493949]
Processed /remote/gpu01a/heneka/21cmlightcones/pure_simulations/run790.npz with power spectra shape: (30, 10, 10)
Processed /remote/gpu01a/heneka/21cmlightcones/pure_simulations/run790.npz with redshifts shape: [ 5.16089003  5.49987968  6.00132081  6.49932811  6.99989561  7.4987828
  8.00010248  8.5021031   8.99877692  9.49893127  9.99846907 10.49872473
 11.00211269 11.49875902 11.99825007 12.49800166 13.0031493  13.50346586
 13.99562548 14.50397771 14.99954847 15.49883676 16.00049922 16.50307262
 17.00497513 17.22841376 17.22841376 17.22841376 17.22841376 17.22841376]
Processed /remote/gpu01a/heneka/21cmlightcones/pure_simulations/run2802.npz with power spectra shape: (30, 10, 10)
Processed /remote/gpu01a/heneka/21cmlightcones/pure_simulations/run2802.npz with redshifts shape: [ 5.1834924   5.50067043  6.00117582  6.50023795  6.99895434  7.50129342
  8.00046949  8.4988648   9.00116656  9.50281005  9.99863017 10.50322071
 10.99988979 11.498667   11.99658403 12.49898051 13.00374233 13.4989318
 14.00066998 14.49708743 14.99632999 15.49680959 15.99680026 16.49444324
 17.0010157  17.50225431 17.99594667 18.49472876 18.99789684 19.50468507]
Processed /remote/gpu01a/heneka/21cmlightcones/pure_simulations/run4072.npz with power spectra shape: (30, 10, 10)
Processed /remote/gpu01a/heneka/21cmlightcones/pure_simulations/run4072.npz with redshifts shape: [ 5.21456518  5.50092941  5.99881338  6.50142569  7.00000832  7.4994004
  7.99751108  8.49897841  8.99850721  9.49698509  9.99662115 10.50109817
 10.99886822 11.50274328 12.00095561 12.49935161 12.995089   13.49625744
 14.00127106 14.49600052 15.00264743 15.49376456 15.99365211 16.50178324
 17.00206511 17.50797802 18.00191357 18.49844407 18.9965745  19.49523794]
Processed /remote/gpu01a/heneka/21cmlightcones/pure_simulations/run1094.npz with power spectra shape: (30, 10, 10)
Processed /remote/gpu01a/heneka/21cmlightcones/pure_simulations/run1094.npz with redshifts shape: [ 5.16688036  5.5008445   6.00126436  6.49900994  7.00097678  7.49960962
  7.99896355  8.50165466  9.00237289  9.50047411 10.00196487 10.49694922
 10.99974609 11.50123273 11.99769872 12.50078011 13.00046565 13.50219792
 14.00380587 14.50292267 14.99699636 15.50448923 16.00323986 16.50179404
 16.99845681 17.50400252 18.00495011 18.26978858 18.26978858 18.26978858]
Processed /remote/gpu01a/heneka/21cmlightcones/pure_simulations/run1976.npz with power spectra shape: (30, 10, 10)
Processed /remote/gpu01a/heneka/21cmlightcones/pure_simulations/run1976.npz with redshifts shape: [ 5.16487093  5.49976393  5.99959368  6.500577    6.99997024  7.50003762
  8.00165001  8.49831443  9.0024309   9.49967501 10.00059591 10.5015451
 10.99843097 11.50054797 11.99817225 12.50283287 12.99648595 13.50046028
 13.99581952 14.49794372 14.99571583 15.49693075 16.00018327 16.50394424
 16.9946299  17.49384004 17.91091449 17.91091449 17.91091449 17.91091449]
Processed /remote/gpu01a/heneka/21cmlightcones/pure_simulations/run3757.npz with power spectra shape: (30, 10, 10)
Processed /remote/gpu01a/heneka/21cmlightcones/pure_simulations/run3757.npz with redshifts shape: [ 5.16997308  5.49978984  6.0007566   6.5013985   6.99865923  7.49865143
  7.99878737  8.50164631  9.00173964  9.4983349   9.99747435 10.50156701
 11.00083973 11.49768323 12.00334787 12.50031521 13.000995   13.50334912
 13.99577941 14.50390647 14.99703701 15.50329834 16.00009158 16.49609201
 17.00184372 17.50421019 18.00122455 18.50468605 18.84204998 18.84204998]
Processed /remote/gpu01a/heneka/21cmlightcones/pure_simulations/run3086.npz with power spectra shape: (30, 10, 10)
Processed /remote/gpu01a/heneka/21cmlightcones/pure_simulations/run3086.npz with redshifts shape: [ 5.19977579  5.49966246  6.00045515  6.49857406  6.99998714  7.50147433
  8.0002614   8.4997571   8.99999437  9.50207473 10.00142691 10.50031107
 11.00242038 11.49631119 12.00359192 12.49545629 12.99596952 13.50397156
 13.99617637 14.50234662 14.99827177 15.50572335 15.99793571 16.49868048
 16.99302763 17.49360896 17.99973947 18.49438739 18.9917278  19.50837329]
Processed /remote/gpu01a/heneka/21cmlightcones/pure_simulations/run2666.npz with power spectra shape: (30, 10, 10)
Processed /remote/gpu01a/heneka/21cmlightcones/pure_simulations/run2666.npz with redshifts shape: [ 5.19314099  5.50066174  6.00130193  6.50120544  6.99812348  7.50041518
  8.00183191  8.50049887  9.00111864  9.49867087 10.00084708 10.49705064
 10.99715577 11.49825237 11.99709767 12.49919183 13.0021961  13.5035342
 14.00040367 14.50093934 15.00354748 15.49423717 15.99505589 16.50566562
 16.99772462 17.4963024  18.00076677 18.49467469 19.00812209 19.50815401]
Processed /remote/gpu01a/heneka/21cmlightcones/pure_simulations/run2469.npz with power spectra shape: (30, 10, 10)
Processed /remote/gpu01a/heneka/21cmlightcones/pure_simulations/run2469.npz with redshifts shape: [ 5.19175923  5.49995997  6.00017546  6.49999188  7.00133695  7.50023196
  7.99794491  8.49793721  9.00042047  9.50045077  9.99908459 10.49861864
 11.00272161 11.50051928 11.99587294 12.50324565 13.00282574 13.50056229
 14.0042194  14.50132334 15.00031473 15.49946563 15.99690615 16.50391329
 17.00620977 17.50154779 18.00259297 18.4930183  19.00270476 19.49893876]
Processed /remote/gpu01a/heneka/21cmlightcones/pure_simulations/run441.npz with power spectra shape: (30, 10, 10)
Processed /remote/gpu01a/heneka/21cmlightcones/pure_simulations/run441.npz with redshifts shape: [ 5.18036595  5.50032314  6.00145092  6.49876214  7.00014677  7.49799885
  8.00195669  8.5017432   9.00088325  9.49954992  9.99894252 10.50141898
 11.00352224 11.50140026 11.99883489 12.5011137  12.99724635 13.50236858
 13.99560554 14.50402767 14.99498318 15.49820489 16.00160633 16.50338802
 17.00162242 17.49426231 17.99328519 18.49809475 18.99275011 19.50650299]
Processed /remote/gpu01a/heneka/21cmlightcones/pure_simulations/run1010.npz with power spectra shape: (30, 10, 10)
Processed /remote/gpu01a/heneka/21cmlightcones/pure_simulations/run1010.npz with redshifts shape: [ 5.1812341   5.49997299  6.00037711  6.50005169  7.00017601  7.50050495
  7.99791653  8.49983707  9.00129327  9.50245397  9.9982588  10.50316321
 11.00071693 11.50086395 12.00070745 12.49704763 13.00437035 13.50287509
 13.99854887 14.4991316  15.00322682 15.49779195 16.00362768 16.49537758
 16.99568981 17.50413284 18.00598591 18.49897127 18.99606101 19.4964958 ]
Processed /remote/gpu01a/heneka/21cmlightcones/pure_simulations/run1981.npz with power spectra shape: (30, 10, 10)
Processed /remote/gpu01a/heneka/21cmlightcones/pure_simulations/run1981.npz with redshifts shape: [ 5.16223217  5.4991071   5.9991008   6.50118821  6.99931295  7.49864809
  8.00013363  8.50196371  8.99804271  9.50244556 10.00092102 10.49964462
 11.00101798 11.50184753 11.99859351 12.50263581 12.99625056 13.5004579
 13.99665364 14.50000323 14.99959455 15.5031285  15.99847033 16.50521747
 16.99972161 17.45440532 17.45440532 17.45440532 17.45440532 17.45440532]
Processed /remote/gpu01a/heneka/21cmlightcones/pure_simulations/run1048.npz with power spectra shape: (30, 10, 10)
Processed /remote/gpu01a/heneka/21cmlightcones/pure_simulations/run1048.npz with redshifts shape: [ 5.18816273  5.4991034   5.99941011  6.50043506  7.00018423  7.49816042
  8.00051316  8.50151883  9.00025491  9.50278961  9.99852609 10.50234243
 10.99704931 11.5007191  12.00332205 12.50145613 13.00075322 13.4987425
 14.00307821 14.50155407 15.00248677 15.50421308 16.00492866 16.50269243
 16.9954366  17.49513509 18.00120475 18.49765099 18.99789787 19.50112819]
Processed /remote/gpu01a/heneka/21cmlightcones/pure_simulations/run4631.npz with power spectra shape: (30, 10, 10)
Processed /remote/gpu01a/heneka/21cmlightcones/pure_simulations/run4631.npz with redshifts shape: [ 5.20781535  5.50091971  6.00083282  6.49947946  6.99952173  7.50221729
  8.0004327   8.49751222  8.9995092   9.50211922 10.00044933 10.49671592
 11.00279077 11.49952075 12.00007793 12.50204352 13.00273931 13.49923891
 13.99978936 14.50272567 15.00622009 15.49511826 16.00678269 16.49943071
 16.99881084 17.50425183 17.99872977 18.49639564 18.99631873 19.49749813]
Processed /remote/gpu01a/heneka/21cmlightcones/pure_simulations/run4039.npz with power spectra shape: (30, 10, 10)
Processed /remote/gpu01a/heneka/21cmlightcones/pure_simulations/run4039.npz with redshifts shape: [ 5.21505597  5.49874294  6.00131304  6.5012052   7.00093738  7.50158948
  8.00106169  8.49805312  8.99867338  9.49832508  9.99922041 10.49712877
 10.99579246 11.50063915 11.99987714 12.49936265 12.99624549 13.49863337
 14.00493702 14.50098932 14.99604562 15.50159419 16.00299024 16.4978321
 16.99909081 17.5060375  18.00102661 18.49865918 18.99793836 19.49779422]
Processed /remote/gpu01a/heneka/21cmlightcones/pure_simulations/run415.npz with power spectra shape: (30, 10, 10)
Processed /remote/gpu01a/heneka/21cmlightcones/pure_simulations/run415.npz with redshifts shape: [ 5.19672082  5.50101158  6.00094001  6.49889562  7.0008638   7.49915854
  7.99995803  8.5024966   9.00100691  9.50164925  9.99996798 10.49823367
 11.00012573 11.50263792 12.00242451 12.49581954 12.99833925 13.4986046
 14.00453659 14.50330522 15.00352894 15.50339919 16.00096223 16.49412692
 16.99487406 17.50263619 18.00135212 18.50448917 18.99457757 19.5033993 ]
Processed /remote/gpu01a/heneka/21cmlightcones/pure_simulations/run268.npz with power spectra shape: (30, 10, 10)
Processed /remote/gpu01a/heneka/21cmlightcones/pure_simulations/run268.npz with redshifts shape: [ 5.20174151  5.4984221   6.00062776  6.49990257  6.99789511  7.49952634
  7.99802403  8.50236632  9.00181384  9.50258636 10.00002577 10.49637438
 11.00324786 11.50212731 11.99694548 12.50278919 12.99871154 13.50138684
 13.99835203 14.49802188 14.99865961 15.49837553 15.99513206 16.50071267
 17.00004127 17.50587408 18.0017084  18.50132239 19.00384481 19.50833579]
Processed /remote/gpu01a/heneka/21cmlightcones/pure_simulations/run113.npz with power spectra shape: (30, 10, 10)
Processed /remote/gpu01a/heneka/21cmlightcones/pure_simulations/run113.npz with redshifts shape: [ 5.1621883   5.49896642  5.99880293  6.50071674  6.99865408  7.50159934
  7.99905487  8.50065338  9.00135073  9.50063349  9.99883982 10.49728166
 10.99835949 11.49888193 12.00251375 12.49902186 13.00034664 13.49615238
 14.00091314 14.50433999 15.00400515 15.49730625 16.0030192  16.49857438
 17.00439745 17.44694804 17.44694804 17.44694804 17.44694804 17.44694804]
Processed /remote/gpu01a/heneka/21cmlightcones/pure_simulations/run3748.npz with power spectra shape: (30, 10, 10)
Processed /remote/gpu01a/heneka/21cmlightcones/pure_simulations/run3748.npz with redshifts shape: [ 5.17627193  5.4996192   6.00125344  6.50058055  7.00171596  7.50046009
  8.00185813  8.49973626  8.99762905  9.50146786 10.00155531 10.49904226
 11.00321385 11.49690853 11.9981969  12.49709693 12.99902264 13.50179343
 14.00301512 14.50009067 15.00091468 15.5040238  15.99611539 16.49834711
 16.9976772  17.50541927 17.99344829 18.50107182 18.99944548 19.50169077]
Processed /remote/gpu01a/heneka/21cmlightcones/pure_simulations/run2836.npz with power spectra shape: (30, 10, 10)
Processed /remote/gpu01a/heneka/21cmlightcones/pure_simulations/run2836.npz with redshifts shape: [ 5.15516773  5.50093277  6.00031237  6.50097013  6.99985863  7.49856106
  8.0012412   8.50208731  8.99910311  9.50092726  9.99837913 10.49750358
 11.00073004 11.49863368 12.00055432 12.49679736 12.99887799 13.4969971
 13.99654913 14.50442526 15.00085419 15.50180639 15.99573132 16.30917524
 16.30917524 16.30917524 16.30917524 16.30917524 16.30917524 16.30917524]
Processed /remote/gpu01a/heneka/21cmlightcones/pure_simulations/run225.npz with power spectra shape: (30, 10, 10)
Processed /remote/gpu01a/heneka/21cmlightcones/pure_simulations/run225.npz with redshifts shape: [ 5.18909252  5.49869032  6.00151116  6.50164458  7.00001273  7.5005089
  8.00079248  8.4991231   9.00019514  9.49917866  9.99716005 10.50342467
 11.00069538 11.49922429 11.99587686 12.49607918 12.99757938 13.49789354
 14.00471141 14.49484392 14.99795207 15.50196951 16.00508168 16.50533587
 17.00064929 17.50305761 17.99714647 18.49590224 18.99856883 19.50432654]
Processed /remote/gpu01a/heneka/21cmlightcones/pure_simulations/run4917.npz with power spectra shape: (30, 10, 10)
Processed /remote/gpu01a/heneka/21cmlightcones/pure_simulations/run4917.npz with redshifts shape: [ 5.1887434   5.50070225  5.99948148  6.4984401   6.99957958  7.49908234
  7.9982884   8.50069405  9.00094292  9.49903945 10.00258676 10.50130475
 10.99750059 11.50278333 11.99871675 12.4981456  12.9988216  13.49826567
 14.00415444 14.50424258 14.99543801 15.49839479 16.00040381 16.49951779
 16.99366008 17.49483885 18.00247024 18.5005095  19.00242141 19.50738679]
Processed /remote/gpu01a/heneka/21cmlightcones/pure_simulations/run3845.npz with power spectra shape: (30, 10, 10)
Processed /remote/gpu01a/heneka/21cmlightcones/pure_simulations/run3845.npz with redshifts shape: [ 5.1682898   5.49994261  5.99873005  6.50056747  6.99986348  7.49879723
  7.99813295  8.50046683  9.00040599  9.50268959 10.00287777 10.50221767
 11.00309215 11.5020832  12.00289208 12.50271266 12.9984651  13.4956102
 14.00119017 14.50446815 15.00286301 15.5043044  15.99614816 16.49866059
 16.99944353 17.49666842 18.00160059 18.50003078 18.52753095 18.52753095]
Processed /remote/gpu01a/heneka/21cmlightcones/pure_simulations/run4285.npz with power spectra shape: (30, 10, 10)
Processed /remote/gpu01a/heneka/21cmlightcones/pure_simulations/run4285.npz with redshifts shape: [ 5.18026949  5.50004504  6.00086215  6.50134562  6.99884773  7.50053428
  7.99982963  8.49916207  8.99782228  9.5017909  10.00107132 10.49676371
 10.99828473 11.50310407 12.00037002 12.50246494 12.99840275 13.50331337
 13.99633108 14.50451436 14.99522702 15.4981875  16.00131555 16.5028127
 17.00075297 17.50667664 18.0059365  18.49627357 19.00586462 19.50398414]
Processed /remote/gpu01a/heneka/21cmlightcones/pure_simulations/run890.npz with power spectra shape: (30, 10, 10)
Processed /remote/gpu01a/heneka/21cmlightcones/pure_simulations/run890.npz with redshifts shape: [ 5.16307748  5.49924465  5.99909613  6.50072222  7.00149505  7.49990137
  8.00002938  8.50002673  8.9986202   9.50051814 10.00152896 10.50296733
 11.00081929 11.49748516 11.99661991 12.50323558 12.99951397 13.49805214
 13.99676204 14.50279323 14.99528424 15.50128423 15.99916781 16.4973145
 17.00590099 17.50006874 17.59886522 17.59886522 17.59886522 17.59886522]
Processed /remote/gpu01a/heneka/21cmlightcones/pure_simulations/run4225.npz with power spectra shape: (30, 10, 10)
Processed /remote/gpu01a/heneka/21cmlightcones/pure_simulations/run4225.npz with redshifts shape: [ 5.17499478  5.5013667   5.99942988  6.50162899  6.99911142  7.49798532
  7.99989093  8.4987418   8.99808472  9.49820754 10.00038926 10.50056579
 11.00109934 11.49832835 12.00376191 12.49929687 12.99764027 13.49662803
 14.00351555 14.4969575  15.00455261 15.50413529 16.00423662 16.50314262
 16.99901646 17.50309311 18.00118297 18.50540032 19.0002946  19.49889975]
Processed /remote/gpu01a/heneka/21cmlightcones/pure_simulations/run1247.npz with power spectra shape: (30, 10, 10)
Processed /remote/gpu01a/heneka/21cmlightcones/pure_simulations/run1247.npz with redshifts shape: [ 5.16931898  5.50045622  5.99949631  6.50130286  7.00020425  7.49835084
  8.00080371  8.5018355   8.99996085  9.49991276  9.99719187 10.49927348
 11.0030938  11.49812081 12.0018214  12.49674712 13.00366207 13.50418911
 14.00405038 14.50081493 15.00213155 15.49590229 16.0016601  16.49579319
 16.99955785 17.4998692  17.99477146 18.4960145  18.7189439  18.7189439 ]
Processed /remote/gpu01a/heneka/21cmlightcones/pure_simulations/run3502.npz with power spectra shape: (30, 10, 10)
Processed /remote/gpu01a/heneka/21cmlightcones/pure_simulations/run3502.npz with redshifts shape: [ 5.19518205  5.50001457  5.99920456  6.50054127  6.99862712  7.50185418
  7.9988693   8.50269244  8.99722681  9.49986062 10.00080701 10.50235635
 11.00052159 11.49906107 12.00331442 12.50200077 13.00088127 13.49732017
 13.99917955 14.505004   15.00135767 15.49717969 16.00347668 16.50638315
 17.00371175 17.49315251 18.00285224 18.50209212 19.00475757 19.4928223 ]
Processed /remote/gpu01a/heneka/21cmlightcones/pure_simulations/run2331.npz with power spectra shape: (30, 10, 10)
Processed /remote/gpu01a/heneka/21cmlightcones/pure_simulations/run2331.npz with redshifts shape: [ 5.16170143  5.49995592  6.00119188  6.49864322  6.99829147  7.49963637
  7.99951108  8.4995909   8.99865175  9.50139888  9.99812015 10.50094791
 11.00072189 11.49985146 12.00199226 12.49694446 12.99661351 13.4991544
 14.00252559 14.50449246 15.00263608 15.50463649 15.9983978  16.50345534
 16.99624084 17.36455074 17.36455074 17.36455074 17.36455074 17.36455074]
Processed /remote/gpu01a/heneka/21cmlightcones/pure_simulations/run760.npz with power spectra shape: (30, 10, 10)
Processed /remote/gpu01a/heneka/21cmlightcones/pure_simulations/run760.npz with redshifts shape: [ 5.17546169  5.4999942   5.99927771  6.49943046  7.00182999  7.49821605
  8.00152488  8.50188511  8.99759409  9.4990508  10.00266902 10.49788958
 10.99961303 11.4981047  11.99711287 12.50185142 13.00169307 13.50225576
 14.00115859 14.49582045 15.00473493 15.49453984 15.99555286 16.49542104
 17.00499475 17.49745482 17.99665815 18.50205308 18.99815179 19.49801854]
Processed /remote/gpu01a/heneka/21cmlightcones/pure_simulations/run4358.npz with power spectra shape: (30, 10, 10)
Processed /remote/gpu01a/heneka/21cmlightcones/pure_simulations/run4358.npz with redshifts shape: [ 5.1586879   5.50025925  6.0001853   6.50026652  7.0006254   7.49995679
  7.99833358  8.50188721  9.00103314  9.49940978  9.99742089 10.5022836
 10.99882183 11.50157067 12.0012652  12.50163951 12.99991265 13.50135531
 14.00399381 14.49648723 15.00402522 15.49655874 16.00166557 16.49729087
 16.86634214 16.86634214 16.86634214 16.86634214 16.86634214 16.86634214]
Processed /remote/gpu01a/heneka/21cmlightcones/pure_simulations/run2540.npz with power spectra shape: (30, 10, 10)
Processed /remote/gpu01a/heneka/21cmlightcones/pure_simulations/run2540.npz with redshifts shape: [ 5.1946409   5.49857694  5.99958177  6.49952316  7.00025138  7.50219678
  7.99782671  8.50012836  8.99887718  9.50021134  9.99976471 10.49982415
 10.99641728 11.50142756 11.9957743  12.50175043 12.99921467 13.50433595
 14.00515363 14.49862246 15.00506202 15.49966963 16.00466533 16.50621902
 17.00215183 17.50481592 17.99831595 18.49598451 18.99701198 19.50052266]
Processed /remote/gpu01a/heneka/21cmlightcones/pure_simulations/run1987.npz with power spectra shape: (30, 10, 10)
Processed /remote/gpu01a/heneka/21cmlightcones/pure_simulations/run1987.npz with redshifts shape: [ 5.1823495   5.50030026  6.00073334  6.50008012  6.99947929  7.49863912
  7.99903872  8.49917646  8.99828982  9.50238563 10.00131089 10.50287193
 11.00353519 11.49937154 12.00226038 12.50180157 13.00352416 13.49556921
 14.00398822 14.49743569 15.00459276 15.50230458 15.99939481 16.49401864
 16.99738389 17.49531819 17.99992525 18.49573148 18.9957795  19.49930721]
Processed /remote/gpu01a/heneka/21cmlightcones/pure_simulations/run431.npz with power spectra shape: (30, 10, 10)
Processed /remote/gpu01a/heneka/21cmlightcones/pure_simulations/run431.npz with redshifts shape: [ 5.15940081  5.50008689  5.99952553  6.49876344  7.00130659  7.49928276
  7.99992014  8.5015236   8.99817984  9.49865121  9.99891404 10.50032426
 10.99902756 11.49743461 11.99918132 12.50173828 13.00230924 13.49784594
 14.00260785 14.49729106 14.99752626 15.5021338  15.99921856 16.49700189
 16.9823922  16.9823922  16.9823922  16.9823922  16.9823922  16.9823922 ]
Processed /remote/gpu01a/heneka/21cmlightcones/pure_simulations/run4262.npz with power spectra shape: (30, 10, 10)
Processed /remote/gpu01a/heneka/21cmlightcones/pure_simulations/run4262.npz with redshifts shape: [ 5.16026927  5.50039783  5.99988465  6.49886496  7.00082103  7.50156657
  8.00113007  8.50121336  9.00064091  9.49894509 10.00203877 10.50055331
 11.00206546 11.496742   12.00125125 12.49920155 13.00242185 13.5007255
 13.99962453 14.49690916 14.99990593 15.49724813 15.99686699 16.49730566
 16.99699006 17.12526106 17.12526106 17.12526106 17.12526106 17.12526106]
Processed /remote/gpu01a/heneka/21cmlightcones/pure_simulations/run46.npz with power spectra shape: (30, 10, 10)
Processed /remote/gpu01a/heneka/21cmlightcones/pure_simulations/run46.npz with redshifts shape: [ 5.16806844  5.49925826  6.00024045  6.50155607  7.00027069  7.49856349
  8.00150079  8.49877214  8.99789842  9.49931118  9.9985794  10.49695001
 10.9968017  11.50175958 12.00187469 12.50096428 12.99595403 13.50108528
 13.99702456 14.4994171  14.99689971 15.49738805 15.99941988 16.50140757
 17.00164119 17.49829474 18.00262109 18.48671746 18.48671746 18.48671746]
Processed /remote/gpu01a/heneka/21cmlightcones/pure_simulations/run3238.npz with power spectra shape: (30, 10, 10)
Processed /remote/gpu01a/heneka/21cmlightcones/pure_simulations/run3238.npz with redshifts shape: [ 5.18809961  5.4989296   5.99904208  6.49985316  6.99937044  7.50151149
  7.9991815   8.49990211  8.99833787  9.50055387 10.00245417 10.49942593
 11.00117067 11.49706286 11.9992715  12.49700093 12.99587841 13.50326291
 13.99732065 14.49533774 14.99579648 15.49703534 15.99725182 16.49450743
 17.00032736 17.50006232 18.00616445 18.50263897 19.00291019 19.50616145]
Processed /remote/gpu01a/heneka/21cmlightcones/pure_simulations/run2477.npz with power spectra shape: (30, 10, 10)
Processed /remote/gpu01a/heneka/21cmlightcones/pure_simulations/run2477.npz with redshifts shape: [ 5.18185852  5.49890098  6.00096867  6.49894859  7.00074306  7.49863521
  8.00229722  8.5013237   8.99922753  9.50200233  9.99952451 10.49958092
 10.99865058 11.50042557 12.00199818 12.50015465 13.00041068 13.500447
 13.99772872 14.50001991 14.99489977 15.50233739 15.99807485 16.50389878
 17.0063233  17.50327675 18.00683994 18.50157208 19.00048918 19.50282943]
Processed /remote/gpu01a/heneka/21cmlightcones/pure_simulations/run309.npz with power spectra shape: (30, 10, 10)
Processed /remote/gpu01a/heneka/21cmlightcones/pure_simulations/run309.npz with redshifts shape: [ 5.17266562  5.49986608  5.99997782  6.49866775  7.00010903  7.50032182
  7.99995583  8.5015479   8.9994442   9.49839113  9.99969087 10.49937251
 10.99980443 11.49741035 12.00358118 12.50048748 13.00070046 13.50211682
 14.00242548 14.49911543 14.99995248 15.50353438 15.99685883 16.50068416
 17.00226136 17.49968352 18.00448084 18.50204551 19.00479442 19.36087784]
Processed /remote/gpu01a/heneka/21cmlightcones/pure_simulations/run1569.npz with power spectra shape: (30, 10, 10)
Processed /remote/gpu01a/heneka/21cmlightcones/pure_simulations/run1569.npz with redshifts shape: [ 5.21631011  5.49836088  6.00012268  6.49868727  7.001158    7.4997592
  8.00204861  8.50208386  8.99954349  9.50222893  9.99892356 10.49975959
 11.00154621 11.50071179 12.00289966 12.49537274 12.99495686 13.50022982
 13.99772213 14.4963234  14.99405683 15.50247407 16.00684836 16.50475709
 16.99364343 17.50332138 18.00109124 18.50163195 19.00394046 19.50693999]
Processed /remote/gpu01a/heneka/21cmlightcones/pure_simulations/run1561.npz with power spectra shape: (30, 10, 10)
Processed /remote/gpu01a/heneka/21cmlightcones/pure_simulations/run1561.npz with redshifts shape: [ 5.1865298   5.50047345  5.99971484  6.49990497  6.99912004  7.50129479
  7.99943965  8.50105855  9.0009018   9.49901828 10.00296452 10.50261952
 11.00030175 11.49972204 11.99782491 12.50000058 13.00406304 13.49784416
 13.99769479 14.50229165 14.99886001 15.49601211 16.00433788 16.49771408
 16.99941185 17.49490278 17.9965353  18.50366433 18.99977225 19.49867889]
Processed /remote/gpu01a/heneka/21cmlightcones/pure_simulations/run3625.npz with power spectra shape: (30, 10, 10)
Processed /remote/gpu01a/heneka/21cmlightcones/pure_simulations/run3625.npz with redshifts shape: [ 5.18784911  5.501194    6.00088036  6.50120089  7.00016733  7.50169481
  7.99869928  8.49869413  9.00197532  9.49773314  9.99874558 10.50171932
 11.00293383 11.49826364 11.99986451 12.49695448 13.0044668  13.50181373
 13.99512997 14.50321251 15.00338118 15.50430411 16.00418046 16.50107375
 17.00650067 17.50582324 17.99675009 18.5075026  19.00729188 19.49352267]
Processed /remote/gpu01a/heneka/21cmlightcones/pure_simulations/run3860.npz with power spectra shape: (30, 10, 10)
Processed /remote/gpu01a/heneka/21cmlightcones/pure_simulations/run3860.npz with redshifts shape: [ 5.16700265  5.50122656  5.9991335   6.50028378  6.99917563  7.50194139
  8.00188172  8.5005635   9.0015729   9.49998948 10.00182318 10.49717012
 11.00035981 11.50226193 11.99916204 12.50270619 13.00287382 13.49637575
 13.99805349 14.49725297 15.0015449  15.49902466 15.99789667 16.49658456
 17.00547884 17.49909878 18.00021755 18.29194946 18.29194946 18.29194946]
Processed /remote/gpu01a/heneka/21cmlightcones/pure_simulations/run3972.npz with power spectra shape: (30, 10, 10)
Processed /remote/gpu01a/heneka/21cmlightcones/pure_simulations/run3972.npz with redshifts shape: [ 5.16918652  5.50004888  5.99863602  6.49994154  6.99830144  7.4998395
  8.00201942  8.49805401  9.00054575  9.50013964 10.00288276 10.49870294
 11.00208135 11.49664885 11.99985663 12.50222156 13.00064312 13.50060783
 13.99988398 14.49604465 14.99672913 15.50059433 15.99493116 16.50010691
 17.00365963 17.50374678 17.99841388 18.49940546 18.69415863 18.69415863]
Processed /remote/gpu01a/heneka/21cmlightcones/pure_simulations/run4349.npz with power spectra shape: (30, 10, 10)
Processed /remote/gpu01a/heneka/21cmlightcones/pure_simulations/run4349.npz with redshifts shape: [ 5.1793092   5.50009934  6.00130597  6.49907545  7.0012991   7.50045801
  8.00159138  8.49833402  8.99956684  9.50091261  9.99740494 10.49676244
 11.00260891 11.49745239 11.99963246 12.49895943 13.00090533 13.50321669
 14.00342472 14.49885604 14.99750859 15.49786199 15.99826106 16.49691946
 17.00489368 17.49475268 18.00490788 18.50719673 18.99927693 19.49447569]
Processed /remote/gpu01a/heneka/21cmlightcones/pure_simulations/run4154.npz with power spectra shape: (30, 10, 10)
Processed /remote/gpu01a/heneka/21cmlightcones/pure_simulations/run4154.npz with redshifts shape: [ 5.187661    5.50067289  5.99977986  6.49946274  7.00176041  7.49851659
  7.99952249  8.4990722   9.00186657  9.49710783  9.99756181 10.4999389
 11.00052387 11.50304546 11.99610109 12.50127316 12.99920774 13.49576678
 13.99858268 14.4954869  14.99477176 15.49478001 16.00616553 16.50264396
 16.99406034 17.50649396 17.99695235 18.50719776 19.00647106 19.49218215]
Processed /remote/gpu01a/heneka/21cmlightcones/pure_simulations/run4685.npz with power spectra shape: (30, 10, 10)
Processed /remote/gpu01a/heneka/21cmlightcones/pure_simulations/run4685.npz with redshifts shape: [ 5.17892631  5.49898961  5.99895595  6.49885509  6.99994671  7.50207916
  8.00225377  8.49795995  8.99806268  9.49819553  9.99958528 10.49800094
 11.0028251  11.49660326 11.99763775 12.50416574 12.9964376  13.49741589
 13.99623648 14.50057032 14.99822612 15.49753031 15.99683196 16.49434962
 17.00111372 17.50324298 17.99860764 18.49956244 19.00545176 19.49981511]
Processed /remote/gpu01a/heneka/21cmlightcones/pure_simulations/run1504.npz with power spectra shape: (30, 10, 10)
Processed /remote/gpu01a/heneka/21cmlightcones/pure_simulations/run1504.npz with redshifts shape: [ 5.16741313  5.4998702   5.99889232  6.50129624  7.00156246  7.50189959
  7.99882115  8.49851112  9.00062614  9.50023251  9.99756564 10.50005452
 10.99811129 11.50113481 11.99921698 12.49616366 12.99721928 13.50040964
 14.00355648 14.50428404 15.00002858 15.49868034 15.99878254 16.49875474
 16.99689549 17.50401166 17.99343906 18.36662421 18.36662421 18.36662421]
Processed /remote/gpu01a/heneka/21cmlightcones/pure_simulations/run1272.npz with power spectra shape: (30, 10, 10)
Processed /remote/gpu01a/heneka/21cmlightcones/pure_simulations/run1272.npz with redshifts shape: [ 5.1997532   5.4996039   6.0003311   6.49837846  6.99971325  7.50111594
  7.99981321  8.49921329  8.99934923  9.50132248 10.0005628  10.49933006
 11.00131667 11.50342868 12.00222876 12.50332638 13.00422429 13.50218424
 14.00521473 14.50025456 14.99602183 15.50330744 15.99535481 16.4959276
 17.00452678 17.50553504 17.99644646 18.50717976 19.00495714 19.50450192]
Processed /remote/gpu01a/heneka/21cmlightcones/pure_simulations/run652.npz with power spectra shape: (30, 10, 10)
Processed /remote/gpu01a/heneka/21cmlightcones/pure_simulations/run652.npz with redshifts shape: [ 5.17158564  5.49931667  5.99913164  6.5011816   6.99962686  7.50058889
  8.00141011  8.49988903  8.99958725  9.50086573  9.99912377 10.50189908
 10.99929076 11.50086115 11.99638805 12.49776444 13.00314738 13.50150011
 13.99859127 14.50184699 14.99963346 15.50000141 16.0014277  16.50226082
 17.00072723 17.49493608 17.99634363 18.50444102 19.0041048  19.15040091]
Processed /remote/gpu01a/heneka/21cmlightcones/pure_simulations/run518.npz with power spectra shape: (30, 10, 10)
Processed /remote/gpu01a/heneka/21cmlightcones/pure_simulations/run518.npz with redshifts shape: [ 5.20699392  5.49886964  6.00012968  6.50068997  6.99882095  7.49940928
  8.00063984  8.5014552   9.00174034  9.50249346  9.99884491 10.50063398
 10.99680397 11.49980952 11.99837938 12.49823762 12.9967194  13.5017128
 14.00039515 14.50135708 15.00277879 15.50268336 15.99894364 16.50361339
 17.00119028 17.50472551 17.99726169 18.49289719 19.00820979 19.50785377]
Processed /remote/gpu01a/heneka/21cmlightcones/pure_simulations/run2098.npz with power spectra shape: (30, 10, 10)
Processed /remote/gpu01a/heneka/21cmlightcones/pure_simulations/run2098.npz with redshifts shape: [ 5.20393152  5.50082696  5.99822444  6.49886632  6.99795625  7.50041131
  7.99933339  8.4981008   9.00274953  9.50258072  9.99848978 10.50021782
 10.99691252 11.50088918 12.00108065 12.50316746 13.00456047 13.5024248
 14.00489535 14.49860516 15.00475494 15.49730306 15.99944142 16.49662294
 17.00122542 17.4972791  17.99816797 18.50308466 18.99389666 19.50349731]
Processed /remote/gpu01a/heneka/21cmlightcones/pure_simulations/run232.npz with power spectra shape: (30, 10, 10)
Processed /remote/gpu01a/heneka/21cmlightcones/pure_simulations/run232.npz with redshifts shape: [ 5.18397243  5.4991363   6.00082021  6.50119554  7.00135725  7.50096102
  8.00145243  8.5012714   8.99960607  9.50247638  9.99960025 10.49881537
 10.99652209 11.49641755 12.00368752 12.49919788 12.99619211 13.50190464
 13.99501368 14.50308943 15.00394861 15.49444121 15.9956463  16.49455405
 17.00247057 17.50509416 18.00020427 18.50047115 19.00519057 19.49741448]
Processed /remote/gpu01a/heneka/21cmlightcones/pure_simulations/run1457.npz with power spectra shape: (30, 10, 10)
Processed /remote/gpu01a/heneka/21cmlightcones/pure_simulations/run1457.npz with redshifts shape: [ 5.16776542  5.50096524  6.0012069   6.49841743  6.99948407  7.50071436
  7.99861187  8.49937006  8.99761629  9.49807687 10.00212904 10.49982039
 10.99893671 11.50309753 12.00237106 12.50056976 13.00295063 13.49875612
 14.00289567 14.50466297 15.00148739 15.50127517 16.00256596 16.50377495
 17.00319594 17.49900668 18.00244112 18.43105176 18.43105176 18.43105176]
Processed /remote/gpu01a/heneka/21cmlightcones/pure_simulations/run1948.npz with power spectra shape: (30, 10, 10)
Processed /remote/gpu01a/heneka/21cmlightcones/pure_simulations/run1948.npz with redshifts shape: [ 5.17294971  5.50072168  5.99874668  6.50152548  7.00039903  7.50149081
  8.00207829  8.49990093  8.99850968  9.49822982 10.00036496 10.50093622
 11.00231502 11.50091637 12.00047262 12.49803324 12.9989477  13.50110964
 14.00220348 14.49971333 15.00141719 15.49492933 16.00016599 16.50498028
 16.99506523 17.5060538  17.99837708 18.49652739 18.99989692 19.41678827]
Processed /remote/gpu01a/heneka/21cmlightcones/pure_simulations/run4845.npz with power spectra shape: (30, 10, 10)
Processed /remote/gpu01a/heneka/21cmlightcones/pure_simulations/run4845.npz with redshifts shape: [ 5.18372528  5.50133047  5.99934342  6.49886286  6.99809453  7.50100946
  8.00081269  8.49988741  8.99742493  9.49943636 10.00200295 10.50069744
 10.99784474 11.49713875 12.00375835 12.49859557 13.00398709 13.49982786
 14.00225939 14.49939535 14.99939247 15.50066015 16.00146968 16.49995809
 16.99413566 17.49572643 18.00419319 18.50394128 18.9925487  19.49977967]
Processed /remote/gpu01a/heneka/21cmlightcones/pure_simulations/run3035.npz with power spectra shape: (30, 10, 10)
Processed /remote/gpu01a/heneka/21cmlightcones/pure_simulations/run3035.npz with redshifts shape: [ 5.20013552  5.50059516  5.99891932  6.50168916  7.00006256  7.4977933
  8.00228519  8.49733078  8.99829554  9.50117001 10.00137403 10.50116982
 10.99638918 11.49916496 11.99867597 12.50053834 13.00225064 13.50106871
 14.00501415 14.50100085 14.99776194 15.5061109  15.99923372 16.50094472
 16.99628442 17.49790961 18.00513458 18.50089002 18.99938089 19.49967417]
Processed /remote/gpu01a/heneka/21cmlightcones/pure_simulations/run3874.npz with power spectra shape: (30, 10, 10)
Processed /remote/gpu01a/heneka/21cmlightcones/pure_simulations/run3874.npz with redshifts shape: [ 5.21451341  5.50080443  5.99854995  6.50100858  6.99942541  7.49863874
  8.00203017  8.49782176  8.99713535  9.50227996 10.00217573 10.49901106
 10.99652227 11.50012502 11.99805766 12.49616402 13.0022136  13.50364648
 13.9971517  14.50391835 14.99785955 15.50221203 16.00236554 16.49592692
 16.99583461 17.50136037 17.99490983 18.50849778 19.00689614 19.50582822]
Processed /remote/gpu01a/heneka/21cmlightcones/pure_simulations/run1105.npz with power spectra shape: (30, 10, 10)
Processed /remote/gpu01a/heneka/21cmlightcones/pure_simulations/run1105.npz with redshifts shape: [ 5.18825618  5.49936063  5.99995486  6.50129647  7.0013891   7.49973398
  7.99767213  8.49869325  8.99745825  9.50003538 10.00232532 10.4997106
 11.00190032 11.49825868 12.00096564 12.49921453 12.99863761 13.49676379
 14.00124929 14.49988376 15.00098652 15.50289368 16.0037997  16.50176312
 16.99471446 17.49463295 18.00093497 18.49761883 18.99811447 19.50160444]
Processed /remote/gpu01a/heneka/21cmlightcones/pure_simulations/run1853.npz with power spectra shape: (30, 10, 10)
Processed /remote/gpu01a/heneka/21cmlightcones/pure_simulations/run1853.npz with redshifts shape: [ 5.19666345  5.50086012  6.00062     6.49839114  7.00015712  7.49823554
  7.99880259  8.50109292  8.99934277  9.49970955  9.99774047 10.50295865
 10.99728102 11.4994638  11.99891015 12.50118013 13.00385355 13.50426949
 13.99953936 14.49790976 14.99772295 15.49717174 15.99430453 16.50064603
 17.00152828 17.49461679 17.99285985 18.49550956 19.00175059 19.49342264]
Processed /remote/gpu01a/heneka/21cmlightcones/pure_simulations/run1424.npz with power spectra shape: (30, 10, 10)
Processed /remote/gpu01a/heneka/21cmlightcones/pure_simulations/run1424.npz with redshifts shape: [ 5.21616957  5.50141467  5.99941179  6.5017624   6.99958678  7.49770713
  7.99947831  8.49896489  9.00230284  9.49791824 10.00142149 10.5020995
 11.00371008 11.50268347 12.00466104 12.49691196 12.99625449 13.50126716
 13.99848762 14.49680119 14.99423237 15.50232598 16.00636403 16.50392659
 16.9924594  17.50175445 17.99913684 18.49927401 19.001164   19.50373111]
Processed /remote/gpu01a/heneka/21cmlightcones/pure_simulations/run4254.npz with power spectra shape: (30, 10, 10)
Processed /remote/gpu01a/heneka/21cmlightcones/pure_simulations/run4254.npz with redshifts shape: [ 5.17113641  5.50065249  5.99926284  6.49996261  7.00060552  7.50030308
  7.99974422  8.50148566  8.99996338  9.49992047 10.00268509 10.49803313
 11.00057416 11.50088154 12.00268062 12.50308315 12.99892255 13.49571856
 14.00059938 14.50261599 14.99911509 15.49812803 15.99813578 16.49749272
 16.99443178 17.49996678 18.00025128 18.49319424 19.00560676 19.06378788]
Processed /remote/gpu01a/heneka/21cmlightcones/pure_simulations/run4786.npz with power spectra shape: (30, 10, 10)
Processed /remote/gpu01a/heneka/21cmlightcones/pure_simulations/run4786.npz with redshifts shape: [ 5.21328927  5.50119234  5.99978636  6.49942554  6.99932033  7.50059576
  8.001221    8.49995319  9.00290121  9.49869091 10.00277763 10.49677516
 10.99963175 11.50051917 11.99560049 12.50068101 13.00406853 13.50271435
 14.00503879 14.49699333 15.00065636 15.50224695 15.99953419 16.50489514
 17.0023257  17.5052321  17.9961151  18.50681519 19.00230222 19.49821398]
Processed /remote/gpu01a/heneka/21cmlightcones/pure_simulations/run4180.npz with power spectra shape: (30, 10, 10)
Processed /remote/gpu01a/heneka/21cmlightcones/pure_simulations/run4180.npz with redshifts shape: [ 5.16421627  5.50028634  6.00100177  6.50006975  7.00087988  7.49897548
  7.99843199  8.50190363  8.99931873  9.49958768  9.99845543 10.49721309
 10.99825528 11.49831666 12.00107377 12.50385343 13.00370967 13.49744009
 13.99967233 14.4999585  14.99581527 15.49500944 15.99614123 16.49768883
 16.99801099 17.49535104 17.79611812 17.79611812 17.79611812 17.79611812]
Processed /remote/gpu01a/heneka/21cmlightcones/pure_simulations/run200.npz with power spectra shape: (30, 10, 10)
Processed /remote/gpu01a/heneka/21cmlightcones/pure_simulations/run200.npz with redshifts shape: [ 5.18375545  5.50141593  5.9995235   6.49914732  6.99849228  7.50153033
  8.00146452  8.50067824  8.99836237  9.50052964  9.99691378 10.50212467
 10.99944877 11.49892734 11.99758722 12.50077574 12.99726174 13.50242671
 13.99497246 14.50243817 15.00266698 15.50417332 16.00522727 16.50396509
 16.99839567 17.50024902 17.99457417 18.49402236 18.99788957 19.50540943]
Processed /remote/gpu01a/heneka/21cmlightcones/pure_simulations/run3233.npz with power spectra shape: (30, 10, 10)
Processed /remote/gpu01a/heneka/21cmlightcones/pure_simulations/run3233.npz with redshifts shape: [ 5.18109007  5.49956028  5.99950378  6.4986727   6.99824678  7.49798239
  7.99939242  8.50102746  9.00216948  9.49715416  9.99842782 10.50293337
 11.0000682  11.49976873 11.99914111 12.50349237 13.00178454 13.49974753
 14.00482037 14.4948529  14.99833148 15.50376077 15.99744304 16.50107652
 17.00123303 17.49585459 17.99696568 18.50396911 19.00085328 19.50106859]
Processed /remote/gpu01a/heneka/21cmlightcones/pure_simulations/run2377.npz with power spectra shape: (30, 10, 10)
Processed /remote/gpu01a/heneka/21cmlightcones/pure_simulations/run2377.npz with redshifts shape: [ 5.15535141  5.4990996   5.99888235  6.50000254  6.99940784  7.49868083
  8.00198927  8.49919847  9.00125041  9.49884088 10.00212173 10.50211293
 11.00013666 11.49860899 12.00113838 12.49801807 13.00077706 13.49960252
 13.99989565 14.4995703  14.99636384 15.49770845 16.00236291 16.33760932
 16.33760932 16.33760932 16.33760932 16.33760932 16.33760932 16.33760932]
Processed /remote/gpu01a/heneka/21cmlightcones/pure_simulations/run217.npz with power spectra shape: (30, 10, 10)
Processed /remote/gpu01a/heneka/21cmlightcones/pure_simulations/run217.npz with redshifts shape: [ 5.18578932  5.50133322  5.99862034  6.50025376  7.00143995  7.5017789
  7.9979315   8.50252744  9.00045157  9.5024917   9.99822548 10.50238585
 10.99803683 11.50306461 11.99935545 12.49959253 13.00159854 13.50296702
 14.00107164 14.50380947 14.99845574 15.50537978 15.99976514 16.50383759
 17.00378922 17.49747741 17.99720751 18.50233468 18.9964087  19.49319611]
Processed /remote/gpu01a/heneka/21cmlightcones/pure_simulations/run4005.npz with power spectra shape: (30, 10, 10)
Processed /remote/gpu01a/heneka/21cmlightcones/pure_simulations/run4005.npz with redshifts shape: [ 5.17822956  5.49977533  6.0009449   6.4990414   6.99813298  7.49807359
  8.00044172  8.49895139  9.00246882  9.50093548 10.00052127 10.49701413
 10.99976225 11.49884107 11.99802036 12.50256005 13.00163054 13.50090471
 13.99793248 14.50035799 14.99603786 15.50458021 16.00223405 16.49802914
 17.00295745 17.50318747 17.99660188 18.49550763 18.99925059 19.50711581]
Processed /remote/gpu01a/heneka/21cmlightcones/pure_simulations/run4568.npz with power spectra shape: (30, 10, 10)
Processed /remote/gpu01a/heneka/21cmlightcones/pure_simulations/run4568.npz with redshifts shape: [ 5.18662657  5.50074315  6.00028458  6.50080513  7.00037877  7.49856133
  8.0014999   8.49838632  8.99828247  9.50247562 10.00049382 10.50024367
 10.9980334  11.49757488 12.00408978 12.49813409 13.0023568  13.4963068
 13.99634029 14.50113349 14.99790666 15.49527469 16.00383292 16.49744555
 16.99939463 17.49514395 17.99704907 18.50446413 19.0008619  19.50007037]
Processed /remote/gpu01a/heneka/21cmlightcones/pure_simulations/run4549.npz with power spectra shape: (30, 10, 10)
Processed /remote/gpu01a/heneka/21cmlightcones/pure_simulations/run4549.npz with redshifts shape: [ 5.21130948  5.49969256  6.00073723  6.49980503  6.9994872   7.50095385
  8.00224491  8.50217826  9.00053958  9.49825504  9.99754976 10.50209863
 11.00056889 11.49680386 11.99636301 12.49674684 12.99519414 13.49971275
 13.99718025 14.49632309 14.99524709 15.50528192 15.99806788 16.49865149
 17.00643176 17.50482769 18.00766825 18.49687764 19.00524267 19.49665805]
Processed /remote/gpu01a/heneka/21cmlightcones/pure_simulations/run1363.npz with power spectra shape: (30, 10, 10)
Processed /remote/gpu01a/heneka/21cmlightcones/pure_simulations/run1363.npz with redshifts shape: [ 5.15548229  5.49953794  5.99981045  6.50147088  7.00146194  7.50136617
  8.00137164  8.49896299  9.00143377  9.4994712   9.99785899 10.49799067
 11.00229998 11.50134058 11.99756472 12.50197371 12.9976709  13.49675912
 13.99733475 14.49731076 15.0038524  15.49610536 16.0011193  16.35791243
 16.35791243 16.35791243 16.35791243 16.35791243 16.35791243 16.35791243]
Processed /remote/gpu01a/heneka/21cmlightcones/pure_simulations/run3041.npz with power spectra shape: (30, 10, 10)
Processed /remote/gpu01a/heneka/21cmlightcones/pure_simulations/run3041.npz with redshifts shape: [ 5.17616027  5.49929016  6.00055588  6.49947968  7.00017501  7.49844698
  7.9993373   8.50156529  8.99927893  9.49723907 10.00278281 10.50003092
 10.99700626 11.49736187 11.99835344 12.49694028 12.99853326 13.50095305
 14.00180803 14.49850334 14.99892769 15.50161871 16.00498088 16.49506915
 16.99393765 17.50119496 18.00256082 18.49585185 18.9937052  19.49541138]
Processed /remote/gpu01a/heneka/21cmlightcones/pure_simulations/run3956.npz with power spectra shape: (30, 10, 10)
Processed /remote/gpu01a/heneka/21cmlightcones/pure_simulations/run3956.npz with redshifts shape: [ 5.20130939  5.50047661  5.99827976  6.50010959  7.00133435  7.50218794
  7.99982671  8.49764034  9.00163656  9.5013005   9.99756156 10.50007914
 10.99818101 11.50406836 11.99792783 12.50273097 12.99757486 13.49909941
 13.99487085 14.50490009 15.00479167 15.50371764 15.99964546 16.50433834
 17.00275009 17.49245475 18.00244312 18.5010117  19.00244204 19.50579565]
Processed /remote/gpu01a/heneka/21cmlightcones/pure_simulations/run259.npz with power spectra shape: (30, 10, 10)
Processed /remote/gpu01a/heneka/21cmlightcones/pure_simulations/run259.npz with redshifts shape: [ 5.19844133  5.4993194   6.00009212  6.49859457  7.00080741  7.49892707
  7.99913526  8.50061259  8.99749918  9.50234913  9.99831876 10.5009122
 10.99964819 11.49830386 12.00226539 12.50002791 12.99740954 13.50205476
 14.00173776 14.50477351 14.99747234 15.50146562 16.00332768 16.50094224
 17.00639743 17.50417418 18.00733985 18.49896623 18.9931472  19.50638248]
Processed /remote/gpu01a/heneka/21cmlightcones/pure_simulations/run4868.npz with power spectra shape: (30, 10, 10)
Processed /remote/gpu01a/heneka/21cmlightcones/pure_simulations/run4868.npz with redshifts shape: [ 5.17536122  5.49969654  5.99864854  6.49843618  7.00043694  7.50051637
  7.99924636  8.4991195   8.99956844  9.50088023  9.99827512 10.49937919
 11.00090712 11.49918835 11.99797023 12.50246447 13.00204869 13.50233879
 14.00095556 14.49531955 15.00391293 15.50452687 16.00570786 16.50573781
 17.00277412 17.49485728 17.99366568 18.49864767 18.99432873 19.49376237]
Processed /remote/gpu01a/heneka/21cmlightcones/pure_simulations/run4666.npz with power spectra shape: (30, 10, 10)
Processed /remote/gpu01a/heneka/21cmlightcones/pure_simulations/run4666.npz with redshifts shape: [ 5.17174287  5.49979259  6.00013901  6.49942781  6.99816943  7.4994679
  8.00066297  8.49955018  8.99969288  9.50145175 10.0002209  10.49720065
 11.0015114  11.4965039  11.999854   12.5019022  12.99946801 13.49808766
 13.99546527 14.49903131 14.99714431 15.49786012 15.99965397 16.50087344
 16.99974293 17.49436919 17.99621859 18.50478185 19.00492166 19.18084165]
Processed /remote/gpu01a/heneka/21cmlightcones/pure_simulations/run1577.npz with power spectra shape: (30, 10, 10)
Processed /remote/gpu01a/heneka/21cmlightcones/pure_simulations/run1577.npz with redshifts shape: [ 5.2088888   5.50032077  5.99917043  6.50029179  6.99860452  7.49898418
  7.99954772  8.49917923  8.99771624  9.50283709  9.99663853 10.50294636
 11.0038819  11.50328294 11.99743542 12.50187044 12.99483157 13.5043928
 13.99635314 14.50173435 14.99516401 15.49931321 15.99998893 16.49489526
 16.9966702  17.50464143 18.00169735 18.50205883 19.00479049 19.50888582]
Processed /remote/gpu01a/heneka/21cmlightcones/pure_simulations/run4873.npz with power spectra shape: (30, 10, 10)
Processed /remote/gpu01a/heneka/21cmlightcones/pure_simulations/run4873.npz with redshifts shape: [ 5.16355451  5.50076556  5.99943711  6.49943559  7.00159882  7.50152634
  7.99912622  8.50055922  9.00070068  9.49899638 10.00140576 10.49829942
 10.99733989 11.5021241  12.00303649 12.49617084 13.00165422 13.50179804
 14.0021925  14.50054972 15.00431821 15.50186496 16.00125646 16.50097743
 16.99939344 17.4947573  17.68111683 17.68111683 17.68111683 17.68111683]
Processed /remote/gpu01a/heneka/21cmlightcones/pure_simulations/run3439.npz with power spectra shape: (30, 10, 10)
Processed /remote/gpu01a/heneka/21cmlightcones/pure_simulations/run3439.npz with redshifts shape: [ 5.20657353  5.50106221  6.0015267   6.50119021  6.99833066  7.49782824
  7.99787396  8.49741531  9.00251455  9.50228902  9.99759938 10.49826568
 11.00137077 11.50362923 12.00140338 12.50040973 12.9979889  13.50201492
 13.99969068 14.49959094 14.99990009 15.49864641 15.99370939 16.4971138
 16.99339652 17.49557574 18.00290994 18.49775819 18.99473964 19.49285971]
Processed /remote/gpu01a/heneka/21cmlightcones/pure_simulations/run4020.npz with power spectra shape: (30, 10, 10)
Processed /remote/gpu01a/heneka/21cmlightcones/pure_simulations/run4020.npz with redshifts shape: [ 5.16849832  5.50058731  6.00009231  6.49943786  6.99926131  7.49877807
  7.99875171  8.50178067  9.00246334  9.50011042 10.00074932 10.50057789
 11.00198043 11.5015346  12.00294505 12.50340176 12.99981961 13.49766585
 14.00399296 14.4983042  14.99702716 15.498823   16.00222556 16.50564241
 16.99516217 17.5055378  17.99823968 18.49716168 18.56609055 18.56609055]
Processed /remote/gpu01a/heneka/21cmlightcones/pure_simulations/run2208.npz with power spectra shape: (30, 10, 10)
Processed /remote/gpu01a/heneka/21cmlightcones/pure_simulations/run2208.npz with redshifts shape: [ 5.18377189  5.49857128  5.99962189  6.49930273  6.99870969  7.50181506
  8.00182074  8.50111051  8.99887478  9.50112725  9.99759968 10.50290463
 11.00032547 11.49990492 11.99866948 12.50196732 12.99856505 13.50384717
 13.99651079 14.50410139 15.00445696 15.49443213 15.99508417 16.50615537
 17.00072421 17.50272124 17.99719099 18.49678844 19.00080936 19.49233031]
Processed /remote/gpu01a/heneka/21cmlightcones/pure_simulations/run405.npz with power spectra shape: (30, 10, 10)
Processed /remote/gpu01a/heneka/21cmlightcones/pure_simulations/run405.npz with redshifts shape: [ 5.16227562  5.49924628  5.99939552  6.49848956  6.99996489  7.49950036
  8.00120125  8.49875522  8.99957935  9.49900529  9.99737068 10.50198342
 10.99725736 11.49798667 12.00184171 12.49858467 13.00016115 13.49622974
 14.0012722  14.49561012 14.99512344 15.49858167 16.00463091 16.50052872
 16.99496692 17.46178814 17.46178814 17.46178814 17.46178814 17.46178814]
Processed /remote/gpu01a/heneka/21cmlightcones/pure_simulations/run663.npz with power spectra shape: (30, 10, 10)
Processed /remote/gpu01a/heneka/21cmlightcones/pure_simulations/run663.npz with redshifts shape: [ 5.18815818  5.49909092  5.99938358  6.50039316  7.00012568  7.49808388
  8.00041733  8.50140238  9.00011686  9.50262862  9.99834123 10.50213237
 10.99681334 11.50045583 12.00303039 12.50113531 13.00040214 13.49836018
 14.00266352 14.50110645 15.00200503 15.50369615 16.00437571 16.50210295
 16.99480996 17.49446998 18.00049977 18.49690619 18.99711185 19.50030011]
Processed /remote/gpu01a/heneka/21cmlightcones/pure_simulations/run114.npz with power spectra shape: (30, 10, 10)
Processed /remote/gpu01a/heneka/21cmlightcones/pure_simulations/run114.npz with redshifts shape: [ 5.16355115  5.50075491  5.9994146   6.49940002  7.00154909  7.50146127
  7.9990449   8.5004604   9.00058343  9.49885978 10.00124873 10.49812108
 10.99713936 11.50190033 12.00278871 12.50358422 13.00135577 13.50147301
 14.00183994 14.5001692  15.0039085  15.50142546 16.00078678 16.50047626
 16.99886036 17.49419184 17.68053892 17.68053892 17.68053892 17.68053892]
Processed /remote/gpu01a/heneka/21cmlightcones/pure_simulations/run2488.npz with power spectra shape: (30, 10, 10)
Processed /remote/gpu01a/heneka/21cmlightcones/pure_simulations/run2488.npz with redshifts shape: [ 5.15743054  5.5010954   5.9997643   6.49874804  7.00159595  7.50061343
  7.99898546  8.49846326  8.99796783  9.502189   10.00177338 10.50281617
 11.00154383 11.50037106 12.00292255 12.49932834 13.00124293 13.49869181
 13.99712001 14.50348989 14.99771563 15.49597255 15.9969738  16.49931555
 16.66433908 16.66433908 16.66433908 16.66433908 16.66433908 16.66433908]
Processed /remote/gpu01a/heneka/21cmlightcones/pure_simulations/run322.npz with power spectra shape: (30, 10, 10)
Processed /remote/gpu01a/heneka/21cmlightcones/pure_simulations/run322.npz with redshifts shape: [ 5.17274259  5.50009795  6.00046847  6.49944208  7.00119365  7.50174005
  8.0017306   8.49890961  9.00199959  9.50136873  9.99714407 10.49687885
 10.99737493 11.50228433 12.00131208 12.49831311 12.99863162 13.50016363
 14.00059727 14.49742084 14.99840183 15.50213788 15.99562236 16.49961997
 17.00137768 17.49898746 18.00398384 18.50175301 19.0047173  19.37600796]
Processed /remote/gpu01a/heneka/21cmlightcones/pure_simulations/run699.npz with power spectra shape: (30, 10, 10)
Processed /remote/gpu01a/heneka/21cmlightcones/pure_simulations/run699.npz with redshifts shape: [ 5.21228036  5.49873923  5.99833052  6.49949899  7.00151081  7.50056134
  7.99875896  8.50074548  9.001329    9.50143447 10.00329394 10.50277333
 11.00361233 11.50234937 12.00456988 12.49780961 12.99863041 13.49460452
 14.00576134 14.49540828 14.99659559 15.49560808 16.00428668 16.49277407
 17.00263806 17.50317159 18.00826055 18.49974399 18.99261506 19.50443506]
Processed /remote/gpu01a/heneka/21cmlightcones/pure_simulations/run4702.npz with power spectra shape: (30, 10, 10)
Processed /remote/gpu01a/heneka/21cmlightcones/pure_simulations/run4702.npz with redshifts shape: [ 5.1705007   5.49871801  6.0011762   6.50015244  6.99888736  7.50050777
  7.99805075  8.49772702  8.99910618  9.50258416  9.99772982 10.49714782
 10.99771758 11.50308013 12.00310669 12.50163583 13.00397619 13.49916232
 14.00231385 14.50251977 14.99713953 15.505003   16.00343979 16.50115035
 16.99637547 17.50009031 17.99849893 18.50343246 18.94217387 18.94217387]
Processed /remote/gpu01a/heneka/21cmlightcones/pure_simulations/run1233.npz with power spectra shape: (30, 10, 10)
Processed /remote/gpu01a/heneka/21cmlightcones/pure_simulations/run1233.npz with redshifts shape: [ 5.18422418  5.49984562  5.99908797  6.49998404  7.00073044  7.50098006
  8.00217863  8.49765419  9.00191578  9.49973193  9.99735488 10.49711366
 11.00265185 11.50363271 12.00387369 12.50008479 12.99781987 13.50432465
 13.99824303 14.49654557 14.9977787  15.50034788 16.0025187  16.50242195
 16.99806039 17.50119201 17.99682721 18.49764952 19.00295448 19.49577314]
Processed /remote/gpu01a/heneka/21cmlightcones/pure_simulations/run2621.npz with power spectra shape: (30, 10, 10)
Processed /remote/gpu01a/heneka/21cmlightcones/pure_simulations/run2621.npz with redshifts shape: [ 5.20665462  5.50126588  5.99833462  6.50186963  6.99927934  7.49906837
  7.99942607  8.49929899  8.99857431  9.49825007 10.00059214 10.50166508
 10.99707636 11.49926253 11.99697114 12.4959179  13.00367346 13.49742186
 13.99505626 14.49492051 14.99519933 15.49392104 16.00265285 16.5066567
 17.00354469 17.50635041 17.99814185 18.49299704 19.00746669 19.5062619 ]
Processed /remote/gpu01a/heneka/21cmlightcones/pure_simulations/run1273.npz with power spectra shape: (30, 10, 10)
Processed /remote/gpu01a/heneka/21cmlightcones/pure_simulations/run1273.npz with redshifts shape: [ 5.19786414  5.50092202  6.00037479  6.5012585   6.99799806  7.49900041
  7.99772142  8.49758429  8.99866736  9.50210584  9.99658652 10.49757069
 11.00238882 11.49974242 12.00230318 12.49859983 13.00423809 13.49743376
 13.99540684 14.4966438  14.99947696 15.50208656 16.00250547 16.49862608
 17.00250024 17.49865812 18.00012614 18.50615351 18.99916573 19.49375385]
Processed /remote/gpu01a/heneka/21cmlightcones/pure_simulations/run1468.npz with power spectra shape: (30, 10, 10)
Processed /remote/gpu01a/heneka/21cmlightcones/pure_simulations/run1468.npz with redshifts shape: [ 5.17133526  5.50125788  6.00054068  6.49864326  6.99975546  7.49997324
  7.99998456  8.50234791  9.00149099  9.50216153  9.99976604 10.50183304
 10.99847686 11.49924666 12.00154242 12.50247242 12.99886546 13.49624684
 14.00175306 14.50442199 15.00159495 15.50131423 16.00205799 16.50217806
 16.99990394 17.50626695 17.99395025 18.5012008  19.00000226 19.10206116]
Processed /remote/gpu01a/heneka/21cmlightcones/pure_simulations/run4538.npz with power spectra shape: (30, 10, 10)
Processed /remote/gpu01a/heneka/21cmlightcones/pure_simulations/run4538.npz with redshifts shape: [ 5.17933434  5.50017212  6.00146016  6.49931848  7.00163967  7.50090299
  8.00214858  8.49900943  9.0003685   9.50184736  9.99847797 10.49798085
 10.99692245 11.49898105 12.00132596 12.50082276 13.00294526 13.49606264
 13.99596838 14.50145643 15.00030643 15.50086311 16.00147096 16.50034268
 16.99556567 17.49861746 17.99493538 18.4968965  19.00384508 19.49928461]
Processed /remote/gpu01a/heneka/21cmlightcones/pure_simulations/run3385.npz with power spectra shape: (30, 10, 10)
Processed /remote/gpu01a/heneka/21cmlightcones/pure_simulations/run3385.npz with redshifts shape: [ 5.16219087  5.49897475  5.99882057  6.50074466  6.99869308  7.5016504
  7.99911872  8.50073099  9.00144277  9.50074076  9.99896295 10.49742157
 10.99851691 11.49905755 12.00270826 12.49923577 13.00058083 13.49640732
 14.0011897  14.50463901 15.00432677 15.49765089 16.00338817 16.49896755
 17.00481613 17.44738945 17.44738945 17.44738945 17.44738945 17.44738945]
Processed /remote/gpu01a/heneka/21cmlightcones/pure_simulations/run4878.npz with power spectra shape: (30, 10, 10)
Processed /remote/gpu01a/heneka/21cmlightcones/pure_simulations/run4878.npz with redshifts shape: [ 5.18071301  5.50132368  6.00039227  6.49858046  7.00094467  7.4998613
  8.00036292  8.50100483  9.00107278  9.50073848 10.00120167 10.49815077
 11.00102507 11.49972387 11.99803328 12.5012498  12.99836121 13.50453306
 13.99884543 14.49798276 15.00055185 15.50502043 15.9977193  16.50030405
 16.99937461 17.50649747 18.00699043 18.49858562 18.99421961 19.49313504]
Processed /remote/gpu01a/heneka/21cmlightcones/pure_simulations/run2071.npz with power spectra shape: (30, 10, 10)
Processed /remote/gpu01a/heneka/21cmlightcones/pure_simulations/run2071.npz with redshifts shape: [ 5.20859203  5.49958493  6.0012722   6.50188808  6.99963366  7.49938129
  7.99925164  8.49813218  9.00209593  9.50010985 10.00019132 10.49832608
 10.99823446 11.49656056 11.99883326 12.50262494 12.9949201  13.50375463
 13.99497752 14.49956458 15.00479935 15.49547029 15.99525444 16.5036757
 17.00511498 17.49702553 17.99306446 18.49236995 18.99400918 19.49697714]
Processed /remote/gpu01a/heneka/21cmlightcones/pure_simulations/run4865.npz with power spectra shape: (30, 10, 10)
Processed /remote/gpu01a/heneka/21cmlightcones/pure_simulations/run4865.npz with redshifts shape: [ 5.19881469  5.50029346  5.99866748  6.5018504   7.00110913  7.50022135
  8.00151213  8.4986505   9.00228347  9.50206975  9.99897128 10.502574
 11.00237464 11.50215588 11.99850099 12.49699483 12.99515503 13.50063844
 14.00119839 14.50516336 14.99881664 15.5038313  15.99357297 16.50546412
 16.99770672 17.49606185 17.99984523 18.49210754 19.00377766 19.50092324]
Processed /remote/gpu01a/heneka/21cmlightcones/pure_simulations/run1576.npz with power spectra shape: (30, 10, 10)
Processed /remote/gpu01a/heneka/21cmlightcones/pure_simulations/run1576.npz with redshifts shape: [ 5.18472489  5.50125679  5.99882574  6.50110309  6.99940828  7.50093494
  7.99880838  8.50050597  9.00087215  9.4999963   9.99902276 10.50028546
 11.00016758 11.50237974 12.0039297  12.50151633 13.00070678 13.49911063
 14.00427902 14.50425893 14.99605755 15.49992754 16.00345959 16.50477816
 17.0018782  17.50655219 18.00376376 18.50623586 18.99760809 19.50781402]
Processed /remote/gpu01a/heneka/21cmlightcones/pure_simulations/run1436.npz with power spectra shape: (30, 10, 10)
Processed /remote/gpu01a/heneka/21cmlightcones/pure_simulations/run1436.npz with redshifts shape: [ 5.19723786  5.49927815  6.00036372  6.4996088   6.99878495  7.49823023
  8.00029887  8.49875632  8.9983095   9.50009177  9.99963489 10.49921279
 11.00251293 11.49827426 11.99913006 12.50290183 12.9973868  13.4989322
 13.99538865 14.49502117 14.99616734 15.49701484 15.99560468 16.50349574
 17.0059753  17.50069756 18.00065262 18.50509118 18.99649608 19.50673514]
Processed /remote/gpu01a/heneka/21cmlightcones/pure_simulations/run909.npz with power spectra shape: (30, 10, 10)
Processed /remote/gpu01a/heneka/21cmlightcones/pure_simulations/run909.npz with redshifts shape: [ 5.18773072  5.50086612  6.00018789  6.5001071   6.9986386   7.49969477
  8.00099789  8.50086266  8.99837235  9.49958207 10.00040534 10.50317018
 10.99677274 11.49924657 12.0005854  12.49739868 13.00461124 13.50164785
 14.00496224 14.50237352 15.00218219 15.50272929 16.00221504 16.49870533
 17.00370733 17.50259545 17.99308141 18.5033605  19.0026723  19.50492142]
Processed /remote/gpu01a/heneka/21cmlightcones/pure_simulations/run2392.npz with power spectra shape: (30, 10, 10)
Processed /remote/gpu01a/heneka/21cmlightcones/pure_simulations/run2392.npz with redshifts shape: [ 5.19145349  5.49913285  5.9984257   6.50095379  7.00157131  7.4996692
  8.00140854  8.50087408  9.00277137  9.5021638  10.00010829 10.49889985
 11.00220185 11.49915899 12.00211635 12.50004612 12.99863884 13.49534605
 13.99791573 14.50495643 15.00332013 15.50180845 15.99855478 16.50482026
 17.0063485  17.5008964  18.00111053 18.50629505 18.99946836 19.49478587]
Processed /remote/gpu01a/heneka/21cmlightcones/pure_simulations/run3368.npz with power spectra shape: (30, 10, 10)
Processed /remote/gpu01a/heneka/21cmlightcones/pure_simulations/run3368.npz with redshifts shape: [ 5.2037492   5.50036309  6.00081906  6.50128098  7.00015549  7.50235859
  8.00099668  8.49944739  8.99765101  9.50319374  9.99869508 10.49998057
 10.99620862 11.4996829  11.99934787 12.50087873 13.0016896  13.49894937
 14.00078419 14.50559871 14.99930241 15.50406221 16.00605932 16.50308638
 16.99280323 17.50338696 18.00407601 18.49218348 18.99936511 19.50871932]
Processed /remote/gpu01a/heneka/21cmlightcones/pure_simulations/run3275.npz with power spectra shape: (30, 10, 10)
Processed /remote/gpu01a/heneka/21cmlightcones/pure_simulations/run3275.npz with redshifts shape: [ 5.17586528  5.50119009  5.9987136   6.49999825  6.99987787  7.50139017
  8.0016776   8.49835755  9.00022564  9.49740069 10.00208747 10.49843513
 11.00137598 11.50115081 12.00151561 12.49943434 13.00031167 13.50197148
 14.00202664 14.49788787 14.99743151 15.49919768 16.00159353 16.50289607
 17.00125598 17.49470666 17.99495834 18.50145946 18.99868724 19.49973453]
Processed /remote/gpu01a/heneka/21cmlightcones/pure_simulations/run3760.npz with power spectra shape: (30, 10, 10)
Processed /remote/gpu01a/heneka/21cmlightcones/pure_simulations/run3760.npz with redshifts shape: [ 5.19213093  5.50096547  5.99892975  6.49961249  7.00192192  7.50186839
  8.00071885  8.50194037  8.99999231  9.50098186 10.00064158 10.50127109
 10.99898806 11.49753281 12.00220086 12.50192507 13.00241363 13.50110607
 13.99521942 14.50393799 15.00403514 15.50433938 16.00297598 16.49793327
 17.0009513  17.49703719 17.99887528 18.5057687  19.00067659 19.49780091]
Processed /remote/gpu01a/heneka/21cmlightcones/pure_simulations/run3856.npz with power spectra shape: (30, 10, 10)
Processed /remote/gpu01a/heneka/21cmlightcones/pure_simulations/run3856.npz with redshifts shape: [ 5.16963553  5.49875711  5.99856943  6.50124945  7.00111254  7.50030898
  7.9995661   8.50146016  9.00051531  9.50147138  9.99981798 10.50304532
 11.00139898 11.49726738 12.00187923 12.4977537  12.99727495 13.49841021
 13.99892153 14.49637406 14.99842643 15.50373211 15.99954335 16.49452054
 16.99918485 17.5004284  17.99629027 18.4985426  18.7783813  18.7783813 ]
Processed /remote/gpu01a/heneka/21cmlightcones/pure_simulations/run2272.npz with power spectra shape: (30, 10, 10)
Processed /remote/gpu01a/heneka/21cmlightcones/pure_simulations/run2272.npz with redshifts shape: [ 5.17630917  5.49972887  6.00148592  6.50094754  6.99844682  7.50113123
  7.99818753  8.50075555  8.99883751  9.49719652  9.99708394 10.50088119
 10.99834209 11.49921423 12.00075088 12.49990669 13.00209884 13.49592559
 13.99694785 14.50401419 15.00513756 15.4973601  16.00095661 16.50351228
 17.00317204 17.49796173 17.99962332 18.49322    19.00633738 19.49344321]
Processed /remote/gpu01a/heneka/21cmlightcones/pure_simulations/run3613.npz with power spectra shape: (30, 10, 10)
Processed /remote/gpu01a/heneka/21cmlightcones/pure_simulations/run3613.npz with redshifts shape: [ 5.17106546  5.50043661  5.99880709  6.49924212  6.99959709  7.49898489
  7.99809479  8.49948234  8.99758802  9.50266589  9.99950168 10.50073935
 11.00324612 11.50350984 11.99766022 12.49755839 13.00136636 13.49808374
 14.00287613 14.50479647 15.00119187 15.50009275 15.99998017 16.49920917
 16.99601321 17.50140308 18.00153648 18.49432321 19.0065657  19.05016292]
Processed /remote/gpu01a/heneka/21cmlightcones/pure_simulations/run2174.npz with power spectra shape: (30, 10, 10)
Processed /remote/gpu01a/heneka/21cmlightcones/pure_simulations/run2174.npz with redshifts shape: [ 5.16991584  5.4996146   6.00038553  6.50081213  7.00148727  7.50157303
  8.00179546  8.50001746  8.99980735  9.50156145 10.00076055 10.49862851
 10.99753572 11.50111159 11.99926553 12.5038089  12.99608121 13.497996
 13.99932825 14.49763773 15.00059592 15.49606316 16.00363936 16.49962708
 17.00536019 17.49488971 18.00469051 18.49425099 18.83122816 18.83122816]
Processed /remote/gpu01a/heneka/21cmlightcones/pure_simulations/run4817.npz with power spectra shape: (30, 10, 10)
Processed /remote/gpu01a/heneka/21cmlightcones/pure_simulations/run4817.npz with redshifts shape: [ 5.20823275  5.49869404  5.99938395  6.498906    6.99992343  7.49881462
  7.99775216  8.5013895   8.99850325  9.50206614 10.00141171 10.49875768
 10.99781991 11.50394542 11.99656578 12.49934612 13.0009072  13.49831533
 13.99983231 14.50378972 14.99575736 15.49834077 15.99739019 16.50502711
 17.00565703 17.49673965 17.99190994 18.50725764 19.00860901 19.49298644]
Processed /remote/gpu01a/heneka/21cmlightcones/pure_simulations/run3327.npz with power spectra shape: (30, 10, 10)
Processed /remote/gpu01a/heneka/21cmlightcones/pure_simulations/run3327.npz with redshifts shape: [ 5.21523792  5.49917929  5.9984699   6.49848856  6.99837977  7.49922276
  7.99891608  8.50210944  8.9970573   9.49701675  9.99824814 10.49651739
 11.00401859 11.50083371 12.00051059 12.50046015 12.99782839 13.50073107
 13.99576495 14.50418457 14.99981656 15.50597558 15.99374631 16.50348203
 17.00541103 17.49686957 17.99190729 18.50710988 19.00713911 19.5077658 ]
Processed /remote/gpu01a/heneka/21cmlightcones/pure_simulations/run3494.npz with power spectra shape: (30, 10, 10)
Processed /remote/gpu01a/heneka/21cmlightcones/pure_simulations/run3494.npz with redshifts shape: [ 5.17813455  5.49949844  6.00035826  6.50158669  7.00065988  7.50056463
  7.99832236  8.50132052  8.99941546  9.49737866 10.0025888  10.4989521
 11.00155445 11.50047434 11.99948098 12.50383218 13.00270296 13.50176437
 13.9985675  14.50075317 14.99618395 15.50445852 16.00183802 16.49734822
 17.0019746  17.50189372 17.99499013 18.49356357 18.99695947 19.50446375]
Processed /remote/gpu01a/heneka/21cmlightcones/pure_simulations/run3284.npz with power spectra shape: (30, 10, 10)
Processed /remote/gpu01a/heneka/21cmlightcones/pure_simulations/run3284.npz with redshifts shape: [ 5.21265154  5.49964174  6.00024082  6.49839054  7.00119214  7.50110776
  8.00024611  8.49737288  8.99857955  9.49936705 10.00196951 10.50224482
 11.00393764 11.50357913 11.99734572 12.50100165 13.00288692 13.49996497
 14.00063138 14.5031435  15.00559218 15.50590791 16.0018676  16.50581547
 17.00179299 17.50316896 17.99249891 18.50152228 18.99532403 19.50814537]
Processed /remote/gpu01a/heneka/21cmlightcones/pure_simulations/run129.npz with power spectra shape: (30, 10, 10)
Processed /remote/gpu01a/heneka/21cmlightcones/pure_simulations/run129.npz with redshifts shape: [ 5.16503148  5.50027061  6.00066571  6.49905362  6.99879762  7.49925852
  8.0013066   8.49844174  8.99812877  9.50086661 10.00237581 10.4978507
 11.00148921 11.49739118 12.00264868 12.5003168  13.00251057 13.49867904
 14.00352084 14.49699046 14.99520979 15.49689732 16.00064662 16.50492708
 16.99613934 17.49590602 17.93922169 17.93922169 17.93922169 17.93922169]
Processed /remote/gpu01a/heneka/21cmlightcones/pure_simulations/run3716.npz with power spectra shape: (30, 10, 10)
Processed /remote/gpu01a/heneka/21cmlightcones/pure_simulations/run3716.npz with redshifts shape: [ 5.18157674  5.50095519  5.99926462  6.49979708  7.00087346  7.4979818
  8.00078077  8.49888442  9.00123843  9.49751725 10.00019755 10.49950773
 10.99778248 11.49870899 11.99938512 12.49660442 12.995873   13.50436811
 14.00107076 14.50274152 14.99697559 15.50371602 15.99873874 16.50379963
 17.00543304 17.50157186 18.00427728 18.4981358  18.99614065 19.49753193]
Processed /remote/gpu01a/heneka/21cmlightcones/pure_simulations/run3223.npz with power spectra shape: (30, 10, 10)
Processed /remote/gpu01a/heneka/21cmlightcones/pure_simulations/run3223.npz with redshifts shape: [ 5.17362312  5.50001455  5.99997175  6.50153043  6.99869048  7.50163759
  7.999807    8.4994368   9.00000706  9.5018416  10.00024509 10.50280663
 10.99947101 11.49987851 12.00135907 12.5009485  13.0040164  13.49936353
 14.00235158 14.50183857 14.99510618 15.50129177 15.99728884 16.50396636
 16.9959404  17.49588918 18.00336188 18.50367136 18.99458292 19.50429913]
Processed /remote/gpu01a/heneka/21cmlightcones/pure_simulations/run1090.npz with power spectra shape: (30, 10, 10)
Processed /remote/gpu01a/heneka/21cmlightcones/pure_simulations/run1090.npz with redshifts shape: [ 5.19129053  5.4986921   6.0008513   6.49947785  6.99950621  7.5014602
  7.99803138  8.50207714  8.99790784  9.50265563 10.00020235 10.49856728
 11.00141058 11.49788766 12.00033217 12.4977281  12.99576074 13.50187523
 14.00435385 14.50023513 14.99794048 15.49574689 16.00447756 16.49731689
 16.99808994 17.50627706 18.00628233 18.49564526 19.00418198 19.49925214]
Processed /remote/gpu01a/heneka/21cmlightcones/pure_simulations/run3448.npz with power spectra shape: (30, 10, 10)
Processed /remote/gpu01a/heneka/21cmlightcones/pure_simulations/run3448.npz with redshifts shape: [ 5.16364669  5.50105948  6.00005752  6.50041601  6.9994579   7.49947462
  8.00137178  8.49874352  8.99903097  9.49748989 10.00008142 10.49717224
 11.00287224 11.50144521 12.0026056  12.50368975 13.00176436 13.50220206
 14.00290537 14.50158493 14.99576857 15.50359052 16.00334745 16.50344754
 17.00225553 17.4980218  17.69707076 17.69707076 17.69707076 17.69707076]
Processed /remote/gpu01a/heneka/21cmlightcones/pure_simulations/run1608.npz with power spectra shape: (30, 10, 10)
Processed /remote/gpu01a/heneka/21cmlightcones/pure_simulations/run1608.npz with redshifts shape: [ 5.19922162  5.5013551   6.00090828  6.50152367  7.00180233  7.50203113
  7.99944758  8.49745529  9.00204712  9.50286054 10.00085639 10.49829185
 10.99885072 11.49944905 11.99666212 12.49608357 12.99522569 13.50176038
 14.00341516 14.49703502 15.00337121 15.49701422 16.00066002 16.50012719
 16.99315609 17.50734193 17.99701305 18.50640359 19.00282146 19.50095219]
Processed /remote/gpu01a/heneka/21cmlightcones/pure_simulations/run4826.npz with power spectra shape: (30, 10, 10)
Processed /remote/gpu01a/heneka/21cmlightcones/pure_simulations/run4826.npz with redshifts shape: [ 5.19005459  5.50132403  6.00042869  6.49937687  7.00013293  7.49880503
  8.00155466  8.50255369  9.00082555  9.50245661 10.00326553 10.49855338
 10.99808327 11.49903062 11.99824225 12.50117016 12.99612831 13.49894595
 13.99798274 14.50127585 14.99577961 15.50228602 15.99538947 16.49777975
 16.99530989 17.50006912 17.99656898 18.49785635 19.00317358 19.49499111]
Processed /remote/gpu01a/heneka/21cmlightcones/pure_simulations/run301.npz with power spectra shape: (30, 10, 10)
Processed /remote/gpu01a/heneka/21cmlightcones/pure_simulations/run301.npz with redshifts shape: [ 5.1984365   5.49930683  6.00006548  6.49855248  7.00074854  7.49885008
  7.99903903  8.50049556  8.99736054  9.50218738  9.99813308 10.50070127
 10.99941108 11.4980395  12.00197242 12.49970569 12.99705706 13.50167063
 14.00132132 14.50432366 14.99698866 15.50094657 16.00277241 16.5003503
 17.00576724 17.50350553 18.00663126 18.498218   18.99235817 19.5055504 ]
Processed /remote/gpu01a/heneka/21cmlightcones/pure_simulations/run1440.npz with power spectra shape: (30, 10, 10)
Processed /remote/gpu01a/heneka/21cmlightcones/pure_simulations/run1440.npz with redshifts shape: [ 5.19210282  5.50088947  5.99876961  6.49935926  7.00156717  7.50140477
  8.00013893  8.50123626  8.99915764  9.50000879  9.99952371 10.50000152
 10.99756105 11.50397379 12.00043745 12.49998496 13.00029041 13.49879433
 14.00327249 14.50123018 15.00112116 15.50121393 15.99963401 16.49437112
 16.99716022 17.49301509 17.99461448 18.50126149 18.99592374 19.49279669]
Processed /remote/gpu01a/heneka/21cmlightcones/pure_simulations/run4364.npz with power spectra shape: (30, 10, 10)
Processed /remote/gpu01a/heneka/21cmlightcones/pure_simulations/run4364.npz with redshifts shape: [ 5.20761274  5.50041397  5.99976435  6.50182813  7.00160654  7.49913162
  8.00187348  8.49857801  9.00016039  9.50232017 10.00016999 10.50357693
 11.00144637 11.4976009  11.99754724 12.49886949 12.99889373 13.49469807
 13.99451896 14.49669363 14.99939707 15.50064599 15.99830582 16.50446392
 17.00357201 17.49310144 18.0028947  18.50023871 18.99982218 19.50064472]
Processed /remote/gpu01a/heneka/21cmlightcones/pure_simulations/run4832.npz with power spectra shape: (30, 10, 10)
Processed /remote/gpu01a/heneka/21cmlightcones/pure_simulations/run4832.npz with redshifts shape: [ 5.20559545  5.49860531  5.99993797  6.50098546  7.00008253  7.50213463
  8.00013622  8.49744701  9.00010458  9.49728358  9.99693302 10.50271955
 11.00369812 11.50369022 11.99907963 12.49555951 13.00066153 13.50242053
 13.99773857 14.49515347 15.00529679 15.50191828 15.99477077 16.49582507
 17.00453265 17.50479145 17.99399156 18.5028744  18.99769327 19.49356076]
Processed /remote/gpu01a/heneka/21cmlightcones/pure_simulations/run157.npz with power spectra shape: (30, 10, 10)
Processed /remote/gpu01a/heneka/21cmlightcones/pure_simulations/run157.npz with redshifts shape: [ 5.17017285  5.50040104  5.99905764  6.50012618  7.001517    7.49838966
  7.99910975  8.4978837   8.99828214  9.50070119 10.00061411 10.49924489
 10.99896623 11.50341324 12.00247705 12.49999042 13.00125248 13.50422277
 13.99728727 14.49626125 14.99992538 15.49612276 16.00448151 16.50126762
 16.99553245 17.49823049 17.99559308 18.49942763 18.87987224 18.87987224]
Processed /remote/gpu01a/heneka/21cmlightcones/pure_simulations/run2255.npz with power spectra shape: (30, 10, 10)
Processed /remote/gpu01a/heneka/21cmlightcones/pure_simulations/run2255.npz with redshifts shape: [ 5.15377892  5.50111178  6.00127068  6.50036576  7.00115529  7.49895729
  8.00094176  8.50138752  8.99835427  9.50043826  9.99857534 10.49878896
 10.99746129 11.49701418 12.00104982 12.49998926 12.99764004 13.49916909
 14.00272285 14.49736742 14.99824141 15.50426233 16.00400586 16.09637035
 16.09637035 16.09637035 16.09637035 16.09637035 16.09637035 16.09637035]
Processed /remote/gpu01a/heneka/21cmlightcones/pure_simulations/run1226.npz with power spectra shape: (30, 10, 10)
Processed /remote/gpu01a/heneka/21cmlightcones/pure_simulations/run1226.npz with redshifts shape: [ 5.21408958  5.49978067  6.00014085  6.50175018  6.99922991  7.50242664
  7.99967615  8.50019048  8.99868645  9.50293282 10.00187126 10.49768907
 11.00252115 11.49655877 12.00275741 12.50014142 12.99481323 13.4948462
 13.99865703 14.50449194 14.99747887 15.50081109 15.99990772 16.50719021
 17.0065926  17.49547188 18.00455631 18.50008891 18.99717775 19.49475814]
Processed /remote/gpu01a/heneka/21cmlightcones/pure_simulations/run3904.npz with power spectra shape: (30, 10, 10)
Processed /remote/gpu01a/heneka/21cmlightcones/pure_simulations/run3904.npz with redshifts shape: [ 5.19263382  5.49929778  5.99841741  6.50039936  7.00001681  7.50112999
  8.00125689  8.49853185  8.99764778  9.49980072 10.00071119 10.50268293
 11.00182017 11.50187201 11.99960381 12.5005051  13.00224297 13.50224925
 13.9977312  14.49680231 14.99787369 15.49920887 15.99892775 16.49501284
 16.99923127 17.49655315 17.99969399 18.49225528 19.00425028 19.50281672]
Processed /remote/gpu01a/heneka/21cmlightcones/pure_simulations/run174.npz with power spectra shape: (30, 10, 10)
Processed /remote/gpu01a/heneka/21cmlightcones/pure_simulations/run174.npz with redshifts shape: [ 5.21648015  5.49876595  6.00098242  6.50004361  6.99842914  7.50224152
  7.99963445  8.49986736  8.9975494   9.50048481  9.99745101 10.49858494
 11.0006936  11.50020268 12.00275875 12.49561469 12.99560864 13.50131788
 13.99926063 14.49833379 14.99655831 15.50549792 15.99607354 16.49389764
 16.99831479 17.4923213  18.00697089 18.50813984 18.9928005  19.49577162]
Processed /remote/gpu01a/heneka/21cmlightcones/pure_simulations/run600.npz with power spectra shape: (30, 10, 10)
Processed /remote/gpu01a/heneka/21cmlightcones/pure_simulations/run600.npz with redshifts shape: [ 5.19319457  5.50080579  6.00160655  6.50168643  6.99879499  7.50129426
  7.99799534  8.50183411  9.00270286  9.50051582 10.00296821 10.49945711
 10.99986231 11.50127169 12.00044014 12.50287145 12.99664945 13.49782776
 14.00515902 14.49492057 14.99737439 15.50016011 16.0013912  16.49904202
 17.00491617 17.50393457 17.99371019 18.50321842 19.00078237 19.5006764 ]
Processed /remote/gpu01a/heneka/21cmlightcones/pure_simulations/run77.npz with power spectra shape: (30, 10, 10)
Processed /remote/gpu01a/heneka/21cmlightcones/pure_simulations/run77.npz with redshifts shape: [ 5.19823293  5.49877593  5.99894092  6.50063272  6.9982633   7.50025157
  8.00003873  8.50105244  8.99744013  9.50174372  9.99713874 10.49911275
 10.99719773 11.50345117 11.99839958 12.49540816 13.00182037 13.49581721
 13.99464469 14.49678698 15.00057357 15.50418066 16.0056361  16.50282663
 16.99350786 17.50514414 17.99228201 18.4989408  18.9925997  19.50527268]
Processed /remote/gpu01a/heneka/21cmlightcones/pure_simulations/run1687.npz with power spectra shape: (30, 10, 10)
Processed /remote/gpu01a/heneka/21cmlightcones/pure_simulations/run1687.npz with redshifts shape: [ 5.18635456  5.49998534  5.9986839   6.4982761   7.0008367   7.49831387
  8.00047554  8.50169759  9.00111014  9.49876296 10.00220622 10.5013295
 10.99845011 11.49727568 12.00302053 12.49627118 12.99964166 13.50245274
 14.00206747 14.49564138 15.002702   15.49956212 15.99520353 16.50062039
 17.00196831 17.49709597 17.99834346 18.50506536 19.00075773 19.49923023]
Processed /remote/gpu01a/heneka/21cmlightcones/pure_simulations/run3957.npz with power spectra shape: (30, 10, 10)
Processed /remote/gpu01a/heneka/21cmlightcones/pure_simulations/run3957.npz with redshifts shape: [ 5.20679287  5.50161326  5.99906601  6.49900946  7.00089767  7.50118387
  8.00207412  8.5025128   9.00238587  9.50269192  9.99856666 10.49984062
 11.00359314 11.49789454 11.99585802 12.50477225 13.00312943 13.49718248
 13.99514043 14.49534629 14.99598325 15.49507816 16.00420661 16.49430618
 17.00592577 17.49361124 18.00140475 18.49672072 18.99419112 19.49282025]
Processed /remote/gpu01a/heneka/21cmlightcones/pure_simulations/run4495.npz with power spectra shape: (30, 10, 10)
Processed /remote/gpu01a/heneka/21cmlightcones/pure_simulations/run4495.npz with redshifts shape: [ 5.19466331  5.49863646  5.99970801  6.49972255  7.00053052  7.49799559
  7.99828289  8.5006825   8.99953424  9.50097749 10.0006449  10.50082368
 10.99754038 11.50268154 11.99716124 12.50327842 13.00088592 13.49598886
 13.99642859 14.50075323 14.99556916 15.50212971 15.99438732 16.49554088
 17.00513791 17.49332817 18.00167154 18.49953065 19.00075391 19.5044652 ]
Processed /remote/gpu01a/heneka/21cmlightcones/pure_simulations/run1012.npz with power spectra shape: (30, 10, 10)
Processed /remote/gpu01a/heneka/21cmlightcones/pure_simulations/run1012.npz with redshifts shape: [ 5.20234517  5.49996754  6.00035998  6.50114761  7.00080095  7.49950854
  7.99953522  8.49994785  9.00073037  9.50295062 10.00193377 10.49992547
 11.00062345 11.50085335 11.9970968  12.5044842  13.00200318 13.49581565
 14.00510747 14.49495284 14.99695172 15.49809408 15.99633493 16.50349315
 17.00444501 17.49675477 17.99370904 18.49450526 18.99827066 19.50406285]
Processed /remote/gpu01a/heneka/21cmlightcones/pure_simulations/run413.npz with power spectra shape: (30, 10, 10)
Processed /remote/gpu01a/heneka/21cmlightcones/pure_simulations/run413.npz with redshifts shape: [ 5.16823493  5.49977294  6.00133131  6.50000008  6.99907007  7.50171381
  8.00114089  8.49889037  8.99853578  9.50050841 10.00037144 10.499372
 10.99989125 11.49851403 11.99893937 12.4983634  13.00205554 13.49922822
 13.99557179 14.49839751 14.9963318  15.49729721 15.99983018 16.50234086
 17.00311765 17.50033153 18.00524807 18.50365863 18.51740072 18.51740072]
Processed /remote/gpu01a/heneka/21cmlightcones/pure_simulations/run1285.npz with power spectra shape: (30, 10, 10)
Processed /remote/gpu01a/heneka/21cmlightcones/pure_simulations/run1285.npz with redshifts shape: [ 5.21105092  5.49905963  5.99939692  6.50178956  7.00104367  7.50202852
  7.99740176  8.50214082  8.99987664  9.49692144 10.00277215 10.49927696
 10.99694315 11.50114427 12.00034695 12.50034334 12.99837533 13.50244395
 13.99943907 14.49808006 14.99647481 15.50594046 15.99815015 16.49812187
 17.00525469 17.50298951 18.00513775 18.49364886 19.00126336 19.49192954]
Processed /remote/gpu01a/heneka/21cmlightcones/pure_simulations/run2372.npz with power spectra shape: (30, 10, 10)
Processed /remote/gpu01a/heneka/21cmlightcones/pure_simulations/run2372.npz with redshifts shape: [ 5.18524913  5.4998195   5.99868507  6.49881565  6.99835071  7.50124487
  8.00060084  8.49877756  9.00046298  9.50100777 10.0015569  10.49761063
 10.99876426 11.50234073 11.9971188  12.49574631 12.99605266 13.49564122
 14.00208096 14.50338813 14.99655795 15.50189926 15.99467433 16.49703772
 16.99522887 17.50106579 17.9994768  18.50321439 18.99587534 19.50747259]
Processed /remote/gpu01a/heneka/21cmlightcones/pure_simulations/run1284.npz with power spectra shape: (30, 10, 10)
Processed /remote/gpu01a/heneka/21cmlightcones/pure_simulations/run1284.npz with redshifts shape: [ 5.19845531  5.49935598  6.00016963  6.49871682  7.00097874  7.49915076
  7.99941529  8.50095254  8.99790216  9.5028195   9.99885853 10.50152564
 11.00033781 11.49907273 12.00311736 12.50096499 12.99843454 13.50317175
 14.00294883 14.49462784 14.9988787  15.50297526 16.00494233 16.5026639
 16.99389225 17.50611915 17.99384892 18.50114247 18.99544157 19.49137314]
Processed /remote/gpu01a/heneka/21cmlightcones/pure_simulations/run508.npz with power spectra shape: (30, 10, 10)
Processed /remote/gpu01a/heneka/21cmlightcones/pure_simulations/run508.npz with redshifts shape: [ 5.19950935  5.4989718   5.99899275  6.50014625  7.00102968  7.50192806
  8.00007269  8.49886991  8.99835385  9.49962524  9.99812168 10.50345849
 10.99725092 11.49848251 11.99636609 12.49650168 12.99639744 13.50373701
 13.99526639 14.50070799 14.99588653 15.50254098 15.99394856 16.49384349
 17.00172609 17.50200122 18.00779992 18.50210218 18.99907391 19.4977854 ]
Processed /remote/gpu01a/heneka/21cmlightcones/pure_simulations/run644.npz with power spectra shape: (30, 10, 10)
Processed /remote/gpu01a/heneka/21cmlightcones/pure_simulations/run644.npz with redshifts shape: [ 5.16097644  5.50015929  5.99907923  6.50026255  7.00120369  7.50049238
  7.99812187  8.50023389  9.00185977  9.50252489 10.00259827 10.49746607
 11.00104825 11.49790149 11.99761569 12.49760504 13.00300789 13.50359136
 13.99602733 14.49536989 15.0005546  15.5001636  16.00216142 16.50508373
 16.99569316 17.24283496 17.24283496 17.24283496 17.24283496 17.24283496]
Processed /remote/gpu01a/heneka/21cmlightcones/pure_simulations/run798.npz with power spectra shape: (30, 10, 10)
Processed /remote/gpu01a/heneka/21cmlightcones/pure_simulations/run798.npz with redshifts shape: [ 5.18466378  5.5010845   5.9984629   6.50052861  6.9986055   7.49988465
  8.00221697  8.49891101  8.99897988  9.49779153 10.00286718 10.49740862
 10.99693236 11.49876993 11.9999316  12.49711908 12.99589558 13.50352278
 13.99859525 14.49812116 15.00064338 15.50456325 15.99588407 16.49669728
 17.00663708 17.49742551 17.99410056 18.49601896 19.00247478 19.49645927]
Processed /remote/gpu01a/heneka/21cmlightcones/pure_simulations/run1279.npz with power spectra shape: (30, 10, 10)
Processed /remote/gpu01a/heneka/21cmlightcones/pure_simulations/run1279.npz with redshifts shape: [ 5.16416379  5.50011996  6.00064962  6.49951389  7.00010178  7.50181778
  8.00136229  8.50035758  9.00240629  9.49745147 10.00167565 10.50049075
 11.00158494 11.50169263 11.99720005 12.49958868 12.99904263 13.5009481
 14.00320063 14.50350191 14.9993689  15.49856851 15.99970121 16.50124498
 17.00155843 17.49888565 17.78696479 17.78696479 17.78696479 17.78696479]
Processed /remote/gpu01a/heneka/21cmlightcones/pure_simulations/run3267.npz with power spectra shape: (30, 10, 10)
Processed /remote/gpu01a/heneka/21cmlightcones/pure_simulations/run3267.npz with redshifts shape: [ 5.155357    5.49911832  5.99892201  6.50006531  6.99949561  7.49879554
  7.99815426  8.49937286  9.00145749  9.49908204 10.00239915 10.50242798
 11.00049087 11.49900391 12.00157604 12.49849937 13.00130411 13.50017631
 14.00051771 14.50024243 14.99708674 15.49848398 16.00319295 16.33847617
 16.33847617 16.33847617 16.33847617 16.33847617 16.33847617 16.33847617]
Processed /remote/gpu01a/heneka/21cmlightcones/pure_simulations/run4338.npz with power spectra shape: (30, 10, 10)
Processed /remote/gpu01a/heneka/21cmlightcones/pure_simulations/run4338.npz with redshifts shape: [ 5.15914472  5.49924964  6.00055715  6.49907171  7.00080685  7.50164737
  8.00166186  8.49815951  8.99849317  9.49815831  9.99755705 10.49804434
 11.00204221 11.49981612 12.00088032 12.5027088  13.00251079 13.497244
 14.00114521 14.50414706 15.00389669 15.49786938 16.00451881 16.50172274
 16.94057504 16.94057504 16.94057504 16.94057504 16.94057504 16.94057504]
Processed /remote/gpu01a/heneka/21cmlightcones/pure_simulations/run2638.npz with power spectra shape: (30, 10, 10)
Processed /remote/gpu01a/heneka/21cmlightcones/pure_simulations/run2638.npz with redshifts shape: [ 5.17500989  5.49865571  5.9995248   6.49836881  6.99932121  7.49825942
  8.00023438  8.49915853  8.99857899  9.49878368 10.00105167 10.50131819
 11.00194558 11.49927155 11.99703821 12.50044646 12.99889794 13.49799761
 13.99537281 14.49856127 14.99567073 15.49487769 15.99459812 16.50525618
 17.00126388 17.50547983 18.0037103  18.49379275 19.00311313 19.50186803]
Processed /remote/gpu01a/heneka/21cmlightcones/pure_simulations/run3202.npz with power spectra shape: (30, 10, 10)
Processed /remote/gpu01a/heneka/21cmlightcones/pure_simulations/run3202.npz with redshifts shape: [ 5.1565535   5.50065582  5.99913638  6.50126742  7.00145663  7.50125586
  8.00081479  8.50191105  8.99881143  9.50019505 10.00217892 10.50037414
 11.0022503  11.49826601 11.9978154  12.49844636 12.99744649 13.50004412
 13.99570302 14.49911777 14.99981556 15.49533959 16.00386693 16.50366476
 16.52542032 16.52542032 16.52542032 16.52542032 16.52542032 16.52542032]
Processed /remote/gpu01a/heneka/21cmlightcones/pure_simulations/run1907.npz with power spectra shape: (30, 10, 10)
Processed /remote/gpu01a/heneka/21cmlightcones/pure_simulations/run1907.npz with redshifts shape: [ 5.17989982  5.49897968  5.998607    6.5012872   7.00158711  7.49824662
  8.00088377  8.49925104  9.00225485  9.49970276  9.99778398 10.49885133
 10.99945878 11.50329576 11.99953369 12.50053078 13.00424876 13.49901673
 14.00067878 14.49762883 14.99788723 15.49992896 16.00209238 16.50258367
 16.99948175 17.50430334 18.0024329  18.50629251 18.99997262 19.49684158]
Processed /remote/gpu01a/heneka/21cmlightcones/pure_simulations/run2341.npz with power spectra shape: (30, 10, 10)
Processed /remote/gpu01a/heneka/21cmlightcones/pure_simulations/run2341.npz with redshifts shape: [ 5.1579402   5.50029422  6.00055166  6.5013019   6.99931468  7.49979317
  7.99976491  8.50098274  9.00236082  9.49841341  9.99939275 10.50194166
 11.00227274 11.50280551 12.00015835 12.49805145 13.00155873 13.50067259
 14.00085415 14.49995311 14.99564044 15.49544414 15.99807412 16.50212156
 16.74580749 16.74580749 16.74580749 16.74580749 16.74580749 16.74580749]
Processed /remote/gpu01a/heneka/21cmlightcones/pure_simulations/run839.npz with power spectra shape: (30, 10, 10)
Processed /remote/gpu01a/heneka/21cmlightcones/pure_simulations/run839.npz with redshifts shape: [ 5.15919257  5.49940603  6.00088865  6.49959481  7.00153971  7.49886265
  7.9987847   8.49961408  9.00021928  9.5001702   9.99986875 10.5006702
 10.9987264  11.50311187 11.99745968 12.49924278 12.9990042  13.50202899
 13.99757147 14.50054618 15.00027335 15.50433975 16.00086351 16.49805755
 16.94837388 16.94837388 16.94837388 16.94837388 16.94837388 16.94837388]
Processed /remote/gpu01a/heneka/21cmlightcones/pure_simulations/run2733.npz with power spectra shape: (30, 10, 10)
Processed /remote/gpu01a/heneka/21cmlightcones/pure_simulations/run2733.npz with redshifts shape: [ 5.15465355  5.49920205  5.99937979  6.50122706  6.99842178  7.4989072
  7.99988941  8.49890208  8.9985963   9.49866317  9.99959728 10.502816
 10.99858252 11.50113008 12.00149277 12.50337158 12.99643787 13.50082482
 13.99888135 14.4962104  14.99993892 15.49915307 16.00156133 16.22992987
 16.22992987 16.22992987 16.22992987 16.22992987 16.22992987 16.22992987]
Processed /remote/gpu01a/heneka/21cmlightcones/pure_simulations/run25.npz with power spectra shape: (30, 10, 10)
Processed /remote/gpu01a/heneka/21cmlightcones/pure_simulations/run25.npz with redshifts shape: [ 5.19003338  5.50126592  6.00030618  6.49918351  6.99986226  7.49845138
  8.00111154  8.50201577  9.00018782  9.50171296 10.00241102 10.49758416
 10.99699349 11.49781484 11.99689619 12.4996883  13.00392666 13.49718067
 13.99606907 14.49920813 15.00506521 15.49989898 16.00544458 16.49505872
 17.00615139 17.49699554 17.9933148  18.49441605 18.99954154 19.50786839]
Processed /remote/gpu01a/heneka/21cmlightcones/pure_simulations/run2946.npz with power spectra shape: (30, 10, 10)
Processed /remote/gpu01a/heneka/21cmlightcones/pure_simulations/run2946.npz with redshifts shape: [ 5.1595172   5.50046728  6.00032988  6.50003383  6.99966039  7.50160873
  7.9987475   8.50063091  9.00237269  9.49839481  9.99901546 10.50080966
 10.99991921 11.4987561  12.00095913 12.49649873 12.99714951 13.50112291
 13.99765093 14.50167734 15.00249964 15.4975852  15.99483203 16.50385832
 17.00144021 17.00144021 17.00144021 17.00144021 17.00144021 17.00144021]
Processed /remote/gpu01a/heneka/21cmlightcones/pure_simulations/run4298.npz with power spectra shape: (30, 10, 10)
Processed /remote/gpu01a/heneka/21cmlightcones/pure_simulations/run4298.npz with redshifts shape: [ 5.20216718  5.49951186  5.99939586  6.49962418  6.99867081  7.50146451
  8.0012145   8.50131796  9.00175939  9.49710298 10.00218991 10.49975318
 10.99999198 11.49973523 12.00442742 12.50230724 12.99926215 13.50304061
 14.00115137 14.50202728 15.00392704 15.50495556 16.00306816 16.49608096
 16.9962692  17.50301468 17.99978404 18.50037961 19.00392958 19.49174059]
Processed /remote/gpu01a/heneka/21cmlightcones/pure_simulations/run1466.npz with power spectra shape: (30, 10, 10)
Processed /remote/gpu01a/heneka/21cmlightcones/pure_simulations/run1466.npz with redshifts shape: [ 5.19496699  5.49944325  6.00141896  6.49863227  7.00013544  7.49836196
  7.9994841   8.49738831  9.00260696  9.49880736  9.999114   10.49998293
 10.99743379 11.50336999 11.99867478 12.49653429 13.0042123  13.50027595
 14.00173045 14.49586441 15.00302502 15.49837382 16.00416321 16.50654178
 17.00332541 17.5068871  18.0013027  18.49992819 19.00195276 19.50649927]
Processed /remote/gpu01a/heneka/21cmlightcones/pure_simulations/run3811.npz with power spectra shape: (30, 10, 10)
Processed /remote/gpu01a/heneka/21cmlightcones/pure_simulations/run3811.npz with redshifts shape: [ 5.18778244  5.50100928  6.00049018  6.50058454  6.99930589  7.50056782
  8.0020911   8.50218947  8.99994497  9.50141577 10.00251267 10.49863257
 10.99946177 11.50224749 12.00390918 12.5010538  12.99930339 13.49619364
 13.99936174 14.49663072 14.99629856 15.49670637 15.99605524 16.50542349
 16.99727888 17.4960362  18.00111207 18.49654415 18.9957305  19.49785522]
Processed /remote/gpu01a/heneka/21cmlightcones/pure_simulations/run3109.npz with power spectra shape: (30, 10, 10)
Processed /remote/gpu01a/heneka/21cmlightcones/pure_simulations/run3109.npz with redshifts shape: [ 5.21368981  5.49881521  6.00184125  6.49852059  6.99928865  7.50152706
  7.99774662  8.4971433   9.00082906  9.4974111  10.00236782 10.49727943
 11.00112798 11.50306353 11.99923866 12.49548057 12.99952901 13.49887452
 14.00194864 14.49467986 14.99918123 15.50164916 15.99984779 16.50617615
 17.0045994  17.49248206 18.0004893  18.49493538 19.00895933 19.50605273]
Processed /remote/gpu01a/heneka/21cmlightcones/pure_simulations/run2660.npz with power spectra shape: (30, 10, 10)
Processed /remote/gpu01a/heneka/21cmlightcones/pure_simulations/run2660.npz with redshifts shape: [ 5.17450001  5.49989269  5.99939022  6.50011235  6.99972965  7.50130259
  8.00203967  8.49961749  8.99757734  9.50183193 10.00281858 10.50171283
 11.00087333 11.49665117 12.00052255 12.50263804 12.99973199 13.49739614
 14.00286578 14.50494362 15.00089145 15.49886872 15.99729548 16.49446538
 17.00116871 17.50389425 18.00059272 18.50334578 18.99674872 19.49379784]
Processed /remote/gpu01a/heneka/21cmlightcones/pure_simulations/run556.npz with power spectra shape: (30, 10, 10)
Processed /remote/gpu01a/heneka/21cmlightcones/pure_simulations/run556.npz with redshifts shape: [ 5.17608543  5.49906969  6.00008861  6.49874221  6.99914269  7.50123402
  8.00215388  8.49951425  9.00212167  9.50007911  9.99952373 10.50283519
 10.99977822 11.50009157 12.00103171 12.4995581  13.00108133 13.50342236
 14.00419005 14.50079026 15.00111054 15.50368882 15.99523783 16.49689211
 16.99562489 17.50273597 18.00394986 18.49708383 18.99477132 19.49630289]
Processed /remote/gpu01a/heneka/21cmlightcones/pure_simulations/run588.npz with power spectra shape: (30, 10, 10)
Processed /remote/gpu01a/heneka/21cmlightcones/pure_simulations/run588.npz with redshifts shape: [ 5.18790837  5.50135816  6.00122691  6.5017483   7.00093255  7.49828546
  7.99995046  8.50021288  8.99815367  9.4998325  10.00115862 10.49752576
 10.99862456 11.50170075 12.00367172 12.50114146 12.99973539 13.49698697
 14.00053901 14.49820498 14.99828874 15.49913028 15.99892872 16.495748
 17.00110313 17.50035801 18.00595386 18.50191165 19.00164283 19.50433105]
Processed /remote/gpu01a/heneka/21cmlightcones/pure_simulations/run2513.npz with power spectra shape: (30, 10, 10)
Processed /remote/gpu01a/heneka/21cmlightcones/pure_simulations/run2513.npz with redshifts shape: [ 5.16801674  5.49909827  5.99990145  6.50101999  6.99952146  7.50153289
  8.00027413  8.50194724  9.001168    9.50267029 10.00202259 10.50047194
 11.00039791 11.49839015 11.99814371 12.49685939 12.9997994  13.49619326
 14.00096731 14.50340244 15.00092265 15.50144493 16.00350639 16.50551971
 17.00577486 17.5024459  17.99359766 18.47719578 18.47719578 18.47719578]
Processed /remote/gpu01a/heneka/21cmlightcones/pure_simulations/run4519.npz with power spectra shape: (30, 10, 10)
Processed /remote/gpu01a/heneka/21cmlightcones/pure_simulations/run4519.npz with redshifts shape: [ 5.17392345  5.50091412  5.99881604  6.5011492   6.99916141  7.49896687
  7.99778806  8.49813853  8.99949616  9.50218409 10.00149716 10.49861146
 11.00272696 11.49694588 11.99913417 12.49947575 13.00334764 13.49953137
 14.0034138  14.50383266 14.9980629  15.50527927 16.00232821 16.49805556
 17.00321977 17.50435033 17.99940776 18.50043434 19.00682123 19.50258999]
Processed /remote/gpu01a/heneka/21cmlightcones/pure_simulations/run2798.npz with power spectra shape: (30, 10, 10)
Processed /remote/gpu01a/heneka/21cmlightcones/pure_simulations/run2798.npz with redshifts shape: [ 5.17159707  5.49935122  5.99920486  6.50129747  6.99978882  7.50080064
  8.0016753   8.50021072  8.99996881  9.50131061  9.99963472 10.50247977
 10.9999435  11.50158921 11.99719374 12.49865122 13.00411881 13.50255772
 13.99973746 14.50308544 15.00096574 15.50143082 16.00295651 16.50389165
 17.00246209 17.4967763  17.99829287 18.50650351 19.00628068 19.15261068]
Processed /remote/gpu01a/heneka/21cmlightcones/pure_simulations/run1963.npz with power spectra shape: (30, 10, 10)
Processed /remote/gpu01a/heneka/21cmlightcones/pure_simulations/run1963.npz with redshifts shape: [ 5.20029579  5.50101071  5.99979612  6.49918214  7.00200234  7.50032645
  8.00034371  8.50117884  9.00286245  9.50004984 10.00058154 10.5007302
 10.9963243  11.49950524 11.99944286 12.50175758 13.00394561 13.50325928
 13.99672229 14.50425196 15.00157229 15.4978146  16.00423524 16.50657429
 17.00255439 17.50484806 17.99707188 18.49290771 19.00843862 19.49188741]
Processed /remote/gpu01a/heneka/21cmlightcones/pure_simulations/run4524.npz with power spectra shape: (30, 10, 10)
Processed /remote/gpu01a/heneka/21cmlightcones/pure_simulations/run4524.npz with redshifts shape: [ 5.19151654  5.49930347  5.99878663  6.50152537  6.99826665  7.50071349
  7.99782157  8.50246112  8.99892249  9.49819179 10.00262865 10.5017613
 10.99788855 11.50274828 11.99759815 12.50442032 13.00342435 13.50055469
 14.00356545 14.50000015 14.99828867 15.49670575 16.00608828 16.49958587
 17.00105384 17.49554607 17.99570719 18.50084198 18.99397034 19.50607142]
Processed /remote/gpu01a/heneka/21cmlightcones/pure_simulations/run1109.npz with power spectra shape: (30, 10, 10)
Processed /remote/gpu01a/heneka/21cmlightcones/pure_simulations/run1109.npz with redshifts shape: [ 5.19143816  5.49909143  5.99833816  6.50081514  7.00137728  7.49941579
  8.00109115  8.50048897  9.00231432  9.50163119  9.99949674 10.49820563
 11.00142057 11.49828834 12.00115165 12.49898496 12.99747796 13.50408271
 13.99654503 14.50347466 15.00172587 15.50009891 15.99672731 16.50286954
 17.00427293 17.49869503 17.99877875 18.50382873 18.99686834 19.49204875]
Processed /remote/gpu01a/heneka/21cmlightcones/pure_simulations/run2121.npz with power spectra shape: (30, 10, 10)
Processed /remote/gpu01a/heneka/21cmlightcones/pure_simulations/run2121.npz with redshifts shape: [ 5.17453477  5.49999614  5.99960895  6.50045814  7.00021323  7.50193543
  7.9983657   8.5005781   8.99871638  9.49753605  9.99831427 10.49700076
 11.00282352 11.49882441 12.00293074 12.49708935 13.00263177 13.50055271
 13.99668687 14.49855331 15.00487184 15.50313691 16.00185951 16.49933158
 16.99372286 17.4962349  18.00641779 18.49526166 19.00324285 19.5006361 ]
Processed /remote/gpu01a/heneka/21cmlightcones/pure_simulations/run4888.npz with power spectra shape: (30, 10, 10)
Processed /remote/gpu01a/heneka/21cmlightcones/pure_simulations/run4888.npz with redshifts shape: [ 5.19782331  5.50081476  6.00014819  6.50090036  7.00173488  7.49834641
  8.00195633  8.50207038  8.99748908  9.50073117 10.0018339  10.50307493
 11.00037213 11.49749473 11.99981299 12.49586172 13.00123896 13.50450125
 14.00273753 14.50424066 14.99536523 15.4976746  15.997787   16.493596
 16.99714637 17.49297823 17.99410916 18.49978932 18.99245624 19.50405978]
Processed /remote/gpu01a/heneka/21cmlightcones/pure_simulations/run4486.npz with power spectra shape: (30, 10, 10)
Processed /remote/gpu01a/heneka/21cmlightcones/pure_simulations/run4486.npz with redshifts shape: [ 5.19686581  5.50139453  5.99829478  6.5001713   6.99843349  7.50149242
  7.99785045  8.50059017  8.99932471  9.5002164   9.99880686 10.49736717
 10.99957834 11.50243255 12.00258074 12.49635361 12.99927892 13.49996849
 13.99553146 14.50558162 14.99437051 15.49417951 16.00474328 16.49844035
 16.99974604 17.49327101 18.00740111 18.49510907 19.00185776 19.49404121]
Processed /remote/gpu01a/heneka/21cmlightcones/pure_simulations/run35.npz with power spectra shape: (30, 10, 10)
Processed /remote/gpu01a/heneka/21cmlightcones/pure_simulations/run35.npz with redshifts shape: [ 5.21273834  5.4998528   6.00068758  6.49909511  7.00217961  7.50239832
  8.0018605   8.49933006  9.00090237  9.50207485  9.99774936 10.49794109
 10.99955704 11.49912879 12.00224993 12.49643169 12.99826655 13.49530093
 13.99592969 14.49840985 15.00083295 15.50112878 15.99707476 16.50101419
 16.9969893  17.49836811 18.00435098 18.49674352 19.00854657 19.50341032]
Processed /remote/gpu01a/heneka/21cmlightcones/pure_simulations/run4323.npz with power spectra shape: (30, 10, 10)
Processed /remote/gpu01a/heneka/21cmlightcones/pure_simulations/run4323.npz with redshifts shape: [ 5.18056496  5.5008968   5.99949158  6.50067622  6.99895407  7.50150001
  8.00172529  8.50205984  9.00179101  9.50109104 10.00115949 10.49768915
 11.00011178 11.49833602 11.99614544 12.49883125 13.00434864 13.50098144
 14.00463115 14.50364461 14.99513083 15.49892226 16.00291943 16.50531993
 17.00419326 17.49748871 17.99719953 18.50272863 18.99811226 19.49676259]
Processed /remote/gpu01a/heneka/21cmlightcones/pure_simulations/run3383.npz with power spectra shape: (30, 10, 10)
Processed /remote/gpu01a/heneka/21cmlightcones/pure_simulations/run3383.npz with redshifts shape: [ 5.18903603  5.49853578  6.00118285  6.50112622  6.99928839  7.49956183
  7.99960713  8.49768535  8.99848901  9.49719081 10.00140211 10.50082813
 10.99777745 11.50387634 12.00065805 12.50098719 13.00261136 13.5030463
 13.99958551 14.5002282  15.00344895 15.49558301 15.99824894 16.4980483
 17.00656551 17.49483101 18.00325559 18.50210336 19.00486082 19.49409092]
Processed /remote/gpu01a/heneka/21cmlightcones/pure_simulations/run1629.npz with power spectra shape: (30, 10, 10)
Processed /remote/gpu01a/heneka/21cmlightcones/pure_simulations/run1629.npz with redshifts shape: [ 5.18647072  5.50030894  5.99936734  6.49935586  6.99835222  7.50028988
  7.99818316  8.49953258  8.99909173  9.50291511 10.00053944 10.49986602
 10.99720686 11.49627091 12.00227511 12.49579546 12.99945809 13.50257726
 14.0025144  14.49642218 15.00384145 15.50106857 15.99709079 16.50291094
 17.00467363 17.50022511 18.00191589 18.49389408 19.00525898 19.50421359]
Processed /remote/gpu01a/heneka/21cmlightcones/pure_simulations/run3332.npz with power spectra shape: (30, 10, 10)
Processed /remote/gpu01a/heneka/21cmlightcones/pure_simulations/run3332.npz with redshifts shape: [ 5.17596398  5.49871179  5.99932994  6.50097321  7.00124196  7.49904091
  7.99940823  8.50106552  8.99816908  9.50114473 10.00031264 10.49682417
 10.99994716 11.49991836 12.00049523 12.4986397  12.99975868 13.50167514
 14.00200014 14.49814276 14.99798328 15.50006148 16.00278296 16.50442352
 17.00313261 17.49694092 17.997568   18.50446152 19.00208689 19.50354676]
Processed /remote/gpu01a/heneka/21cmlightcones/pure_simulations/run1860.npz with power spectra shape: (30, 10, 10)
Processed /remote/gpu01a/heneka/21cmlightcones/pure_simulations/run1860.npz with redshifts shape: [ 5.17226677  5.49866519  6.00046615  6.50137113  6.99818875  7.50107151
  7.9995803   8.49994581  9.00169169  9.49962329  9.99982297 10.49833009
 10.99750947 11.50100427 11.99855012 12.50208586 13.00120998 13.50147383
 14.00057259 14.49600327 14.99551278 15.49770249 16.0010426  16.50387484
 17.00441632 17.50076518 18.00442718 18.50082755 19.00235555 19.28277162]
Processed /remote/gpu01a/heneka/21cmlightcones/pure_simulations/run985.npz with power spectra shape: (30, 10, 10)
Processed /remote/gpu01a/heneka/21cmlightcones/pure_simulations/run985.npz with redshifts shape: [ 5.18043761  5.50052977  5.99871708  6.49945138  7.00111209  7.49925957
  7.99892135  8.49865662  8.99775442  9.50220042 10.00198751 10.49821562
 11.00031093 11.49818896 12.00363835 12.49792613 13.00302942 13.49923532
 14.00243247 14.50097829 15.00291765 15.49526696 15.99873531 16.50059057
 16.99890452 17.50522664 18.00489752 18.4956552  19.00570146 19.5042832 ]
Processed /remote/gpu01a/heneka/21cmlightcones/pure_simulations/run3104.npz with power spectra shape: (30, 10, 10)
Processed /remote/gpu01a/heneka/21cmlightcones/pure_simulations/run3104.npz with redshifts shape: [ 5.19409047  5.50016423  5.9998874   6.4984009   7.00171321  7.49778295
  8.00149707  8.50265129  9.00015601  9.50013714  9.99824246 10.4967551
 10.99934564 11.50308877 11.99611461 12.50065766 12.99663463 13.50016778
 13.99933461 14.5023053  14.99572461 15.50078698 16.00439315 16.50450449
 16.99895108 17.50004883 18.00716501 18.50376767 19.00367253 19.50600544]
Processed /remote/gpu01a/heneka/21cmlightcones/pure_simulations/run540.npz with power spectra shape: (30, 10, 10)
Processed /remote/gpu01a/heneka/21cmlightcones/pure_simulations/run540.npz with redshifts shape: [ 5.17979149  5.49866743  6.0011057   6.50024062  7.00012299  7.50055691
  7.99848966  8.50133251  8.99880636  9.50147849  9.99938002 10.50024849
 11.0006399  11.49671889 12.00023212 12.50096265 13.00439606 13.49886909
 14.00021645 14.49683953 14.99675389 15.49843537 16.00022393 16.5003269
 16.99682559 17.50122711 17.99892868 18.50234172 18.99557082 19.5077828 ]
Processed /remote/gpu01a/heneka/21cmlightcones/pure_simulations/run1953.npz with power spectra shape: (30, 10, 10)
Processed /remote/gpu01a/heneka/21cmlightcones/pure_simulations/run1953.npz with redshifts shape: [ 5.20710745  5.4991529   6.00073035  6.50163911  7.000147    7.50114343
  7.99752458  8.49835769  8.99867546  9.49947584 10.00302853 10.49775237
 11.00214455 11.49711803 11.99580226 12.49578789 13.00466181 13.49955609
 13.99840214 14.49954053 15.00115044 15.50125405 15.99772305 16.50261626
 17.00042441 17.50420454 17.99699095 18.49288824 19.00848406 19.50841273]
Processed /remote/gpu01a/heneka/21cmlightcones/pure_simulations/run4670.npz with power spectra shape: (30, 10, 10)
Processed /remote/gpu01a/heneka/21cmlightcones/pure_simulations/run4670.npz with redshifts shape: [ 5.19999629  5.50023418  6.0016658   6.50048333  6.99837796  7.50028116
  7.999527    8.49952574  9.00030955  9.50298021 10.00295998 10.50251069
 10.99746708 11.49995589 11.99916197 12.50069866 13.00206643 13.50052341
 14.00408569 14.49967758 14.99602583 15.50393456 15.99661347 16.49785601
 17.00716335 17.49384084 18.00054247 18.49577061 18.99371556 19.49344573]
Processed /remote/gpu01a/heneka/21cmlightcones/pure_simulations/run1044.npz with power spectra shape: (30, 10, 10)
Processed /remote/gpu01a/heneka/21cmlightcones/pure_simulations/run1044.npz with redshifts shape: [ 5.16012777  5.49993755  5.99891176  6.5004521   6.99866899  7.49875201
  8.00170818  8.50138326  9.00036873  9.49819851 10.00078016 10.49875548
 10.99969373 11.50047713 11.99764498 12.50246072 12.99746066 13.50342447
 14.00201409 14.49897032 15.00161529 15.49859043 15.99782158 16.49785307
 16.99711252 17.10186801 17.10186801 17.10186801 17.10186801 17.10186801]
Processed /remote/gpu01a/heneka/21cmlightcones/pure_simulations/run3556.npz with power spectra shape: (30, 10, 10)
Processed /remote/gpu01a/heneka/21cmlightcones/pure_simulations/run3556.npz with redshifts shape: [ 5.18745317  5.50009737  5.99856467  6.50119227  6.99907187  7.4994056
  7.99992006  8.49893483  9.00114701  9.50180841 10.00203498 10.49723409
 10.99707531 11.49881122 11.99936927 12.50416465 13.0017006  13.49783539
 14.00019525 14.49662287 14.9954035  15.49488176 16.00569935 16.50160227
 17.00597674 17.50421628 17.99403638 18.50359413 19.0021717  19.503655  ]
Processed /remote/gpu01a/heneka/21cmlightcones/pure_simulations/run1859.npz with power spectra shape: (30, 10, 10)
Processed /remote/gpu01a/heneka/21cmlightcones/pure_simulations/run1859.npz with redshifts shape: [ 5.17507012  5.49883411  5.99990315  6.49896615  7.00015764  7.49935258
  8.00160378  8.50082006  9.00055     9.50108114  9.99764354 10.49785153
 10.99842649 11.50303301 12.0012017  12.49680639 13.00391379 13.50345916
 14.00129218 14.50495757 15.00255146 15.50225775 16.00249117 16.50153734
 16.99755847 17.50179304 18.00004688 18.50443784 18.99951055 19.49830265]
Processed /remote/gpu01a/heneka/21cmlightcones/pure_simulations/run1641.npz with power spectra shape: (30, 10, 10)
Processed /remote/gpu01a/heneka/21cmlightcones/pure_simulations/run1641.npz with redshifts shape: [ 5.16782877  5.50116202  5.99867006  6.49907304  7.00040228  7.50191572
  8.00011414  8.50119426  8.9997794   9.50059865  9.99922758 10.4969127
 11.00263938 11.5002018  11.99949286 12.49771656 13.00013031 13.49597537
 14.00016252 14.50198414 14.99886938 15.49872524 16.00009097 16.50138167
 17.00089049 17.49679473 18.00033064 18.44266293 18.44266293 18.44266293]
Processed /remote/gpu01a/heneka/21cmlightcones/pure_simulations/run2160.npz with power spectra shape: (30, 10, 10)
Processed /remote/gpu01a/heneka/21cmlightcones/pure_simulations/run2160.npz with redshifts shape: [ 5.20628963  5.50034898  6.00001937  6.49881145  6.99942261  7.49831862
  7.99770363  8.50223772  9.00084632  9.49979384 10.00134403 10.50156872
 10.99608516 11.49730844 12.0031458  12.50155906 12.99851075 13.50186505
 13.99884268 14.49800732 14.9975461  15.49549146 16.00339193 16.50653362
 17.00253461 17.50440573 17.99524802 18.50590609 19.00251633 19.5002429 ]
Processed /remote/gpu01a/heneka/21cmlightcones/pure_simulations/run1446.npz with power spectra shape: (30, 10, 10)
Processed /remote/gpu01a/heneka/21cmlightcones/pure_simulations/run1446.npz with redshifts shape: [ 5.19630026  5.49990086  5.99859375  6.49901319  6.99988671  7.5015966
  8.00151399  8.49764394  9.00054812  9.50006159  9.99717889 10.50140651
 11.00241547 11.50398005 12.00276245 12.50431606 12.99649738 13.49558029
 14.0002582  14.4977342  14.99660648 15.49507165 16.00419722 16.49644133
 16.99621039 17.50293637 18.00059226 18.50261768 19.00819765 19.49919706]
Processed /remote/gpu01a/heneka/21cmlightcones/pure_simulations/run4176.npz with power spectra shape: (30, 10, 10)
Processed /remote/gpu01a/heneka/21cmlightcones/pure_simulations/run4176.npz with redshifts shape: [ 5.16496316  5.50005492  6.00020943  6.50155072  7.00133207  7.50181842
  7.9996562   8.50101844  9.00069736  9.49809721  9.99919231 10.50033245
 10.99742415 11.4997653  11.99762736 12.50254475 12.99646401 13.50072498
 13.99638056 14.49881937 14.99691752 15.49847477 16.00208483 16.4947719
 16.99727813 17.49688284 17.92716594 17.92716594 17.92716594 17.92716594]
Processed /remote/gpu01a/heneka/21cmlightcones/pure_simulations/run2375.npz with power spectra shape: (30, 10, 10)
Processed /remote/gpu01a/heneka/21cmlightcones/pure_simulations/run2375.npz with redshifts shape: [ 5.16983948  5.499381    5.99989064  6.5000302   7.00039293  7.50014246
  8.00000498  8.4978458   9.00231993  9.49855719  9.99730947 10.50098385
 10.99981596 11.50330494 12.00136225 12.49781563 12.99795346 13.49973976
 14.00093373 14.49909603 15.00189584 15.49719772 16.00459513 16.50039865
 17.00593516 17.49526537 18.00484963 18.49419383 18.81680898 18.81680898]
Processed /remote/gpu01a/heneka/21cmlightcones/pure_simulations/run133.npz with power spectra shape: (30, 10, 10)
Processed /remote/gpu01a/heneka/21cmlightcones/pure_simulations/run133.npz with redshifts shape: [ 5.18498821  5.49908849  6.00038945  6.49997553  6.99890071  7.50111655
  7.99973694  8.50224853  8.99794751  9.4975791   9.99715925 10.49902349
 10.99954987 11.5024528  11.99652811 12.50309053 13.0030925  13.50234647
 13.99824039 14.49863792 15.00207999 15.49522594 15.99926652 16.5011201
 16.99877812 17.5040465  18.001871   18.5049893  18.99701917 19.50793504]
Processed /remote/gpu01a/heneka/21cmlightcones/pure_simulations/run1605.npz with power spectra shape: (30, 10, 10)
Processed /remote/gpu01a/heneka/21cmlightcones/pure_simulations/run1605.npz with redshifts shape: [ 5.18831323  5.49951778  6.00028763  6.50182275  6.99808868  7.50069537
  7.99887435  8.50015323  8.99918966  9.50205489  9.99814409 10.50234565
 10.99745618 11.50156262 11.99627294 12.50324109 13.00304367 13.50156062
 13.99609906 14.49462754 14.99562682 15.49743337 15.99824214 16.4961117
 17.00258174 17.50298364 17.99501832 18.50697203 18.99203542 19.49544763]
Processed /remote/gpu01a/heneka/21cmlightcones/pure_simulations/run3243.npz with power spectra shape: (30, 10, 10)
Processed /remote/gpu01a/heneka/21cmlightcones/pure_simulations/run3243.npz with redshifts shape: [ 5.16298755  5.49895789  6.00135777  6.49976158  7.00015052  7.49814498
  8.00200374  8.50188207  9.00033914  9.50208229  9.99728694 10.49814802
 11.00182045 11.49826815 11.997168   12.50352988 12.99954454 13.49780367
 13.99621973 14.50193837 15.00399536 15.49977129 15.99730637 16.49509122
 17.00329485 17.49707781 17.58341289 17.58341289 17.58341289 17.58341289]
Processed /remote/gpu01a/heneka/21cmlightcones/pure_simulations/run1850.npz with power spectra shape: (30, 10, 10)
Processed /remote/gpu01a/heneka/21cmlightcones/pure_simulations/run1850.npz with redshifts shape: [ 5.16941783  5.50076034  6.00013872  6.49901611  7.00162535  7.50020709
  7.99879304  8.49995704  8.99823266  9.49835403 10.00167397 10.49810713
 11.00215161 11.4974156  12.00137405 12.49656922 13.00377617 13.49574611
 13.99546417 14.5018849  15.00355157 15.49768163 16.00382203 16.49834307
 17.00251701 17.50324889 17.99858074 18.50027212 18.73747818 18.73747818]
Processed /remote/gpu01a/heneka/21cmlightcones/pure_simulations/run1437.npz with power spectra shape: (30, 10, 10)
Processed /remote/gpu01a/heneka/21cmlightcones/pure_simulations/run1437.npz with redshifts shape: [ 5.18076499  5.49862848  6.00070839  6.49907907  7.00164342  7.5007742
  8.00150583  8.50239228  8.99730563  9.50265661  9.99716152 10.50065219
 10.99672587 11.50286263 12.00150766 12.49658578 13.00254571 13.49964079
 14.00378674 14.50331868 14.9953411  15.49970796 16.00430679 16.49479911
 16.99377713 17.50080904 18.00121434 18.49272622 19.00358972 19.50300335]
Processed /remote/gpu01a/heneka/21cmlightcones/pure_simulations/run2653.npz with power spectra shape: (30, 10, 10)
Processed /remote/gpu01a/heneka/21cmlightcones/pure_simulations/run2653.npz with redshifts shape: [ 5.15958183  5.50067857  6.00077657  6.50073937  7.00064745  7.49914817
  8.00036265  8.49816247  8.99991676  9.50110654 10.00213233 10.49845281
 10.99761538 11.50319716 11.99878985 12.50190868 13.00307125 13.49922416
 13.99585933 14.50000306 15.00095035 15.49616773 16.00415582 16.50273327
 17.00047199 17.01203018 17.01203018 17.01203018 17.01203018 17.01203018]
Processed /remote/gpu01a/heneka/21cmlightcones/pure_simulations/run858.npz with power spectra shape: (30, 10, 10)
Processed /remote/gpu01a/heneka/21cmlightcones/pure_simulations/run858.npz with redshifts shape: [ 5.18867254  5.50050715  5.99906957  6.50146205  6.99866912  7.49789237
  8.00162195  8.49888536  8.99879712  9.50261521  9.99971242 10.49804177
 11.00125388 11.49868996 12.00255512 12.50201672 13.002719   13.50218341
 13.99771039 14.49728343 14.99938039 15.50233368 16.00433361 16.5034328
 16.99755507 17.49870814 18.00630814 18.50431108 19.00618114 19.4945141 ]
Processed /remote/gpu01a/heneka/21cmlightcones/pure_simulations/run190.npz with power spectra shape: (30, 10, 10)
Processed /remote/gpu01a/heneka/21cmlightcones/pure_simulations/run190.npz with redshifts shape: [ 5.18872312  5.50064644  5.99936356  6.49825402  6.99931902  7.49874178
  7.99786227  8.5001764   9.00032871  9.4983241  10.00176406 10.50037076
 10.99645116 11.50161173 11.99742059 12.49671944 12.99726057 13.496566
 14.00230987 14.50225049 15.00472738 15.49609732 15.99794613 16.49689687
 17.00451389 17.50609562 17.99933442 18.49719548 18.99892416 19.50370155]
Processed /remote/gpu01a/heneka/21cmlightcones/pure_simulations/run2511.npz with power spectra shape: (30, 10, 10)
Processed /remote/gpu01a/heneka/21cmlightcones/pure_simulations/run2511.npz with redshifts shape: [ 5.19339055  5.50133299  5.99932648  6.49968324  7.00125327  7.49997383
  8.00201709  8.50136087  9.00271244  9.50104268  9.99737873 10.50113131
 11.00216435 11.49615208 12.00410046 12.49818639 13.00179337 13.50376616
 14.00129764 14.50253297 14.99416553 15.49731401 15.99892742 16.49697807
 17.00327942 17.50273907 17.99296669 18.50296511 19.00102676 19.50143969]
Processed /remote/gpu01a/heneka/21cmlightcones/pure_simulations/run2276.npz with power spectra shape: (30, 10, 10)
Processed /remote/gpu01a/heneka/21cmlightcones/pure_simulations/run2276.npz with redshifts shape: [ 5.18387666  5.49886646  6.00024803  6.50029164  7.00009293  7.49930868
  7.99938427  8.49876158  9.00213534  9.49900554 10.00196505 10.50107713
 10.99866755 11.49843309 11.99739816 12.50091369 12.99774052 13.50327035
 13.99618915 14.50405693 15.00469942 15.49496833 15.99593388 16.49459166
 17.00224279 17.50459284 17.99942261 18.49939599 19.00380849 19.49572331]
Processed /remote/gpu01a/heneka/21cmlightcones/pure_simulations/run3738.npz with power spectra shape: (30, 10, 10)
Processed /remote/gpu01a/heneka/21cmlightcones/pure_simulations/run3738.npz with redshifts shape: [ 5.19334466  5.50120949  5.99906627  6.49927208  7.00067745  7.4992217
  8.00107504  8.5002179   9.00135598  9.49946287 10.00223765 10.49907004
 10.99984579 11.50165073 12.00123648 12.50411083 12.99834653 13.50001159
 13.99722859 14.49813775 15.00114416 15.50450409 16.00632798 16.50458728
 16.99712319 17.49620522 18.00120104 18.49565012 18.99331063 19.49331253]
Processed /remote/gpu01a/heneka/21cmlightcones/pure_simulations/run3586.npz with power spectra shape: (30, 10, 10)
Processed /remote/gpu01a/heneka/21cmlightcones/pure_simulations/run3586.npz with redshifts shape: [ 5.19508885  5.49976702  5.99868162  6.49971421  7.0016506   7.50034105
  8.00196245  8.50039412  9.00033981  9.5029656   9.99715918 10.49821239
 11.00353446 11.50202147 11.99755978 12.49567044 13.00362095 13.49996697
 14.00172272 14.49616846 15.00366464 15.4993559  16.00551011 16.49475059
 17.00543568 17.49471238 18.00423203 18.50328726 19.00575807 19.4936259 ]
Processed /remote/gpu01a/heneka/21cmlightcones/pure_simulations/run4122.npz with power spectra shape: (30, 10, 10)
Processed /remote/gpu01a/heneka/21cmlightcones/pure_simulations/run4122.npz with redshifts shape: [ 5.20701325  5.49891776  6.00023174  6.50085134  6.99904632  7.49970395
  8.0010089   8.50190322  9.00227178  9.50311303  9.99955593 10.50144172
 10.99771156 11.50082244 11.99950057 12.4994712  12.99806894 13.50318374
 14.00198954 14.50307935 15.00463248 15.5046714  16.0010688  16.50588123
 17.00360222 17.50728662 17.999972   18.49576055 18.99372539 19.49286916]
Processed /remote/gpu01a/heneka/21cmlightcones/pure_simulations/run317.npz with power spectra shape: (30, 10, 10)
Processed /remote/gpu01a/heneka/21cmlightcones/pure_simulations/run317.npz with redshifts shape: [ 5.20709356  5.4991183   6.00065689  6.50152301  6.99998483  7.50093127
  8.00254562  8.49803585  8.99829362  9.49903075 10.00251672 10.49717182
 11.00149117 11.49639025 12.0041698  12.50460901 13.00368999 13.4984986
 13.99725592 14.49830247 14.99981783 15.49982472 15.99619517 16.50098566
 16.99869033 17.50236324 17.99504213 18.50768898 19.00630815 19.50612105]
Processed /remote/gpu01a/heneka/21cmlightcones/pure_simulations/run2879.npz with power spectra shape: (30, 10, 10)
Processed /remote/gpu01a/heneka/21cmlightcones/pure_simulations/run2879.npz with redshifts shape: [ 5.18835415  5.4996305   6.00052639  6.49853364  6.9986154   7.5013851
  7.99973686  8.50120058  9.00043178  9.4974381   9.99980705 10.49728418
 10.99957987 11.50393318 11.99889511 12.4972873  12.99686655 13.49516043
 13.99982772 14.49865354 14.99996006 15.50208271 16.00321511 16.50141442
 16.99460981 17.49478621 18.00136041 18.49832141 18.99910653 19.50289796]
Processed /remote/gpu01a/heneka/21cmlightcones/pure_simulations/run3157.npz with power spectra shape: (30, 10, 10)
Processed /remote/gpu01a/heneka/21cmlightcones/pure_simulations/run3157.npz with redshifts shape: [ 5.16894164  5.49929572  6.0000166   6.50071832  6.99840855  7.49920516
  8.00057694  8.50043734  9.00237035  9.50135807  9.99760189 10.49856333
 11.00118529 11.50203537 11.99732422 12.49879812 12.99629224 13.50412022
 14.00284287 14.49842048 14.99848389 15.50169131 15.9953512  16.4998038
 17.00260409 17.50191339 17.9957815  18.49593433 18.6484475  18.6484475 ]
Processed /remote/gpu01a/heneka/21cmlightcones/pure_simulations/run4544.npz with power spectra shape: (30, 10, 10)
Processed /remote/gpu01a/heneka/21cmlightcones/pure_simulations/run4544.npz with redshifts shape: [ 5.17208339  5.50082363  5.9992946   6.49951936  6.99929497  7.50172918
  7.99974855  8.49957894  9.00074548  9.49806081  9.99760103 10.50176703
 11.00062818 11.49656932 12.00094391 12.49598818 13.00276614 13.50257154
 14.00118663 14.49611174 14.99508625 15.49671274 15.99946353 16.50168258
 17.00158945 17.49728574 18.00026197 18.49596375 18.9967635  19.24701209]
Processed /remote/gpu01a/heneka/21cmlightcones/pure_simulations/run1081.npz with power spectra shape: (30, 10, 10)
Processed /remote/gpu01a/heneka/21cmlightcones/pure_simulations/run1081.npz with redshifts shape: [ 5.18393996  5.49904479  6.00062619  6.500889    7.00092845  7.50040059
  8.00075099  8.50042015  8.99859685  9.50129918  9.99824868 10.49728075
 11.00203341 11.50218681 12.00155413 12.49685244 13.00274565 13.4991082
 14.0020978  14.49981447 15.00042412 15.50233383 16.00381234 16.50299346
 16.997884   17.50022455 17.99504944 18.49502216 18.99943844 19.5075312 ]
Processed /remote/gpu01a/heneka/21cmlightcones/pure_simulations/run565.npz with power spectra shape: (30, 10, 10)
Processed /remote/gpu01a/heneka/21cmlightcones/pure_simulations/run565.npz with redshifts shape: [ 5.17087453  5.49985558  6.00058578  6.50063367  7.0005506   7.49945187
  7.99802788  8.49883254  9.00143305  9.50071451 10.00274654 10.49732147
 10.99902747 11.49845378 11.99932062 12.49874566 13.00204686 13.49823588
 14.00246254 14.50379188 14.99957569 15.49783477 15.99705261 16.49558667
 17.00403592 17.49630789 17.99566809 18.50160774 18.99906919 19.01356163]
Processed /remote/gpu01a/heneka/21cmlightcones/pure_simulations/run4831.npz with power spectra shape: (30, 10, 10)
Processed /remote/gpu01a/heneka/21cmlightcones/pure_simulations/run4831.npz with redshifts shape: [ 5.15846947  5.49954178  5.99866791  6.50096059  7.00067375  7.49929636
  8.00096102  8.49961871  8.99787432  9.50041361  9.99779017 10.50196284
 10.99777739 11.49974907 11.99862771 12.49814254 13.003384   13.49601702
 13.99766849 14.498315   14.99561808 15.49712898 16.00155379 16.4964799
 16.8310107  16.8310107  16.8310107  16.8310107  16.8310107  16.8310107 ]
Processed /remote/gpu01a/heneka/21cmlightcones/pure_simulations/run3461.npz with power spectra shape: (30, 10, 10)
Processed /remote/gpu01a/heneka/21cmlightcones/pure_simulations/run3461.npz with redshifts shape: [ 5.1832794   5.50006661  5.9998989   6.49822323  7.00006695  7.50191002
  8.00054398  8.49835053  9.0000121   9.50097066 10.00239931 10.49988349
 11.00295702 11.50133658 11.99882545 12.50075934 12.99593692 13.49969978
 14.00088685 14.49673078 14.99536874 15.49521458 15.99454478 16.50420638
 16.99735366 17.49785062 18.00516012 18.50372355 19.00665352 19.49706479]
Processed /remote/gpu01a/heneka/21cmlightcones/pure_simulations/run1623.npz with power spectra shape: (30, 10, 10)
Processed /remote/gpu01a/heneka/21cmlightcones/pure_simulations/run1623.npz with redshifts shape: [ 5.18348029  5.50063597  6.00110306  6.50012308  6.99879374  7.5010832
  8.00020644  8.49854584  9.0007878   9.50236845  9.99812331 10.50264452
 10.99924232 11.49794513 12.00392555 12.49810085 13.00277892 13.49788352
 13.99953307 14.49586016 14.99500949 15.49539306 15.9952853  16.50554555
 16.99929576 17.50042827 17.99401416 18.49268611 18.99574085 19.50241271]
Processed /remote/gpu01a/heneka/21cmlightcones/pure_simulations/run2112.npz with power spectra shape: (30, 10, 10)
Processed /remote/gpu01a/heneka/21cmlightcones/pure_simulations/run2112.npz with redshifts shape: [ 5.16097994  5.50017059  5.99910309  6.50030036  7.0012566   7.50056156
  7.99820831  8.50033884  9.00198446  9.49747926 10.00276532 10.49765546
 11.00126144 11.49813913 11.99787893 12.49789467 13.00332514 13.50393699
 13.99640161 14.495774   15.00098991 15.50063049 16.00266088 16.49444638
 16.99625962 17.24341854 17.24341854 17.24341854 17.24341854 17.24341854]
Processed /remote/gpu01a/heneka/21cmlightcones/pure_simulations/run3029.npz with power spectra shape: (30, 10, 10)
Processed /remote/gpu01a/heneka/21cmlightcones/pure_simulations/run3029.npz with redshifts shape: [ 5.17063158  5.49911623  5.99902038  6.50148719  7.00075356  7.4989401
  8.00110452  8.5014338   8.99839314  9.5022144   9.99772392 10.49753478
 10.99852381 11.49719179 11.99725385 12.50385043 12.99824046 13.50242896
 13.99675437 14.49707021 15.00215507 15.49981594 15.99840388 16.49627893
 17.00402551 17.4955882  17.9942005  18.49935337 18.96712285 18.96712285]
Processed /remote/gpu01a/heneka/21cmlightcones/pure_simulations/run2690.npz with power spectra shape: (30, 10, 10)
Processed /remote/gpu01a/heneka/21cmlightcones/pure_simulations/run2690.npz with redshifts shape: [ 5.15381259  5.49879868  5.99880301  6.50074714  6.9983847   7.49965464
  8.00181545  8.49817727  8.99961167  9.50190488 10.00025994 10.50070254
 10.99961289 11.49941403 11.99687739 12.50291561 13.00084147 13.50265676
 13.99803624 14.50145085 15.0026366  15.49920604 15.99882924 16.1014785
 16.1014785  16.1014785  16.1014785  16.1014785  16.1014785  16.1014785 ]
Processed /remote/gpu01a/heneka/21cmlightcones/pure_simulations/run78.npz with power spectra shape: (30, 10, 10)
Processed /remote/gpu01a/heneka/21cmlightcones/pure_simulations/run78.npz with redshifts shape: [ 5.19214163  5.50099453  5.99899102  6.4997093   7.00205746  7.50204567
  8.00094048  8.50220952  9.00031138  9.50135389 10.00106891 10.50175653
 10.99953363 11.49814106 12.002875   12.50266689 13.00322548 13.50198974
 13.9961766  14.50497327 15.00514902 15.50553447 16.00425372 16.49929495
 17.00240076 17.49857486 18.00050436 18.50749211 19.00249369 19.49971427]
Processed /remote/gpu01a/heneka/21cmlightcones/pure_simulations/run2971.npz with power spectra shape: (30, 10, 10)
Processed /remote/gpu01a/heneka/21cmlightcones/pure_simulations/run2971.npz with redshifts shape: [ 5.15999797  5.49951543  6.00083621  6.49904053  7.0001315   7.49993235
  7.9984746   8.50190064  9.00050935  9.49793356 10.0000762  10.49758794
 10.9980319  11.49829354 12.00202143 12.4991529  13.00149832 13.4988899
 13.99683095 14.50236698 15.00476294 15.50147551 16.00042674 16.50016164
 16.99910924 17.0804546  17.0804546  17.0804546  17.0804546  17.0804546 ]
Processed /remote/gpu01a/heneka/21cmlightcones/pure_simulations/run1328.npz with power spectra shape: (30, 10, 10)
Processed /remote/gpu01a/heneka/21cmlightcones/pure_simulations/run1328.npz with redshifts shape: [ 5.16107387  5.50047481  5.9997459   6.50131726  6.99922052  7.49863525
  8.0005352   8.49869384  9.00051027  9.50138584 10.00168888 10.50275506
 11.00065464 11.49779198 11.99780976 12.49812064 13.003866   13.49637829
 13.99760879 14.49733971 15.00293371 15.50296348 15.99469931 16.4975973
 16.99984504 17.2591305  17.2591305  17.2591305  17.2591305  17.2591305 ]
Processed /remote/gpu01a/heneka/21cmlightcones/pure_simulations/run4700.npz with power spectra shape: (30, 10, 10)
Processed /remote/gpu01a/heneka/21cmlightcones/pure_simulations/run4700.npz with redshifts shape: [ 5.17539338  5.49979184  5.99884992  6.49875448  7.00088286  7.50109943
  7.99997574  8.50000477  9.00061895  9.50210507  9.99968158 10.50097692
 11.00270463 11.50119232 12.00018888 12.49666852 12.99602136 13.49607874
 14.00411209 14.49872567 14.99694896 15.49732654 15.99826976 16.49806168
 16.99486074 17.4999229  17.99903035 18.50432188 19.00031284 19.50006482]
Processed /remote/gpu01a/heneka/21cmlightcones/pure_simulations/run1473.npz with power spectra shape: (30, 10, 10)
Processed /remote/gpu01a/heneka/21cmlightcones/pure_simulations/run1473.npz with redshifts shape: [ 5.198451    5.49934467  6.0001456   6.49867892  7.00092568  7.49908148
  7.99932864  8.50084726  8.99777738  9.50267382  9.99869139 10.5013357
 11.00012429 11.49883465 12.00285354 12.50067489 12.99811712 13.50282589
 14.00257383 14.50567686 14.99844325 15.50250763 16.00444241 16.50213072
 16.99332582 17.50551682 17.99321201 18.50046854 18.99473106 19.50805312]
Processed /remote/gpu01a/heneka/21cmlightcones/pure_simulations/run2101.npz with power spectra shape: (30, 10, 10)
Processed /remote/gpu01a/heneka/21cmlightcones/pure_simulations/run2101.npz with redshifts shape: [ 5.19168052  5.49974698  5.99972497  6.49928045  7.00034088  7.49893074
  8.00121584  8.50127314  8.99807587  9.49771837 10.00256233 10.50212656
 10.99871043 11.49604818 11.99942238 12.49779553 12.99686229 13.50408373
 13.99717747 14.50478918 15.00374233 15.50284791 16.00023638 16.49390296
 16.99555743 17.50468052 18.00564694 18.49598867 19.00558207 19.50171916]
Processed /remote/gpu01a/heneka/21cmlightcones/pure_simulations/run2407.npz with power spectra shape: (30, 10, 10)
Processed /remote/gpu01a/heneka/21cmlightcones/pure_simulations/run2407.npz with redshifts shape: [ 5.18191215  5.49905386  6.00129313  6.49946017  7.00145968  7.49957104
  7.99881716  8.49770235  9.00091488  9.49810943 10.00178427 10.50214745
 11.00153636 11.50364533 11.99749132 12.50407769 12.99568276 13.49561314
 14.00279594 14.49498403 15.0007868  15.49711138 16.00483169 16.49849463
 17.00083434 17.49770678 18.00119056 18.49584764 18.9946913  19.49696061]
Processed /remote/gpu01a/heneka/21cmlightcones/pure_simulations/run4417.npz with power spectra shape: (30, 10, 10)
Processed /remote/gpu01a/heneka/21cmlightcones/pure_simulations/run4417.npz with redshifts shape: [ 5.20864043  5.49970491  6.00152644  6.49823578  7.00019439  7.5001141
  8.00016876  8.49924494  8.99718194  9.50164921 10.00195995 10.50033361
 11.000492   11.49907748 12.00162135 12.4959148  12.99827514 13.49652504
 13.998939   14.50384589 14.99678634 15.50040935 16.00053648 16.49487553
 16.99605036 17.50338863 17.9998009  18.49949039 19.00152326 19.50489381]
Processed /remote/gpu01a/heneka/21cmlightcones/pure_simulations/run3575.npz with power spectra shape: (30, 10, 10)
Processed /remote/gpu01a/heneka/21cmlightcones/pure_simulations/run3575.npz with redshifts shape: [ 5.16558015  5.49939238  6.00141613  6.5016071   6.99977833  7.49816523
  8.00184284  8.50073069  9.00231506  9.50175412  9.99931836 10.50239403
 11.00152961 11.49912434 11.99885469 12.49799488 13.00176421 13.49957663
 13.99706349 14.50145299 15.0015772  15.49474945 16.00010259 16.49457431
 16.99898058 17.50055312 17.99740498 18.03645235 18.03645235 18.03645235]
Processed /remote/gpu01a/heneka/21cmlightcones/pure_simulations/run4418.npz with power spectra shape: (30, 10, 10)
Processed /remote/gpu01a/heneka/21cmlightcones/pure_simulations/run4418.npz with redshifts shape: [ 5.17835126  5.50012998  5.99856116  6.50022627  6.99979012  7.50024053
  7.99859385  8.50224523  9.00103675  9.4997444   9.99959379 10.50295593
 10.99942676 11.49883244 11.99835892 12.50326959 13.00272677 13.50240696
 13.99985764 14.50272913 14.99886697 15.49657472 15.99420736 16.50235321
 16.99491671 17.49515394 18.00257188 18.5020587  19.00640484 19.4992021 ]
